id,name,host_id,host_name,neighbourhood_group,neighbourhood,latitude,longitude,room_type,price,minimum_nights,number_of_reviews,last_review,reviews_per_month,calculated_host_listings_count,availability_365,number_of_reviews_ltm,license
3083,Room #2 - West Oakland,3518,Traci,,Prescott,37.81013,-122.29266,Private room,125,1,78,8/28/25,0.57,7,87,12,
5739,Mod Studio,9276,Leah And Gyorgy,,Adams Point,37.81266314,-122.2580472,Entire home/apt,95,4,333,8/18/25,1.69,1,243,6,
24916,Studio w/garden and Patio close to Rockridge,98716,Judy,,Piedmont Avenue,37.83169,-122.25175,Entire home/apt,92,4,147,9/1/25,0.79,2,194,2,
29521,Elegant Rockridge Home,124220,Kymi,,Shafter,37.83618,-122.25581,Entire home/apt,250,5,50,8/7/25,0.29,1,25,9,
30026,Temescal sunny townhome w/views every room 3 decks,98716,Judy,,Temescal,37.8345,-122.26264,Entire home/apt,167,21,4,6/12/23,0.03,2,269,0,
36702,North Oakland craftsman bungalow,119361,Vito,,Bushrod,37.84219,-122.26779,Entire home/apt,125,7,42,4/23/25,0.23,1,269,3,
46908,Beautiful Tropical Modern Bungalow,210654,Mercedes,,Upper Dimond,37.80252,-122.20828,Entire home/apt,170,30,29,3/1/25,0.35,2,94,4,
56645,Huge BnB Style Bedroom w/Frig/Microwave,268781,Pam,,Millsmont,37.7769,-122.18037,Private room,48,30,45,10/31/24,0.44,4,290,1,
85974,Modern Sunny Rockridge Cottage,471600,Ericka,,Shafter,37.84211,-122.25203,Entire home/apt,140,3,257,5/19/25,1.47,1,268,7,
136250,"Miniature House, Studio Style, SAFE Neighborhood",667229,Mark,,Merriwood,37.83699,-122.21452,Entire home/apt,,180,14,6/17/24,0.13,1,173,0,
151422,Walkable Best Area ~ Green Sanctuary w/ porch,729004,Amy,,Adams Point,37.81089,-122.25396,Entire home/apt,144,1,9,7/9/22,0.07,1,262,0,
155368,Art Filled Oakland Hills Beauty,728977,Susan,,Upper Rockridge,37.84419,-122.23405,Entire home/apt,200,3,310,8/24/24,1.79,1,169,0,
169599,Charming Garden Oasis 1bd apt.,808353,Marlene,,Millsmont,37.77847,-122.17615,Entire home/apt,95,2,191,9/15/24,1.11,1,292,0,
208186,"Private room with bath, and cat!",1024552,LaurieAnn,,Cleveland Heights,37.80732,-122.24293,Private room,66,3,312,8/21/25,1.84,2,158,5,
267025,"Contemporary Garden Studio Apt, walk to BART",1400283,Cristi,,Longfellow,37.83406,-122.26856,Entire home/apt,,2,33,11/19/23,0.24,1,0,0,
341704,Temescal - 2 Bedroom Craftsman - Great Location,1700817,Jennifer,,Temescal,37.83461,-122.25536,Entire home/apt,124,4,28,12/31/17,0.17,1,147,0,
387039,Quiet Sunny Studio. Top Floor. $1750,1936623,D Trevor,,Bushrod,37.84225,-122.26756,Private room,69,60,20,9/30/22,0.12,4,343,0,
387040,Big quiet sunny garden apt $2499/mo,1936623,D Trevor,,Bushrod,37.84214,-122.26748,Entire home/apt,99,30,8,8/31/15,0.06,4,56,0,
401929,Best of Temescal and Mins to SF,2006190,Daphne,,Temescal,37.83178,-122.26427,Entire home/apt,118,30,0,,,1,51,0,
470028,Historic Maybeck Estate and Botanical Garden,1748565,Foster,,Upper Rockridge,37.85138,-122.23584,Entire home/apt,,4,8,4/21/18,0.06,1,365,0,
503632,"Private Rockridge 2BR Flat - Artsy, Light & Comfy",1481714,Susie,,Shafter,37.83885,-122.25628,Entire home/apt,167,3,245,9/15/25,1.52,1,50,26,
504137,Sunny bedroom w/ Tuscan patio view,2486127,Serena,,Sausal Creek,37.79756,-122.22064,Private room,72,7,15,11/1/23,0.09,1,359,0,
506630,"Sunny & Fabulous 4 BR, 2.5 Bath Piedmont Home",674777,Kelly,,Piedmont,37.81822,-122.23509,Entire home/apt,570,5,5,7/29/19,0.03,1,345,0,
510260,Extra gluten and free bed bugs!,176669,Barbara,,Longfellow,37.83388,-122.27236,Private room,55,1,423,8/27/24,2.62,1,70,0,
515183,Modern Redwood Oasis in Rockridge,266136,Stephen,,Shafter,37.842,-122.25807,Entire home/apt,208,3,42,12/28/24,0.27,1,116,1,
518786,Sunny craftsman home in Rockridge,1272555,Amy,,Shafter,37.84171,-122.25377,Entire home/apt,495,3,16,7/28/25,0.19,2,267,2,
527348,Sweet sunny Oakland carriage house,627498,Monika,,Castlemont,37.7535,-122.16069,Entire home/apt,89,2,39,8/30/21,0.24,1,160,0,
541975,Charming Cozy Canyon Condo,1905683,Patricia,,Merriwood,37.85391,-122.21926,Entire home/apt,2160,365,28,2/23/16,0.18,1,359,0,
566065,Live in a Grove of Redwood Trees,2783571,Stella,,Shepherd Canyon,37.8348,-122.18895,Entire home/apt,52,21,37,8/20/25,0.25,1,267,3,
583395,Montclair Private Garden Studio,2318042,Karen,,Montclair,37.832,-122.20522,Entire home/apt,88,2,408,8/10/25,2.55,1,340,22,
620731,Grand Piedmont Avenue Gem in Oakland,3075754,Mike,,Piedmont Avenue,37.82152,-122.25335,Entire home/apt,699,4,20,5/28/25,0.21,1,173,2,
637542,Beautiful 1+BD In Laurel/Fruitvale,528378,Bashir & Heather,,Allendale,37.78851,-122.20825,Entire home/apt,300,3,4,12/29/12,0.03,1,365,0,
665674,Urban Retreat-Oakland 1 block away,1910565,Jane Alice,,Piedmont Avenue,37.82364,-122.25019,Entire home/apt,144,30,158,5/14/25,1,1,284,1,
669183,Lg Master Bdrm Ste in beautiful Piedmont,348493,Linda,,Piedmont Avenue,37.82364,-122.24942,Private room,100,30,75,9/10/22,0.47,1,178,0,
702642,Lovely 2 Plus BR Home w/Garden,3606912,Johanna Alida,,Piedmont Avenue,37.82987,-122.25396,Entire home/apt,188,3,123,7/28/25,0.79,1,33,6,
715585,Boutique Garden Apartment-Temescal,3793516,Audrey,,Mosswood,37.8271,-122.26424,Entire home/apt,124,2,512,9/4/25,3.24,4,309,18,
740018,"Sunny Room, Full Bath, Own Entrance",1357483,Andrea,,Lakeshore,37.81662,-122.23995,Entire home/apt,75,3,141,8/17/25,0.9,1,328,7,
752039,Super Clean and Modern Loft,2307505,"Isabelle, Jason & JoeHenri",,Clawson,37.82983,-122.289,Entire home/apt,97,180,8,12/10/24,0.05,1,364,1,
799533,Comfortable Guest Room: Make yourself at home!,56678,John,,Santa Fe,37.84358,-122.27254,Private room,60,1,706,9/2/25,5.75,1,236,75,
806104,Oakland CA (Rockridge) Studio,401608,Jeremy,,Rockridge,37.85141,-122.24972,Entire home/apt,161,3,224,9/19/25,1.44,1,329,24,
832407,Apartment of Merritt,4729074,Claudia,,Lakeshore,37.8179,-122.24161,Entire home/apt,105,7,132,8/11/25,0.88,1,169,5,
832622,Lovely Home near SF and Berkeley with Stunning Vi,4344400,Kimberly,,Millsmont,37.77718,-122.17872,Entire home/apt,171,3,100,6/6/25,0.67,2,302,3,
869648,Gorgeous apartment in Rockridge,3814241,Irina,,Fairview Park,37.8439,-122.25837,Entire home/apt,,2,528,9/8/25,3.46,1,8,38,
873649,Beautiful & Cozy Chef-centric Apartment,4611527,Monifa,,Cleveland Heights,37.80438,-122.23975,Entire home/apt,133,2,11,8/14/21,0.07,1,365,0,
916790,Oakland-Berkeley Light and Color,4922344,Victoria,,Bushrod,37.85094,-122.26846,Private room,69,1,178,9/7/25,1.17,1,53,19,
931520,Sunny Rm Near Temescal and Piedmont,5017482,Pamela And Richard,,Piedmont Avenue,37.83044,-122.25424,Private room,80,2,210,2/24/25,1.4,2,238,2,
972802,Sunny Bungalow Near San Francisco & Berkeley,149121,Sarah,,Upper Rockridge,37.84064,-122.22655,Entire home/apt,456,30,29,6/24/22,0.19,1,302,0,
994269,"Home in Montclair, Oakland Hills",5461211,Amy,,Piedmont Pines,37.82897,-122.18938,Entire home/apt,405,3,28,8/6/23,0.19,1,83,0,
1004408,Bright Lofty Penthouse. Free garage. Steps 2 lake!,5357560,Linda,,Adams Point,37.80936,-122.25835,Entire home/apt,100,30,5,5/5/21,0.03,1,103,0,
1164114,Wooded In-Law,6376595,Colleen Ann,,Sequoyah,37.76864,-122.13648,Entire home/apt,106,2,441,6/23/25,3.26,1,52,1,
1168405,Craftsman owner's unit in duplex,6398930,Stephanie,,Santa Fe,37.83923721,-122.2741776,Entire home/apt,91,5,58,9/10/25,0.39,1,288,5,
1189971,Beautiful Separate in-law unit in Oakland Hills,5018883,Christopher Harper,,Redwood Heights,37.79345,-122.18118,Entire home/apt,81,3,46,9/17/23,0.31,1,35,0,
1197379,"ROCKRIDGE GEM -- private, quiet",3046829,Edward,,Shafter,37.84274,-122.25274,Entire home/apt,116,3,452,9/16/25,3.03,1,317,12,
1251055,The Sunset View House,6816758,Maria,,Redwood Heights,37.79135,-122.18273,Entire home/apt,322,2,26,7/20/24,0.51,1,7,0,
1251639,North Oakland Private Stand-Alone Garden Glamping!,407399,Louise,,Golden Gate,37.84167,-122.28449,Entire home/apt,62,2,428,9/17/25,2.89,2,67,21,
1279425,"LOVELY, QUIET OAKLAND HILLS HOME",6962145,Laura,,Redwood Heights,37.78977,-122.18588,Entire home/apt,135,2,0,,,1,363,0,
1287662,♡ The MINIMALIST - Modern | Zen | Minimum Impact ♡,4624994,Albena,,Golden Gate,37.83837,-122.28464,Entire home/apt,157,3,241,8/26/25,1.63,6,358,8,
1331360,Sunny Garden Bedroom W/Private Bath,6723674,Paula,,Upper Rockridge,37.84902,-122.24184,Private room,80,14,11,11/7/23,0.07,1,363,0,
1353070,Terrace Street Guest Room,7344668,Judith D,,Piedmont Avenue,37.83123,-122.25309,Private room,55,2,174,9/1/25,1.18,1,0,9,
1370751,"Classic Craftsman home,Oakland",3996039,Wanda,,Glenview,37.8038,-122.22456,Entire home/apt,149,7,48,7/22/25,0.33,2,209,2,
1393344,Beautiful Old Oakland/DT Condo,7531856,Fatme,,Old City-Produce And Waterfront,37.80127,-122.27535,Entire home/apt,,5,10,9/15/25,0.2,1,0,2,
1456375,Podcaster Paradise,7810591,Joe,,Merriwood,37.84068,-122.21211,Entire home/apt,105,1,687,9/2/25,4.73,2,357,18,
1467440,Studio Apt. in  Sunny North Oakland,7860282,Tawnya,,Longfellow,37.83197,-122.26973,Entire home/apt,,3,209,6/2/25,1.47,1,0,6,
1484136,Backyard Garden Cottage/Oakland Foothills,7940215,Robert,,Oakmore,37.80413,-122.21065,Entire home/apt,150,10,33,5/9/25,0.23,1,359,1,
1505361,In-law in the hills with views 2BR,7056943,Christopher,,Claremont,37.85769,-122.23717,Entire home/apt,153,2,289,8/22/25,1.96,3,175,22,
1537027,"King bed, nice bathroom, parking, great area",6722695,Elliot,,Lakeshore,37.81702,-122.23675,Entire home/apt,250,30,20,10/2/15,0.14,28,365,0,
1551904,"Private Entry Cabin, spa tub, FastWiFi, workspace",3654316,Suellen,,Longfellow,37.82953,-122.27458,Entire home/apt,86,2,264,6/16/25,1.8,4,354,15,
1575021,Globally Exotic Spiced Apartment,8372244,Maria,,Grand Lake,37.81646,-122.25047,Entire home/apt,139,1,221,6/21/20,1.53,1,320,0,
1613352,"Comfy,PrvBth,SF,  Arprt,Colism-BART, coffee* safe",7121069,Lucia,,Woodland,37.75141,-122.18616,Private room,63,1,234,4/2/25,1.72,3,363,5,
1615052,"""Sky Room"" Private En Suite & Seven Item Breakfast",6136664,Daniel,,Fairview Park,37.85281,-122.25686,Private room,89,2,848,9/23/25,5.83,2,326,71,
1640040,2Stops2SF-Modern Space next2BART/Public Transport,4888344,Regina B,,Downtown,37.80495,-122.27605,Private room,69,2,465,7/31/25,3.2,1,95,21,
1646062,The GARDENER - Modern | Minimalist | Urban Oasis ♡,4624994,Albena,,Golden Gate,37.83807,-122.28293,Entire home/apt,157,3,20,10/24/20,0.14,6,173,0,
1659839,"Private cottage, fast wi-fi, best area of Oakland",6722695,Elliot,,Lakeshore,37.81618,-122.23746,Entire home/apt,145,14,55,8/25/24,0.38,28,98,0,
1714193,Quiet & Private Garden Tiny Home,427670,Hannah,,Downtown,37.80343,-122.27158,Entire home/apt,,7,7,12/20/24,0.33,1,0,2,
1805743,Meridian 341 Yacht,9463959,Edgar,,Old City-Produce And Waterfront,37.79368,-122.27633,Entire home/apt,267,2,20,10/10/22,0.14,1,359,0,
1836896,Sunny bedroom in a great location,3957198,Laila,,Piedmont Avenue,37.82427,-122.25347,Private room,67,3,26,11/9/19,0.18,1,267,0,
1855069,Charming House! (Berk./Oak. Border),9682837,Erika,,Bushrod,37.85001,-122.26743,Private room,57,3,216,8/16/25,1.5,1,71,10,
1876416,Temescal Retreat.  5 minute walk to BART,7382853,Marie,,Mosswood,37.82711171,-122.2627687,Private room,72,2,390,9/21/25,4.65,1,55,65,
1883727,Redwood retreat near the city,9132260,Diana,,Piedmont Pines,37.83207,-122.18558,Entire home/apt,67,3,133,1/23/17,0.96,1,147,0,
1919711,Redone Craftsman in Temescal,9667769,Jacob John,,Longfellow,37.83624,-122.27216,Entire home/apt,275,3,114,9/9/25,0.79,1,195,12,
1936724,Bed/bath in the Glenview,3136436,Alicia,,Glenview,37.80668,-122.2162,Entire home/apt,65,2,327,9/9/25,2.43,2,317,39,
1995676,Private Getaway in the Oakland Hills,10285559,Linda,,Piedmont Pines,37.8175,-122.19134,Entire home/apt,145,10,122,6/14/25,0.85,1,338,2,
2042725,"Private Elegance, Rockridge Oakland",5449234,Linda,,Fairview Park,37.84916,-122.25684,Entire home/apt,98,5,78,8/6/25,0.55,1,336,1,
2074999,Luxury Rockridge Casita in Our Sunny Garden,201447,Diana,,Shafter,37.83966,-122.25546,Entire home/apt,195,2,548,9/6/25,3.85,1,206,49,
2083904,Fairytale Home in Lower Oakmore,5804996,Emmanuel,,Oakmore,37.80807,-122.21471,Entire home/apt,162,2,18,7/25/24,0.15,1,267,0,
2102463,Beautiful Montclair retreat--3br,115624,Caren,,Merriwood,37.8415,-122.20878,Entire home/apt,176,45,20,12/12/21,0.14,1,1,0,
2217748,"Quiet, woodsy Oakland Hills home",11314584,Maria Fernanda,,Forestland,37.84021,-122.19898,Entire home/apt,266,5,1,8/13/14,0.01,1,359,0,
2261596,Town house available Oakland Hills,11548661,Lisa,,Caballo Hills,37.77995,-122.16511,Private room,65,7,9,7/20/24,0.07,1,365,0,
2305148,"Sunny house w/WFH space, dishwasher, tub, yards",2825083,Hadar,,Golden Gate,37.83851,-122.28357,Entire home/apt,110,5,4,9/13/25,0.11,1,264,3,
2396712,Lovely Spanish Revival Pvt Rm nr Highland Hosp,12244168,Karin,,Oakmore,37.81003,-122.21205,Private room,61,24,74,12/3/22,0.53,2,359,0,
2448203,Comfy shared space w/ lots of extras (room 1 of 2),12520821,Ruth,,Glenview,37.804893,-122.224312,Private room,,1,197,6/30/24,1.43,2,0,0,
2501305,Glenview Fully Equipped Private Apartment,5940634,Lucia Jane,,Glenview,37.811,-122.21906,Entire home/apt,100,2,526,9/21/25,3.75,1,303,54,
2543610,"Beautiful, 1930's Spanish Revival",505061,Amy,,Upper Rockridge,37.84535,-122.24218,Entire home/apt,,4,9,6/22/24,0.07,1,0,0,
2600487,Beautiful sunny craftsman + English garden,3975987,Amanda,,Upper Dimond,37.80296,-122.20793,Entire home/apt,,7,26,5/15/23,0.19,2,2,0,
2702280,Sun-drenched art-filled garden cottage in Dimond,3975987,Amanda,,Upper Dimond,37.80233,-122.21015,Entire home/apt,144,2,303,8/15/25,2.2,2,358,18,
2795108,Lovely homemade Garden Cabin + Hot Tub near Bart.,3654316,Suellen,,Longfellow,37.83,-122.27602,Entire home/apt,79,2,267,7/28/25,1.92,4,319,14,
2919297,OAKLAND/PIEDMONT BORDER,12765908,Joan,,Grand Lake,37.82143,-122.25085,Private room,90,1,345,9/11/25,2.49,1,357,38,
3022039,Handsome Home and Gardens near Lake Merritt,15400306,Lisa,,Lakeshore,37.81461,-122.23442,Entire home/apt,475,3,9,10/7/24,0.07,1,266,1,
3084744,"Modern 2BR in Rockridge / Berkeley, Walkable",2771055,Lauren,,Fairview Park,37.8488,-122.25746,Entire home/apt,204,1,293,8/31/25,2.15,1,253,22,
3183394,Charming studio in FAB location!,3838431,Lori,,Upper Rockridge,37.84637,-122.24409,Entire home/apt,85,5,96,9/22/25,0.7,1,9,6,
3185811,Sanctuary for the Traveler - Private Space,5250635,Allison,,Frick,37.77329,-122.19074,Private room,30,2,241,7/31/24,1.77,1,171,0,
3193431,Modern Urban Retreat,16186255,Kay Marie & Gerald,,Trestle Glen,37.81194,-122.23972,Entire home/apt,140,5,332,7/26/25,2.43,1,49,16,
3272426,Great Location-Large Sunny Indoor/Outdoor Living,16219097,Eric,,Fairview Park,37.85026,-122.25982,Entire home/apt,257,6,4,5/24/21,0.03,1,128,0,
3279918,Room in Designer Loft - Weekly,3994305,Sudha,,South Kennedy Tract,37.77204,-122.2309,Private room,,2,8,11/8/19,0.07,1,267,0,
3282231,Rockridge Delight,16588264,Suzanne,,Rockridge,37.8458,-122.24781,Private room,73,4,180,9/9/25,1.31,1,88,9,
3310586,Beautiful Garden Bungalow,5447907,Victoria,,Golden Gate,37.84186,-122.28608,Entire home/apt,86,1,649,9/8/25,4.73,1,319,69,
3324431,Casa Asiana plus..two rooms! Tony Lakeshore-Grand.,4957378,Jeffrey,,Crocker Highland,37.81348,-122.23332,Private room,99,2,39,1/2/25,0.29,1,363,1,
3421704,Experience Cozy Lake Merritt 1/1 Cottage w/parking,15637520,Jane,,Cleveland Heights,37.80424,-122.24939,Entire home/apt,105,2,441,8/19/25,3.23,2,244,32,
3434263,Rustic Grotto near Mills College,11841134,Kristin,,Fairfax,37.77805,-122.20272,Entire home/apt,90,14,77,9/5/25,0.57,1,22,8,
3459116,"Convenience, Comfort & Character",3691843,Jean,,Longfellow,37.83433,-122.26945,Entire home/apt,,2,105,8/26/24,0.81,2,0,0,
3522123,"Temescal Oasis w/Steam Shower, Deck, and Fire pit",3793516,Audrey,,Mosswood,37.82721,-122.26408,Entire home/apt,,5,19,8/26/25,0.18,4,0,2,
3541007,Spacious Private Studio with Garden View,2350160,Lisa,,Oakmore,37.80832,-122.21115,Entire home/apt,83,2,436,9/14/25,3.22,1,300,29,
3774808,Rockridge Cottage: Rustic Elegance,19353583,Jim,,Upper Rockridge,37.84095,-122.24822,Entire home/apt,139,3,273,3/1/20,2.02,1,147,0,
3878298,Lovely sunny spacious home in coveted neighborhood,20005688,Jean,,Crocker Highland,37.80958,-122.22783,Entire home/apt,191,2,61,5/21/25,0.53,1,134,4,
3905479,Charming 1-Bedroom,20226376,Élan,,Longfellow,37.83124,-122.27554,Private room,84,2,22,10/22/19,0.16,1,179,0,
4093615,Sunny Loft in Gorgeous Cottage,7727534,Tim,,Prescott,37.80611,-122.29632,Entire home/apt,104,2,52,5/31/22,0.39,2,94,0,
4121908,"Bright Garden Casita, In-law Studio",21379463,Vicki,,Bushrod,37.84292,-122.26199,Entire home/apt,81,28,82,8/13/25,0.62,1,145,2,
4161836,Room #3 - West Oakland,3518,Traci,,Prescott,37.81008,-122.29302,Private room,113,1,43,8/2/25,0.32,7,97,11,
4161909,Room #4 - West Oakland,3518,Traci,,Prescott,37.80826,-122.2943,Private room,113,1,41,8/24/25,0.31,7,97,6,
4296739,"4 Bdrm Home— Island Charm, Wellness Area, Tiki Hut",22306175,Dana,,Rockridge,37.84362,-122.24871,Entire home/apt,585,3,8,5/12/24,0.06,1,202,0,
4304366,California Room - West Oakland,3518,Traci,,Prescott,37.80853,-122.29327,Private room,59,1,30,8/23/25,0.34,7,353,9,
4365392,Queen sized bed in our guest room,22659489,Elizabeth,,Redwood Heights,37.78849,-122.18056,Private room,113,1,3,11/19/18,0.03,2,365,0,
4366259,Treehouse Condo with VIEWS!,4325978,Ryan,,Piedmont Avenue,37.82488203,-122.2520471,Entire home/apt,220,180,0,,,1,358,0,
4377491,Peace and Beauty,13362133,Pamela,,Cleveland Heights,37.80554,-122.24938,Private room,,4,75,6/29/25,0.57,1,171,9,
4378325,Beautiful Victorian Home - 1 Bedroom Apartment,8620906,Joseph Gabriel,,Pill Hill,37.81957,-122.26868,Entire home/apt,84,2,519,9/8/25,3.93,1,219,36,
4407529,"Montclair Retreat-quiet, private, in unit laundry",801232,Dennis James,,Shepherd Canyon,37.83609,-122.18959,Entire home/apt,107,2,283,9/19/25,2.13,1,298,6,
4440015,Finca 57—a Stylish Eco-Friendly Barn Home,23045861,Nate,,Santa Fe,37.84137,-122.27271,Entire home/apt,117,2,353,8/18/25,2.67,1,63,28,
4454201,The Prancing Pony in Adams Point,21376371,Elizabeth,,Oakland Ave-Harrison St,37.81521,-122.26002,Private room,63,1,302,8/25/25,2.28,1,353,10,
4643567,Adventurous Loft Living,6971940,Lindsay,,Hawthorne,37.78285008,-122.2371685,Entire home/apt,196,1,0,,,1,364,0,
4654899,Cozy Temescal bungalow,9586380,Adam,,Temescal,37.8345,-122.26536,Entire home/apt,,2,91,8/4/25,0.74,1,0,1,
4747897,Spacious Garden Home w/ Office and Fitness Room,15048320,India,,Harrington,37.78371,-122.21653,Entire home/apt,90,7,14,8/15/25,0.32,1,152,5,
4800618,Private downstairs 1 BDR apt - all amenities,18932431,Anne,,Redwood Heights,37.79793,-122.19292,Entire home/apt,78,2,11,12/22/18,0.09,2,266,0,
4816875,Room and Private Bathoom near MacArthur BART,5294772,Taica,,Longfellow,37.83155,-122.26772,Private room,,5,116,7/10/22,0.89,1,0,0,
4878417,Spacious room in Oakland craftsman,25096383,Kent,,Cleveland Heights,37.80389,-122.24044,Private room,55,3,38,6/1/22,0.29,1,265,0,
4889056,"2 BR, 2 bath, huge + palms & art",6722695,Elliot,,Lakeshore,37.81721,-122.23714,Entire home/apt,365,30,22,10/31/22,0.17,28,365,0,
4889265,"4 bedroom, 3 bathroom, huge, with palms and art",6722695,Elliot,,Lakeshore,37.8151,-122.23773,Entire home/apt,780,7,46,9/10/24,0.36,28,329,0,
4944221,Luxury home with breathtaking views,7056943,Christopher,,Claremont,37.85837,-122.23769,Entire home/apt,133,2,328,5/28/25,2.53,3,169,13,
5059767,Dragonfly Room in tranquil massage practice,8923376,Eugenia Bowman,,Paradise Park,37.84545712,-122.2834288,Private room,50,30,121,8/5/24,0.96,2,162,0,
5078831,"Urban Uptown, 1-6 guests; one parking",2871239,Trung Quang,,Oakland Ave-Harrison St,37.81366,-122.26188,Entire home/apt,158,2,572,10/20/24,4.4,1,112,3,
5105951,Your Retreat private entrance/ bath,4757774,Leah,,Upper Rockridge,37.83769,-122.22361,Entire home/apt,,30,40,4/26/24,0.31,1,0,0,
5116060,ROCKRIDGE Creekside Carriage House,1455956,Susan,,Rockridge,37.8472,-122.24796,Entire home/apt,148,2,236,9/4/25,1.82,1,275,25,
5138292,"Chic, Modern 1bd Apt DT Oakland near Everything!",6789963,Acacia,,Maxwell Park,37.7808,-122.19338,Entire home/apt,104,3,3,3/11/23,0.03,1,173,0,
5174208,Lakeshore Cottage,9586503,Charles Forshay,,Crocker Highland,37.81566,-122.23039,Entire home/apt,92,2,574,9/7/25,4.71,1,200,53,
5182887,Stunning view of San Francisco Bay - 1,26807158,Sara,,Forestland,37.84227,-122.20006,Private room,71,20,39,12/21/21,0.31,2,365,0,
5229511,Trixie's Studio Garden Cottage,27062164,Kristina Ann,,Cleveland Heights,37.80683,-122.24461,Entire home/apt,114,3,227,9/20/25,2.75,1,136,34,
5289145,Great Location by Piedmont and Glen Ave,27389580,Maurice,,Piedmont Avenue,37.82535,-122.25192,Entire home/apt,112,2,289,9/21/25,2.24,1,297,50,
5547798,4 Bd 2 Bath Vintage Cottage and Healing Studio,8923376,Eugenia Bowman,,Paradise Park,37.84562,-122.28356,Entire home/apt,300,30,26,5/15/24,0.2,2,221,0,
5589443,MidCentury Modern above UC Berkeley,22309650,Paul-Andre,,Panoramic Hill,37.86631,-122.24343,Entire home/apt,,4,13,7/14/24,0.1,1,0,0,
5672766,#2 Small BR 1 person part of BR #1 rental only,21284469,Susan,,Glenview,37.81012,-122.22,Private room,99,3,11,8/15/16,0.09,2,365,0,
5698377,Claremont Canyon Studio Apt - Views,29546580,Kathy,,Panoramic Hill,37.86327,-122.23621,Entire home/apt,90,3,137,9/15/25,1.07,2,168,29,
5718849,Convenient & Peaceful Designer Studio,1873530,Alvin,,Bushrod,37.85052,-122.26743,Entire home/apt,87,1,121,9/23/25,0.96,2,12,79,
5738306,PEACEFUL HOME FOR SUBLET,20041951,Jenny,,Allendale,37.78548,-122.19971,Entire home/apt,143,7,0,,,2,83,0,
5755228,The Lake Place,223244,Abraham,,Lake Merritt,37.80318,-122.26141,Entire home/apt,226,15,1,4/1/15,0.01,1,358,0,
5823349,Panoramic Bay Views Sanctuary,6887520,Danielle,,Sheffield Village,37.73528,-122.13218,Entire home/apt,332,1,248,8/31/25,1.96,2,252,10,
5893823,Renovated 2BR + Patio | 7 Min to SF | The Hideout,2268563,Robin,,South Prescott,37.80411,-122.29741,Entire home/apt,151,2,70,9/8/25,0.65,1,33,2,
5898465,Garden View - West Oakland,3518,Traci,,Prescott,37.80866,-122.2947,Private room,59,1,21,4/22/25,0.17,7,266,2,
5925787,Cute studio in Upper Rockridge,30769523,Patricia,,Upper Rockridge,37.84648,-122.23224,Entire home/apt,80,30,341,9/18/25,2.68,1,312,5,
6000201,Sunny Small Private Rm near Highland Hosp.,12244168,Karin,,Piedmont,37.81376,-122.21412,Private room,62,25,96,5/16/22,0.77,2,327,0,
6033444,Comfortable 4 BD in fun Grand Lake neighborhood,13722049,Joel,,Trestle Glen,37.81428,-122.23648,Entire home/apt,,3,9,9/22/19,0.08,1,0,0,
6038163,Large Room for Budget Travelers Who Like Pets,2533275,Shella,,Paradise Park,37.84338,-122.27932,Private room,45,4,9,6/5/24,0.25,1,317,0,
6054966,Modern 2bed/2bath  high ceiling Condo near SF,31423508,Khadija,,Old City-Produce And Waterfront,37.8032,-122.2794,Entire home/apt,140,3,23,12/30/24,0.18,1,172,3,
6102300,Stunning 1BD Remodel with View,9444102,Lindsay,,Upper Rockridge,37.83763,-122.22571,Private room,107,2,31,8/16/25,0.25,1,365,1,
6277600,"Private Suite with Private Entrance, Bath, Fridge",32630893,Jen,,Bushrod,37.84286,-122.26652,Entire home/apt,72,3,151,8/26/25,1.22,1,203,12,
6389678,Nature Oasis on Redwood Regional Park,101922,Robin,,Piedmont Pines,37.82338,-122.18758,Private room,57,6,1,5/15/16,0.01,1,363,0,
6424287,Cozy Summer House (nestled in our garden),33519513,Lauren Anne,,Bella Vista,37.80118,-122.23481,Private room,36,14,200,3/16/25,1.6,1,118,3,
6435807,Cottage with Views & Hot Tub,25043598,Lukas,,Eastmont Hills,37.76885,-122.16345,Entire home/apt,150,1,193,9/14/25,1.53,2,337,33,
6448522,"Sunny, open-plan 2br/2ba apt next to BART",10941039,Neeharika,,Downtown,37.80862,-122.27022,Entire home/apt,144,27,11,9/21/25,0.32,1,364,7,
6503181,Beautiful bungalow in the heart of Rockridge,8727955,Elizabeth,,Shafter,37.84052,-122.25557,Entire home/apt,200,13,32,9/20/25,0.26,1,17,4,
6555341,Lower Rockridge 2BR Garden Apt,3114500,Suzanne,,Fairview Park,37.84437,-122.25915,Entire home/apt,,48,50,4/6/24,0.4,1,75,0,
6672004,Temescal deluxe garden home,16489823,Steven,,Longfellow,37.83533,-122.27249,Entire home/apt,128,5,42,8/9/23,0.34,1,75,0,
6723725,Spacious Home in Oakmore Neighborhood,32537542,Tamar,,Oakmore,37.80865,-122.21119,Entire home/apt,305,6,6,3/31/25,0.25,1,350,1,
6766189,Cozy Home in Temescal (Near BART),2265560,Danielle,,Shafter,37.83714,-122.26087,Entire home/apt,135,3,7,12/28/19,0.06,1,30,0,
6766479,Downtown Cottage Walk to BART,35424833,Brittney,,San Pablo Gateway,37.80741,-122.276,Entire home/apt,69,10,157,8/15/25,1.25,5,115,9,
6951658,"Magnificent views, Oakland/ Montclair hills",27553233,Jill,,Merriwood,37.848,-122.21582,Entire home/apt,104,4,131,12/28/24,1.05,1,154,5,
6973983,"3 BR, 2 bath, Spacious & beautiful",6722695,Elliot,,Lakeshore,37.8152,-122.23772,Entire home/apt,750,7,25,5/18/24,0.2,28,329,0,
7008938,Simple Spacious Home,36742787,Evan,,Paradise Park,37.84799,-122.28375,Entire home/apt,,2,147,8/11/25,1.18,1,181,7,
7054295,Beautiful Oakland Loft,8236007,Joerg,,Clawson,37.82129,-122.28761,Entire home/apt,,60,3,3/31/23,0.03,1,0,0,
7096829,Private Cabin by Lake Merritt,1269476,Amy,,Lake Merritt,37.80855,-122.25206,Entire home/apt,115,2,681,9/18/25,5.47,2,312,48,
7134681,Roomy Studio with Private Entrance on Leafy Street,37370984,Anthony,,Oakmore,37.80617523,-122.2111053,Entire home/apt,,3,236,8/29/25,1.92,1,2,24,
7228403,Bay View Room in Art House,37846935,Cathy,,Upper Rockridge,37.84312,-122.24457,Private room,68,3,26,1/13/21,0.21,2,91,0,
7290465,Beautiful bedroom in the hills.,38180296,Shantanu,,Shepherd Canyon,37.83023,-122.19402,Private room,110,1,38,9/26/22,0.31,2,365,0,
7291498,Craftsman Style 3 Bdr North Oakland,5017482,Pamela And Richard,,Piedmont Avenue,37.83014,-122.25271,Entire home/apt,,7,4,4/26/22,0.05,2,0,0,
7306392,Comfortable Family-Friendly Home,13678541,Christine,,Crocker Highland,37.8133,-122.22669,Entire home/apt,277,3,31,10/11/21,0.25,2,96,0,
7308622,Young's Homes 3bd/1 bt SRO room,38287855,Ianya,,Longfellow,37.83235,-122.27631,Private room,36,7,5,7/30/23,0.04,4,365,0,
7321614,Family home w/ great outdoor space,17577955,Susan,,Grand Lake,37.81849,-122.24709,Entire home/apt,575,5,11,11/30/19,0.1,1,337,0,
7332795,Beautiful Studio by Lake Merritt,1183794,Eric,,Adams Point,37.80913,-122.25061,Entire home/apt,94,8,86,6/22/25,0.7,1,75,2,
7397337,Gorgeous lakefront penthouse apartment!,445517,Morgan,,Merritt,37.79871,-122.25668,Entire home/apt,200,20,55,1/25/25,0.44,1,365,1,
7472859,Beautiful bedroom in the hills.,38180296,Shantanu,,Piedmont Pines,37.82863,-122.19435,Private room,110,1,15,8/17/22,0.12,2,179,0,
7548138,Young's Homes Single Men,38287855,Ianya,,Reservoir Hill-Meadow Brook,37.79329,-122.22631,Private room,44,7,1,9/7/21,0.02,4,365,0,
7564163,Young's Homes SRO,38287855,Ianya,,Longfellow,37.83413,-122.27619,Private room,50,7,9,10/26/22,0.09,4,365,0,
7579214,Bright Modern Secluded Oakland Hills Retreat,13784120,Melissa,,Piedmont Pines,37.82719,-122.19992,Entire home/apt,149,2,283,8/28/25,2.32,1,335,14,
7594969,Stunning view of San Francisco -bedroom-2,26807158,Sara,,Forestland,37.84229,-122.20095,Private room,68,20,13,7/11/24,0.11,2,89,0,
7694125,2112 Mini Paradise,31759539,La Tonya,,Fremont,37.77577,-122.20528,Entire home/apt,,2,63,7/19/24,0.51,1,365,0,
7750138,A Midcentury's Night Dream- Oakland,40743109,Heidi,,Cleveland Heights,37.80446,-122.25012,Entire home/apt,124,4,268,9/1/25,2.19,1,137,19,
7750960,Suite with Private Entrance near Oakland's Foodie District,4767502,Catherine,,Longfellow,37.83339,-122.27217,Private room,99,2,453,7/21/25,3.69,2,360,4,
7804212,Beautiful Temescal Home on Quiet Street,7411512,Ely,,Temescal,37.82924652,-122.2621918,Entire home/apt,,15,16,2/27/23,0.13,1,0,0,
8037244,"Oakland, walk to Lake Merritt",25182396,Michele,,Crocker Highland,37.81147,-122.23108,Entire home/apt,54,15,63,9/30/20,0.51,3,267,0,
8052919,Private room and bath upstairs in private home.,42528413,Diane,,Sheffield Village,37.73586,-122.13513,Private room,104,2,250,8/2/25,2.04,1,365,5,
8149088,Classic Oakland Home with backyard Sauna,3973693,Faith,,Bushrod,37.8482399,-122.2641296,Private room,45,5,46,9/5/25,0.38,5,284,5,
8149518,Classic Oakland home built in 1906,3973693,Faith,,Bushrod,37.84861,-122.26275,Private room,43,3,57,8/31/25,0.47,5,198,18,
8149763,Classic Oakland home near Berkeley,3973693,Faith,,Bushrod,37.84714,-122.2633,Private room,45,3,39,7/21/25,0.32,5,278,8,
8195381,Rockridge Garden Cottage,74015,Nanci,,Shafter,37.83723,-122.25442,Entire home/apt,107,2,343,9/9/25,2.81,1,309,42,
8429292,Peaceful 2 bd Sanctuary by Lake Merritt w Parking!,2662805,Belinda,,Cleveland Heights,37.80421,-122.24931,Entire home/apt,131,3,110,8/15/25,0.9,1,175,11,
8442993,"Spacious, Sunny Loft Near BART",32704417,Diana,,Bushrod,37.85178,-122.26383,Private room,73,30,40,8/10/19,0.34,1,178,0,
8489298,Newly Renovated 4BR/2BA Craftsman Gem in Rockridge,2439271,Takashi,,Shafter,37.84134,-122.257,Entire home/apt,,7,11,8/3/25,0.11,1,0,2,
8543001,Private Garden Studio,2698197,Donald,,Prescott,37.81171,-122.30126,Entire home/apt,117,7,220,5/21/24,1.89,1,235,0,
8555578,"Beautiful space, tech, dual screens with audio.",44516171,Paul,,Produce And Waterfront,37.79598,-122.26895,Entire home/apt,632,1,16,5/12/22,0.14,1,365,0,
8598577,Victorian Retreat mins from SF!,45250190,Claudia Pena,,Prescott,37.80748,-122.29804,Entire home/apt,235,1,149,9/8/25,3.25,1,321,26,
8686422,Experience a tranquil stay in the Oakland Hills.,45610488,Milt,,Chabot Park,37.7467537,-122.1377753,Private room,68,2,23,9/21/25,2.82,2,164,23,
8722857,Spacious Remodel near Bart/Cal,23460384,Elizabeth,,Rockridge,37.85091,-122.24266,Entire home/apt,134,2,194,8/30/25,1.63,1,5,23,
8830405,Large Private Studio: w/Room/Bath/Entrance/Parking,46249851,Stacie,,Montclair,37.83276,-122.21345,Private room,73,60,34,7/23/23,0.28,1,270,0,
8848381,Charming home in East Oakland Hills,44960207,Fabiola,,Eastmont Hills,37.7683,-122.15627,Private room,75,4,6,8/16/22,0.07,1,365,0,
8943252,Temescal Retreat - Live Like a Local!,3514,Jennifer,,Shafter,37.83954,-122.26047,Entire home/apt,77,4,163,5/22/25,1.35,7,189,1,
8957580,Glenview Park Blvd Historic Tudor!,17380416,Sheryl,,Glenview,37.81231,-122.21598,Entire home/apt,135,1,44,8/17/25,0.36,1,323,5,
9011449,"Bright, spacious  Rockridge studio with views",31148546,En Cynthia Lynette,,Rockridge,37.85096,-122.24678,Entire home/apt,126,2,220,9/17/25,1.84,1,282,34,
9014823,Beautiful Upper Rockridge Mediterranean Villa,47072207,Fouad,,Upper Rockridge,37.84918,-122.23884,Entire home/apt,389,3,41,5/22/25,0.34,2,179,1,
9077674,Welcome Home! Relax or dine in the yard,5986321,Joan,,Oakland Ave-Harrison St,37.81726,-122.25781,Private room,66,1,325,8/3/25,2.7,1,37,2,
9098317,Eco-Cottage Sanctuary in Garden Oasis,10553493,Chantelise,,Redwood Heights,37.79458,-122.19021,Entire home/apt,115,2,248,8/31/25,2.12,2,235,24,
9112647,Modern Private Studio - Heart of Rockridge,1308708,Jon & Carly,,Rockridge,37.84379,-122.24779,Entire home/apt,,3,82,1/20/18,0.68,1,0,0,
9256322,Casa Bella 2 Bed Apt F in Temescal,48087904,Ann,,Temescal,37.83627,-122.26328,Entire home/apt,86,10,26,8/11/22,0.22,3,179,0,
9257035,Casa Bella 2 Bed Apt A in Temesacal,48087904,Ann,,Temescal,37.83684,-122.26336,Entire home/apt,95,7,30,5/18/24,0.26,3,179,0,
9365509,"Cozy, Private & Walkable Indoor/Outdoor Suite",48595555,Lara & Ike,,Montclair,37.83294,-122.21183,Entire home/apt,,7,79,3/31/24,0.67,1,0,0,
9413679,Walk to University Efficiency Apt.,115130,Nhu,,Panoramic Hill,37.86712,-122.24236,Entire home/apt,125,14,77,2/22/20,0.65,1,364,0,
9490179,Guest house in beautiful Tudor,2074170,Bobby,,Trestle Glen,37.80866,-122.23181,Entire home/apt,226,2,103,5/26/25,0.87,1,176,3,
9699654,Private Home in Redwood Heights,46782141,Mary,,Oakmore,37.80364,-122.21509,Private room,150,4,0,,,1,88,0,
9811657,"Spacious, Sunny, Close to BART",10509127,Saffron,,Longfellow,37.828156,-122.268616,Private room,59,7,48,8/24/25,0.42,1,247,4,
9844606,Over-Sized Suite in Oakland Hills Oasis,815415,Joy,,Eastmont Hills,37.7676,-122.16068,Entire home/apt,89,2,0,,,1,83,0,
9867919,Modern Guesthouse Retreat |AC| Walk2BART |Near Cal,99685402,Shailey,,Paradise Park,37.84977,-122.28505,Entire home/apt,125,2,27,9/18/25,3.62,7,339,27,
9960829,Cozy Sunlit Room-Adams Point-Lake Merritt-Oakland,2416169,Gloria,,Adams Point,37.810615,-122.257456,Private room,51,1,349,9/6/25,2.97,2,326,48,
10023120,Private One BR Apt & Yard - 7 Min to San Francisco,51466242,Courtney,,Prescott,37.81119,-122.29826,Entire home/apt,128,2,244,6/1/25,2.07,2,327,5,
10036928,Charming Rockridge Home,2824987,Jason,,Shafter,37.83708,-122.25983,Entire home/apt,,4,13,8/4/25,0.16,1,0,3,
10161217,Studio Guesthouse with private bathroom & W/D,46284870,Bobbie,,Reservoir Hill-Meadow Brook,37.79306,-122.22304,Entire home/apt,71,1,4,8/23/24,0.27,1,171,0,
10281512,Spacious Montclair Retreat Near Trails & Village,52879149,Patrick,,Shepherd Canyon,37.82364,-122.20826,Entire home/apt,,5,23,10/2/23,0.2,1,0,0,
10449283,Tiny House in Gorgeous Garden  - clean & cute!,407399,Louise,,Golden Gate,37.84199,-122.28527,Entire home/apt,85,4,39,5/16/25,0.33,2,8,6,
10456016,Park-like home in the Oakland hills,8233448,Charles John,,Oakmore,37.81481,-122.21108,Private room,60,2,237,6/7/25,2.04,1,5,3,
10581839,Spacious Sunlit Room-Adams Pt-Lake Merritt-Oakland,2416169,Gloria,,Adams Point,37.81062,-122.25746,Private room,64,1,180,8/25/25,1.53,2,294,21,
10730214,"Sunny, boho-chic home near the Lake-Business Ready",1005373,Suzanne,,Grand Lake,37.8181,-122.24909,Entire home/apt,248,4,170,8/31/25,1.54,1,225,14,
10813408,"Private Cozy Cottage in Oakland, CA",54286192,Colette,,Maxwell Park,37.77922,-122.19257,Entire home/apt,74,2,76,9/21/25,0.65,1,339,2,
10877861,My apartment Is Clean and Charming.,40031666,Saladdin,,Ralph Bunche,37.81205,-122.28151,Private room,150,1,1,6/16/19,0.01,1,179,0,
10890514,"Perfect location for FOX, BART, SF!",8124065,William,,Downtown,37.80515,-122.26809,Entire home/apt,250,2,35,3/5/17,0.3,2,365,0,
10902785,Montclair Private Room + Bathroom,7256372,Daria,,Merriwood,37.83865,-122.19981,Private room,69,7,41,5/26/25,0.35,3,232,4,
10905541,Modern & Luxurious Montclair Retreat,7256372,Daria,,Merriwood,37.839,-122.19981,Entire home/apt,499,7,7,7/3/24,0.06,3,232,0,
10926858,Serene and comfortable 1 bedroom apt,55588089,Joelle,,Oakmore,37.81074,-122.20533,Entire home/apt,102,2,447,9/23/25,3.82,3,223,59,
10927992,Standalone Studio/Office Cottage,1541669,Kimberly,,Cleveland Heights,37.80268,-122.24967,Entire home/apt,79,14,30,8/14/25,0.26,2,264,1,
10942018,Private Bedroom in West Oakland,56735327,Ryan,,Prescott,37.8105,-122.29907,Private room,51,3,269,9/1/25,2.35,1,48,11,
10988195,"Private & bright inlaw/ easy access to Oakland, SF",6327999,Angelique,,Millsmont,37.77654,-122.17213,Entire home/apt,68,14,377,10/11/22,3.25,3,140,0,
11017799,Cozy Craftsman Studio Guest House,57172510,Zighereda,,Eastmont Hills,37.766,-122.16234,Entire home/apt,150,14,65,2/26/23,0.59,1,363,0,
11084991,Clean Non-smoking Room / BART Accessible,57547968,Heather,,Coliseum,37.75862,-122.19431,Private room,,2,44,2/29/24,0.38,1,0,0,
11092632,"Huge, epic, historic mansion. Easily sleeps 40+.",6722695,Elliot,,Highland Terrace,37.79419,-122.23994,Entire home/apt,2800,10,119,1/18/21,1.02,28,365,0,
11260641,Charming Glenview Bungalow in-law,196681,Alison,,Glenview,37.81033,-122.21974,Entire home/apt,112,5,13,5/11/24,0.46,1,355,0,
11289210,"Spacious Family House w/ VIEWS, Foosball, Balcony",3275273,Ben And Ashley,,Upper Laurel,37.79556796,-122.1925592,Entire home/apt,325,2,109,9/8/25,3.18,2,59,37,
11439306,Cozy Comfort in North Oakland,15393688,Sara,,Bushrod,37.84544,-122.26629,Entire home/apt,,1,348,8/10/25,3.06,2,0,11,
11514443,Garden cottage,3996039,Wanda,,Glenview,37.80214,-122.22484,Entire home/apt,105,7,15,10/29/23,0.13,2,82,0,
11621289,Master Bedroom in sunny 2-Bdrm gem n Lake Merritt,16377237,Jennifer,,Merritt,37.79755,-122.25342,Private room,,140,5,5/31/18,0.04,1,204,0,
11777915,Spacious & Sunny Apt w/ a Garden and Work Station,25828323,Shimrit,,Adams Point,37.81381,-122.25729,Entire home/apt,115,2,362,9/6/25,3.18,4,65,16,
11844122,Clean Quiet Comfy Room Verification,63113094,Niphaphorn,,Redwood Heights,37.79666,-122.19207,Private room,68,7,129,7/1/25,1.12,3,284,1,
11886281,Casa Bella 3 Bed Apt B in Temescal,48087904,Ann,,Temescal,37.83638,-122.26503,Entire home/apt,106,7,22,9/1/22,0.19,3,179,0,
12094278,Magical Modern Cottage with Garden,2645712,Colin,,Fairview Park,37.84372,-122.25968,Entire home/apt,127,2,449,9/1/25,3.91,2,342,33,
12114550,Sunny Garden Studio,64980979,Rovel Stephen,,Oakland Ave-Harrison St,37.81541,-122.26036,Entire home/apt,96,3,332,7/5/25,2.89,1,264,1,
12174031,The Wabi-Sabi Cabin in North Oakland,48547,Nikole,,Longfellow,37.83318,-122.27427,Entire home/apt,100,2,55,6/27/25,0.48,1,45,7,
12272158,Oakland Rockridge/Hardy street/frog park,10934346,David,,Shafter,37.84164,-122.25771,Private room,45,28,46,9/13/19,0.41,1,363,0,
12311300,Quiet Casita – your Dreamforce Landing pad!,26139697,LauraLe,,Mountain View Cemetery,37.83163,-122.24316,Entire home/apt,198,3,28,12/28/19,0.24,2,31,0,
12322026,Family Home with Magical Yard in the Hills,27415733,Kevin,,Woodminster,37.80788,-122.19307,Entire home/apt,,5,62,8/3/25,0.56,1,0,2,
12366869,Sunny and private stand alone room,66812151,Zita,,Paradise Park,37.84642,-122.27828,Private room,60,1,442,9/10/25,3.87,1,2,53,
12409730,"Back on Airbnb! Clean, with Private bath/entrance.",36154135,Kim,,Millsmont,37.77691,-122.17032,Private room,72,2,337,9/21/25,2.99,1,87,17,
12432084,"Million $ View Master Suite, larger than 800sf!",36478622,Danna,,Upper Rockridge,37.83732,-122.22338,Private room,209,1,114,8/5/22,1.04,3,365,0,
12571177,OverEasy - A Cozy Centrally-Located Apartment,26003447,Paget,,Paradise Park,37.84665,-122.28202,Entire home/apt,,1,292,9/20/24,2.56,1,0,0,
12625205,Bright Mid-Century studio near Lake Merritt,23335101,Alisa,,Cleveland Heights,37.80540699,-122.2468008,Entire home/apt,,3,294,9/1/25,3.39,1,0,4,
12686186,Wonderful Modern Home with Garden: 8th night free!,4767502,Catherine,,Longfellow,37.83147,-122.27017,Entire home/apt,,5,6,7/2/24,0.06,2,0,0,
12710902,Charming Garden Suite with Enhanced Cleaning,4933170,Virginia,,Montclair,37.82932,-122.22105,Private room,66,21,227,12/1/24,1.99,3,263,2,
12906524,"Cozy, Cool Studio Bungalow in Temescal",2129078,Sandy,,Temescal,37.83451,-122.25655,Entire home/apt,,3,288,8/21/25,2.58,1,0,2,
12916871,Great Room/Private Bath/TV/Secured Parking/Kitchen,11608635,Adi Ludi,,Fairfax Business-Wentworth-Holland,37.77014615,-122.2009235,Private room,35,1,165,1/17/25,1.45,4,80,2,
13316122,Rockridge Beauty near Rapid Transit,46594904,Emily Ann,,Rockridge,37.84304,-122.24831,Entire home/apt,,4,22,8/13/23,0.21,1,0,0,
13377455,Beautifully Restored Oakland Victorian Home,36302234,Kate,,Hoover-Foster,37.81987,-122.27327,Entire home/apt,,14,0,,,1,178,0,
13381058,Downtown Spacious Private Modern Studio Apartment!,76050077,Alexander Hour Kim,,Old City-Produce And Waterfront,37.80168,-122.27585,Entire home/apt,78,3,389,7/28/25,3.45,7,248,10,
13772155,"Travel prof, Colism Cncrts SF 
OakArpt, BART, safe",7121069,Lucia,,Woodland,37.75243,-122.18504,Private room,66,1,61,4/2/25,0.62,3,267,2,
13779306,A nice set up private room,71165744,Alice,,Hoover-Foster,37.82494,-122.27464,Private room,39,3,111,2/2/25,0.99,2,236,1,
13859800,Studio A - Modern Live/Work Space private,81892228,Josh,,Montclair,37.83248,-122.20652,Entire home/apt,,2,131,8/16/25,1.17,1,83,6,
13980247,Lake Merritt 4 Bed 4 Bath Top Loc & Value,83404177,Woudenesh,,Grand Lake,37.81475,-122.24649,Entire home/apt,333,3,72,8/9/25,0.65,7,269,1,
14015041,Green Room Very flexible self-check in,69875578,Jeffrey,,Brookfield Village,37.73487,-122.18449,Private room,40,1,158,8/23/25,1.42,1,254,3,
14044098,Sunny 3/br Home nestled in the trees,1698066,Robin,,Montclair,37.8317,-122.22091,Entire home/apt,,10,9,1/3/25,0.1,1,0,2,
14185391,"SPACIOUS GEM IN OAKLAND/ROCKRIDGE,  minutes to SF",6690876,Elizabeth,,Rockridge,37.84463,-122.2512,Private room,57,2,173,8/22/25,1.56,1,301,4,
14449475,Classic Oakland home built in 1906,3973693,Faith,,Bushrod,37.84871,-122.26282,Private room,45,3,29,8/24/25,0.32,5,275,3,
14669131,Large Bedroom in Art House,37846935,Cathy,,Upper Rockridge,37.84476,-122.24278,Private room,55,3,20,7/12/17,0.18,2,1,0,
14698452,Cosy Hillside Studio,63113094,Niphaphorn,,Redwood Heights,37.79518,-122.19008,Private room,73,7,19,11/17/18,0.17,3,365,0,
15022139,Lovely decorated comfortable room access,4344400,Kimberly,,Millsmont,37.77712,-122.17703,Private room,65,3,15,7/9/25,0.14,2,363,2,
15060122,Beautiful private master ensuite/private entrance,12707416,Joel,,Millsmont,37.77754,-122.17401,Entire home/apt,70,1,420,9/19/25,3.84,2,1,46,
15164429,Piedmont Ave Basement Studio! Walk anywhere,21698102,Margo,,Piedmont Avenue,37.82926,-122.25033,Entire home/apt,150,5,36,5/23/24,0.34,2,178,0,
15254224,Woodsy In-Law,91299051,Daniel,,Piedmont Pines,37.82343,-122.18983,Entire home/apt,109,7,63,8/30/25,0.62,1,267,3,
15359155,Cozy Oakland Craftsman,5026699,Thomas,,Dimond,37.79589,-122.20876,Entire home/apt,90,30,0,,,1,173,0,
15359794,Lake Merritt Large Studio  No stairs,83404177,Woudenesh,,Lakeshore,37.81425,-122.24472,Entire home/apt,96,14,13,8/15/25,0.15,7,172,1,
15488205,Private sunny room close to BART,60446635,Ahmad,,Prescott,37.80852,-122.29909,Private room,48,31,35,9/24/24,0.33,3,141,0,
15598535,Designer 2 bedroom with private garden,8762245,Camiel,,Lakeshore,37.81524,-122.24551,Entire home/apt,149,3,141,8/10/25,1.31,3,294,4,
15679314,Mid-Century Modern Bay Area Retreat,22763392,April,,Upper Dimond,37.80168,-122.21299,Entire home/apt,225,3,246,8/24/25,2.34,1,247,8,
15717455,"Colorful, Cozy, Garden 1BR Apartment North Oakland",54784505,Merced,,Hoover-Foster,37.82353,-122.27321,Entire home/apt,76,60,0,,,1,90,0,
15742221,Whole House,7810591,Joe,,Merriwood,37.8396,-122.21065,Entire home/apt,420,2,19,8/17/25,0.2,2,168,2,
15831877,"1 block to BART, New Construction, Private, Bright",1541669,Kimberly,,Bushrod,37.85104,-122.26848,Entire home/apt,113,29,66,8/21/25,0.61,2,263,4,
15897986,Cozy Oakland Bedroom in the Baker's House,103115328,Richard,,Sheffield Village,37.73606,-122.13651,Private room,59,1,66,7/19/23,0.61,1,177,0,
15915221,Lovely 1915 Duplex Apartment near Lake Merritt,776074,Linda,,Adams Point,37.81073,-122.251213,Entire home/apt,,3,140,12/1/24,1.31,1,0,1,
15928493,Cozy Rockridge Cottage | Walkers’ Paradise,99685402,Shailey,,Rockridge,37.8427,-122.24875,Entire home/apt,123,1,585,9/19/25,5.44,7,244,53,
15970116,"Family sized 4BR, 3 Bath.",11315513,Michael,,Lakeshore,37.81699,-122.2364,Entire home/apt,875,5,18,5/28/25,0.18,1,347,2,
15985596,Cottage Home on Large Wooded Property-Park access,1434104,Sara,,Oakmore,37.80759,-122.21503,Entire home/apt,133,4,19,9/10/25,0.2,1,92,2,
16029644,Great Room/Bath Tub/TV/Secured Parking/Kitchen,11608635,Adi Ludi,,Fairfax Business-Wentworth-Holland,37.7717,-122.19862,Private room,45,1,110,12/24/24,1.03,4,89,1,
16040272,Cozy Studio 2 Minutes Uber to BART,104390959,J,,Hoover-Foster,37.82438,-122.27092,Entire home/apt,82,3,131,5/17/25,1.23,8,233,2,
16043756,Cozy private room close to BART,60446635,Ahmad,,Prescott,37.81042,-122.29882,Private room,43,31,18,1/13/25,0.17,3,166,1,
16102055,Contemporary Apartment in a 19th Century House,22776946,Michael,,Upper Dimond,37.80326,-122.21717,Entire home/apt,85,5,113,8/24/25,1.06,1,120,15,
16156476,Beautiful Cozy Cottage in a Great Location!,105451755,Sharon Ann,,Lakeshore,37.81555,-122.23873,Entire home/apt,140,2,258,8/29/25,2.41,1,133,10,
16189483,Cozy & Cheerful Apartment in Heart of Rockridge,25136754,Suzanne,,Shafter,37.84225,-122.25276,Entire home/apt,105,1,394,9/14/25,3.69,9,239,36,
16255756,Apartment for Two on Bustling College Ave,25136754,Suzanne,,Rockridge,37.84446,-122.25177,Entire home/apt,,1,379,4/10/25,3.55,9,0,19,
16260126,Lovely Cottage garden oasis w/Hot Tub near BART 🌹,3654316,Suellen,,Longfellow,37.82987,-122.27655,Entire home/apt,82,2,285,9/1/25,2.67,4,349,13,
16381520,"All New Apartment, Retro Building, Money Location",25136754,Suzanne,,Shafter,37.84243,-122.25169,Entire home/apt,135,1,303,9/19/25,2.84,9,215,49,
16450606,Private Studio Fully Equiped.,71817385,Daniel,,Toler Heights,37.75014,-122.15537,Entire home/apt,,5,29,12/14/24,0.31,2,0,1,
16492540,Sunny Oakland Room - Private Bathroom,6201478,Irene,,Fairfax,37.77881,-122.20333,Private room,57,6,8,9/4/25,0.08,3,322,6,
16530545,Large room with private bath very close to SF,60446635,Ahmad,,Prescott,37.81051,-122.29842,Private room,55,31,111,7/31/25,1.04,3,179,2,
16559074,Newly Furnished Apartment on College Ave,25136754,Suzanne,,Rockridge,37.84402,-122.25124,Entire home/apt,117,1,356,9/20/25,3.35,9,66,35,
16572066,Cozy & Modern Studio,104390959,J,,Longfellow,37.82665,-122.2727,Entire home/apt,82,2,145,9/3/25,1.37,8,246,7,
16637368,Private Garden Suite with enhanced cleaning,4933170,Virginia,,Montclair,37.82932,-122.22105,Private room,89,5,131,10/19/23,1.27,3,140,0,
16771066,Stunning views/pet friendly/private studio/parking,10184321,Richard,,Panoramic Hill,37.86174908,-122.2380252,Entire home/apt,120,14,5,4/13/25,0.24,1,45,2,
16840829,The Redwood Retreat,112114585,Lisa,,Merriwood,37.84579,-122.21132,Entire home/apt,108,2,203,9/4/25,1.94,1,311,28,
16920599,Tree branch private room in architectural home,36478622,Danna,,Upper Rockridge,37.83754,-122.22532,Private room,100,1,53,1/16/25,0.52,3,365,2,
16921134,Round bed in a beautiful private room,36478622,Danna,,Upper Rockridge,37.83716,-122.22317,Private room,91,1,53,8/3/25,0.52,3,330,3,
16948078,Robertson Place,83803255,Anna,,San Pablo Gateway,37.80948,-122.27562,Entire home/apt,90,7,179,6/1/25,1.71,4,358,4,
17001879,Airy Minimalist Cozy Studio,104390959,J,,Longfellow,37.8255,-122.26939,Entire home/apt,77,2,142,6/25/25,1.37,8,263,4,
17190905,Inviting Cozy + Sunny Apartment off Temescal,3514,Jennifer,,Bushrod,37.84201,-122.26173,Entire home/apt,,7,114,5/19/25,1.1,7,121,4,
17206753,"Summer sunshine, space & love.",97031849,Ken,,Eastmont Hills,37.77367,-122.1672,Entire home/apt,237,1,2,8/14/23,0.07,1,365,0,
17270556,Private room/bath in Grand Lake home,1012668,Christina,,Grand Lake,37.81783,-122.24724,Private room,150,1,51,8/10/25,0.49,2,259,2,
17301265,Large Lake Merritt Loft Near BART | Secure Parking,12641685,Renzo,,East Peralta,37.79396,-122.25765,Entire home/apt,140,25,174,7/29/24,1.67,1,167,0,
17305248,Comfy Spacious Temescal Flat with Garden,7274131,Yolanda,,Temescal,37.83112,-122.26309,Entire home/apt,,3,14,1/19/25,0.14,1,0,1,
17348052,Cozy Studio in Central Location,104390959,J,,Longfellow,37.82725,-122.27095,Entire home/apt,85,3,153,4/30/25,1.53,8,122,2,
17361979,"Tranquil, Private, backyard Studio (Stairs)",14756327,Andrew,,Merriwood,37.83986,-122.2132,Entire home/apt,73,4,84,9/3/25,0.83,1,87,15,
17386949,Cottage w/ Main House Bathroom - Remote Worker AOK,268781,Pam,,Millsmont,37.77801514,-122.1806183,Private room,44,30,15,10/1/23,0.14,4,329,0,
17403575,"Sunny Garden Oasis 1 Block to BART, minutes to SF",5968128,Ariel,,Prescott,37.8058,-122.29674,Entire home/apt,72,3,108,9/1/25,1.04,1,249,14,
17443860,Cozy Renovated Bay View Apt in Oakland w/ Parking,118056526,Nora,,Redwood Heights,37.79242,-122.18627,Entire home/apt,79,2,209,8/25/25,2.01,2,185,14,
17462541,Detached In Law Unit in Beautiful Neighborhood,118257507,Jeremiah,,Trestle Glen,37.80699,-122.22992,Entire home/apt,,14,121,6/30/25,1.16,1,0,1,
17685911,Serene 1 Bedroom Backyard Cottage,3631486,Ruxana,,Bushrod,37.84253,-122.26718,Entire home/apt,,90,84,8/6/22,0.81,1,89,0,
17685999,Knoll Avenue Modern,22659489,Elizabeth,,Leona Heights,37.79063,-122.17991,Entire home/apt,384,2,7,5/15/22,0.07,2,362,0,
17703292,Private Attic Space by Lake Merritt,1269476,Amy,,Adams Point,37.81029,-122.25061,Private room,75,2,44,9/14/22,0.42,2,267,0,
17746466,Charming 3 BR Home Near Redwood Park w/ Bay Views,118056526,Nora,,Redwood Heights,37.7907,-122.18653,Entire home/apt,153,2,246,8/26/25,2.38,2,194,26,
17830339,Bright & Comfy Apartment in the Heart of Rockridge,25136754,Suzanne,,Rockridge,37.84436,-122.25092,Entire home/apt,102,1,377,9/14/25,3.64,9,192,48,
17879855,Beautiful Modern Studio in Downtown! Nearby Bart!,76050077,Alexander Hour Kim,,Old City-Produce And Waterfront,37.80166,-122.27718,Entire home/apt,65,2,298,8/23/25,2.89,7,226,13,
17896844,Charming Modern Studio in Downtown! Nearby Bart!,76050077,Alexander Hour Kim,,Old City-Produce And Waterfront,37.80134,-122.27651,Entire home/apt,65,2,274,8/22/25,2.65,7,222,16,
18025714,Bright studio guesthouse with panoramic views,123974934,Bernhard,,Toler Heights,37.75919,-122.15885,Entire home/apt,93,2,65,8/24/25,0.63,1,286,9,
18078079,Classic Comfort-rare beauty-parking-forest-freeway,94823516,Khoi,,Upper Rockridge,37.83345,-122.2219,Entire home/apt,,1,54,3/11/20,0.53,3,0,0,
18078418,"Hobbit House - nice & cozy, glamping to the max!",94823516,Khoi,,Montclair,37.83171,-122.22125,Entire home/apt,,1,51,2/29/20,0.5,3,0,0,
18109406,California Craftsman — Urban Oasis with Serene Garden & Deck,4624994,Albena,,Golden Gate,37.83818,-122.28312,Entire home/apt,214,3,100,5/25/25,0.97,6,364,4,
18195919,Beautiful North Oakland Family Compound,7189264,David,,Santa Fe,37.83788,-122.27205,Entire home/apt,,7,8,7/8/23,0.08,1,0,0,
18197630,"Sunny, family friendly 3 bedroom craftsman house",47790042,Jennifer,,Glenview,37.80607,-122.22024,Entire home/apt,,7,6,12/27/22,0.06,1,0,0,
18240286,Super convenient everything in walking distance,126018209,Shady,,Adams Point,37.80902,-122.25504,Entire home/apt,100,7,12,3/28/21,0.16,1,89,0,
18240594,Sunny and bright 1 bdrm house,6327999,Angelique,,Millsmont,37.77764,-122.16975,Entire home/apt,114,7,19,1/12/23,0.19,3,116,0,
18242187,Private Room with Bath & Mini Kitchen W. Oakland,26600012,Leon,,Prescott,37.81059,-122.29814,Private room,,3,124,11/4/22,1.22,1,0,0,
18251179,Beautiful Cottage by the Lake,3371405,Alissa,,Cleveland Heights,37.80302,-122.24618,Entire home/apt,103,7,97,9/20/25,1.22,1,313,12,
18285416,Sweet bungalow with gated parking/ close to SF,6327999,Angelique,,Millsmont,37.77793,-122.16923,Entire home/apt,80,14,61,7/1/25,0.6,3,59,1,
18312421,Classically Cool Apartment on College Ave,25136754,Suzanne,,Rockridge,37.84436,-122.25122,Entire home/apt,104,1,335,9/14/25,3.26,9,222,35,
18473016,Updated apartment on Oakland/Berkeley border!,37084699,Charlie,,Paradise Park,37.84981,-122.28504,Entire home/apt,151,2,251,9/21/25,2.47,1,337,30,
18491135,Inlaw,128301469,Maria,,Leona Heights,37.78408,-122.17318,Entire home/apt,75,2,120,4/11/25,1.19,1,0,1,
18491288,Bright and spacious private home,4115431,Hui-Ping,,Bushrod,37.8453,-122.27015,Entire home/apt,111,4,58,5/19/25,0.57,1,79,4,
18618976,Charming Redwood Heights Garden Studio,200022,Patrick,,Upper Laurel,37.79033,-122.18828,Entire home/apt,77,2,205,9/19/25,2.16,1,74,12,
18638292,North Oakland Carriage House with Inglenook,129501642,Christopher,,Bushrod,37.84598,-122.26515,Entire home/apt,180,3,113,12/29/24,1.11,1,71,1,
18669103,Cozy Luxe N Oakland Garden Hideaway with Hot Tub,15061171,Eurydice,,Bushrod,37.84713,-122.26259,Entire home/apt,131,2,312,9/8/25,3.06,1,322,21,
18929747,Private Two-Bedroom Apartment Lake Merritt,1388981,Yousef,,Cleveland Heights,37.80364,-122.24035,Entire home/apt,90,2,48,8/1/25,0.49,1,152,6,
18939326,Modern 2 Bedroom Apartment # 2,46324647,Michael,,Chinatown,37.79672,-122.2685,Entire home/apt,,5,15,8/25/24,0.15,6,0,0,
18939761,Modern 2 Bedroom Apartment # 1,46324647,Michael,,Chinatown,37.79672,-122.2685,Entire home/apt,,5,10,8/1/19,0.1,6,0,0,
18956016,llllll  The Charming Backyard with a View llllll,20270674,Gina,,Millsmont,37.77783,-122.1741,Entire home/apt,111,2,293,9/20/25,2.89,4,247,30,
18963509,Charming Rockridge house for sublet,4098962,Ken,,Fairview Park,37.84855,-122.26029,Entire home/apt,,1,2,7/10/18,0.02,1,0,0,
19021871,Stylish two bedroom apartment (Lincoln downstairs),2812355,David,,Oakmore,37.80459,-122.20985,Entire home/apt,100,7,21,3/28/20,0.21,2,149,0,
19040979,Warm and Wooded Cleveland Heights Garden Apt,25010196,Jason,,Cleveland Heights,37.8045,-122.24114,Entire home/apt,,3,76,6/13/25,0.76,2,0,5,
19107538,Modern 4 Bedroom Apartment #1 & 2,46324647,Michael,,Chinatown,37.79672,-122.2685,Entire home/apt,,5,27,9/30/19,0.27,6,0,0,
19140951,Room #5 - West Oakland,3518,Traci,,Prescott,37.81064,-122.29305,Private room,75,1,43,8/10/25,0.44,7,90,9,
19163928,Oakland Hills Private Garden Gem,65678389,Sherri,,Redwood Heights,37.80202,-122.19004,Entire home/apt,90,30,71,9/30/22,0.7,1,267,0,
19164553,Wooded In-Law Apartment Close to Everything,2252348,Ann,,Shepherd Canyon,37.82956,-122.19574,Entire home/apt,133,30,185,9/1/25,1.89,1,208,5,
19182373,"Beautiful, Historic Family Home near Lake Merritt",12454388,Angie,,Highland Terrace,37.79385,-122.23432,Entire home/apt,,1,343,7/7/25,3.42,1,0,17,
19295589,20 MIN to SF beautiful 6bd3ba house Parking/WD,89124429,Alice,,Laurel,37.79322322,-122.2049267,Entire home/apt,267,3,114,7/13/25,1.23,7,359,15,
19345467,Easy commute! Nice 2 houses 6 br 4 bath/Parking!,89124429,Alice,,Dimond,37.7953,-122.20498,Entire home/apt,360,3,19,5/23/25,0.22,7,179,2,
19522340,Perfectly Located Garden Retreat,181496,Siddharth,,Oakmore,37.80831,-122.21341,Entire home/apt,133,7,1,7/23/18,0.01,1,177,0,
19537412,Modern 4 Bedroom Apartment #3 & 4,46324647,Michael,,Chinatown,37.79672,-122.2685,Entire home/apt,,5,7,8/5/19,0.07,6,0,0,
19554687,Spacious Room w Private Bath Near MacArthur BART.,29827287,Neucimar,,Longfellow,37.83013,-122.26999,Private room,54,2,167,9/18/25,1.67,2,93,8,
19627583,Modern 2 Bedroom Apartment # 3,46324647,Michael,,Chinatown,37.79672,-122.2685,Entire home/apt,,5,7,10/14/18,0.07,6,0,0,
19660756,Warm private suite,31551006,Jodie,,Upper Rockridge,37.83542,-122.22349,Entire home/apt,78,1,221,9/6/25,2.46,1,64,34,
19731273,Private Studio Perfect for A Getaway,12022,Jamie,,Bushrod,37.84272,-122.26785,Private room,75,2,112,9/19/25,1.12,1,269,11,
19753350,Modern 2 Bedroom Apartment # 4,46324647,Michael,,Chinatown,37.79672,-122.2685,Entire home/apt,,5,14,9/26/19,0.14,6,0,0,
19781908,Sun-drenched retreat in the heart of North Oakland,42832906,Araxi,,Piedmont Avenue,37.82218,-122.2548,Private room,75,1,60,8/17/25,0.6,2,229,13,
19811368,Casita Azul: Charming Retreat for Bay Area Travels,905122,Supriya,,Bushrod,37.84026,-122.26908,Entire home/apt,138,2,225,9/15/25,2.27,1,319,27,
19831214,Retreat in Renovated North Oakland Craftsman,140152985,Mercy,,Bushrod,37.84509,-122.26877,Entire home/apt,96,2,237,9/3/25,2.38,1,240,29,
19848972,Quiet professional and convenient West Oakland,78362852,Jonathan,,Prescott,37.81001,-122.29434,Entire home/apt,107,2,72,6/12/25,0.74,1,73,5,
19971156,Relaxing home in Oakland,79743112,Susan,,Iveywood,37.74253,-122.16157,Entire home/apt,144,7,0,,,1,36,0,
20001846,Adorable Modern Studio in Downtown! Nearby Bart!,76050077,Alexander Hour Kim,,Old City-Produce And Waterfront,37.80116,-122.27705,Entire home/apt,69,2,245,8/23/25,2.46,7,245,6,
20013385,Contemporary Claremont Hills In-law,142070264,Larry,,Claremont,37.85626,-122.22374,Entire home/apt,,2,127,8/25/24,1.42,1,0,0,
20032811,Private Rockridge Cottage for 2-4,16101410,Benjamin,,Fairview Park,37.84732,-122.25688,Entire home/apt,115,4,122,8/14/25,1.24,1,51,6,
20148137,Bright Apartment With Patio On Lake Merritt,1475400,Karen,,Adams Point,37.80981,-122.25792,Entire home/apt,,352,1,8/12/18,0.01,1,365,0,
20193144,Private Rockridge suite on the Berkeley Border,22624708,Josh,,Bushrod,37.85102,-122.26172,Entire home/apt,81,31,5,8/31/25,0.05,3,362,1,
20257108,Charming Cozy Cottage in Eco-Garden Oasis,10553493,Chantelise,,Redwood Heights,37.7936,-122.19103,Entire home/apt,93,3,229,9/14/25,2.34,2,238,32,
20277378,Modern 1BR | Near Downtown,65817795,Aaron,,Oakland Ave-Harrison St,37.8155483,-122.2598051,Entire home/apt,112,2,1,4/22/25,0.19,1,147,1,
20406444,Tiny House with Loft- -Your Own 4 Walls-Sep. Ent.,268781,Pam,,Millsmont,37.778015,-122.180618,Private room,40,30,16,11/4/24,0.21,4,179,1,
20469747,Private Casita with Stunning View,28173849,Melia,,Eastmont Hills,37.76765,-122.15808,Entire home/apt,,1,661,9/8/25,6.7,1,0,82,
20478225,"Modern, bright Rockridge studio with patio.",13979618,Jessica,,Shafter,37.83711,-122.2557,Entire home/apt,117,1,315,8/29/25,3.44,1,1,28,
20609912,Spectacular Views | Travelers Paradise,20270674,Gina,,Millsmont,37.77734,-122.17701,Entire home/apt,188,2,315,9/22/25,3.2,4,236,29,
20690105,Pink Palace Apts.- Private Duplex 2 mins 2 Freeway,94823516,Khoi,,Montclair,37.83168,-122.22144,Entire home/apt,,1,72,1/19/20,0.74,3,0,0,
20693789,"Unique tiny house w huge windows & deck, near lake",173879,Brian,,Adams Point,37.81331635,-122.2534485,Entire home/apt,73,1,394,9/9/25,4.02,3,110,47,
20713044,Sunny Spacious House in Berkeley/Oakland Rockridge,142525508,Chien,,Fairview Park,37.84802,-122.25345,Entire home/apt,168,2,168,9/6/25,1.71,2,236,11,
20715537,Private Room with a Garden Oasis,58506138,JoAnn,,Lincoln Highlands,37.80458,-122.20585,Private room,90,30,49,3/26/23,0.5,1,88,0,
20723343,Vintage Upper Rockridge Gem,148388461,Scott,,Upper Rockridge,37.8427,-122.24393,Entire home/apt,242,4,48,8/24/25,0.5,1,130,2,
20726452,“Snug-As-A-Bug”,1592786,Julia,,Lockwood Tevis,37.76392,-122.19937,Entire home/apt,89,1,766,9/16/25,8.33,4,354,102,
20773739,New Unit Piedmont 1BR w/private landscaped porch,7324895,Steven,,Piedmont,37.81664,-122.22361,Entire home/apt,115,30,6,12/31/22,0.07,1,219,0,
20804157,Urban Apartment in Rockridge Neighborhood,56874549,Fatima,,Rockridge,37.84957,-122.25182,Entire home/apt,94,31,347,8/25/24,3.54,6,149,0,
21008062,Mini Bnb: private unit + patio,17223105,Shari,,Upper Dimond,37.80182,-122.21665,Entire home/apt,76,1,275,8/31/25,2.9,5,264,10,
21040855,Cute Garden Apartment: well appointed 1 bedroom,121239635,Micha,,Crocker Highland,37.81253,-122.23168,Entire home/apt,98,30,86,8/30/25,0.88,1,315,5,
21092434,Uptown Loft with Private Rooftop Patio and Hot Tub,152066633,David,,Downtown,37.80548,-122.2708,Entire home/apt,149,7,8,8/11/25,0.46,1,79,7,
21156120,The Grand Lake Oasis,1593152,Cheyenne,,Grand Lake,37.81875,-122.24653,Entire home/apt,150,2,67,9/19/25,0.72,1,157,27,
21163348,Spacious and sunny studio close to trendy areas,9133059,Simona,,Upper Rockridge,37.83511,-122.22425,Entire home/apt,96,1,40,9/19/25,1.12,1,236,14,
21231344,"Comfy, convenient 4 bed/4 bath for family getaway",65464640,Jennifer,,Bushrod,37.84976,-122.2653,Entire home/apt,,4,17,7/28/25,0.18,1,0,2,
21243437,Private Oakland Hills Escape!,153549412,Dorothy,,Glen Highlands,37.84288,-122.21643,Entire home/apt,77,1,338,9/9/25,3.49,1,250,50,
21255883,"Oakland Luxury Retreat: Arcade, Backyard & BBQ",9295796,Cedric,,Upper Peralta Creek-Bartlett,37.79273,-122.2102,Entire home/apt,209,4,25,8/10/25,0.28,1,177,8,
21278335,Two-bedroom home in Temescal area of North Oakland,23311556,James,,Shafter,37.83748,-122.25964,Entire home/apt,85,25,38,8/31/25,0.39,1,62,6,
21282933,Large bedroom with En-suite bathroom,7256372,Daria,,Merriwood,37.8392,-122.20157,Private room,83,7,6,4/6/25,0.07,3,142,1,
21336278,Sunny haven (perfect for traveling nurses!),21500987,Ellen,,School,37.79606,-122.21512,Private room,50,2,14,7/24/22,0.15,1,359,0,
21371011,Stay aboard a 40 foot luxury yacht with view of SF,52881785,Wayne,,Old City-Produce And Waterfront,37.79595,-122.27745,Entire home/apt,160,1,1,11/9/17,0.01,1,179,0,
21437755,Superb Location Sunny Trails/Views Minutes from SF,1129902,Meirav,,Woodminster,37.80747,-122.18213,Entire home/apt,566,2,73,8/2/25,0.76,1,170,3,
21447924,Upper Dimond Garden Cottage,30811744,Misty,,Lincoln Highlands,37.79994,-122.20047,Entire home/apt,72,21,25,9/13/25,0.27,1,327,2,
21529090,Modern + Private Guest Suite! 12 mins to SF!!,10388609,Leo,,Prescott,37.81542,-122.29961,Entire home/apt,107,1,683,9/9/25,8.02,1,357,42,
21549143,Montclair Creekside Retreat,156666855,Janey,,Glen Highlands,37.83746,-122.22035,Entire home/apt,,4,139,7/24/25,1.46,1,3,9,
21566701,"Private Studio & Office-Bay Views, Oakland Hills",8050079,Catherine,,Piedmont Pines,37.82256,-122.19684,Entire home/apt,109,2,249,9/14/25,2.61,1,40,18,
21588849,"“Treetop"" Private Bedroom/Bath & 7 Item Breakfast",6136664,Daniel,,Fairview Park,37.85188,-122.25749,Private room,71,1,480,9/22/25,5,2,336,66,
21632573,"The Purple Door, Private Sanctuary, Epic View",39862139,David,,Eastmont Hills,37.77244,-122.1679,Entire home/apt,111,1,969,9/24/25,10.15,1,249,90,
21665339,Hip 2 bedroom home in Temescal close to Bart,88799522,Nikki,,Temescal,37.83623,-122.2636,Entire home/apt,92,30,257,8/10/24,2.68,1,323,0,
21685912,Bunk Bed @ Casa Hacker Hostel,23550825,Khaled,,Reservoir Hill-Meadow Brook,37.78525,-122.22686,Shared room,39,5,7,6/26/25,0.08,1,179,1,
21693911,Room,15393688,Sara,,Bushrod,37.84341,-122.26516,Private room,,1,0,,,2,0,0,
21728705,"Lakeshore Apt 1 Bedroom - Sunny, Convenient, Quiet",26810325,Allen,,Lakeshore,37.8139,-122.24372,Entire home/apt,,7,13,5/6/25,0.14,1,0,1,
21840017,"Cozy, renovated 1BR Garden Cottage",2642531,Dirk,,Shafter,37.83842,-122.25497,Entire home/apt,105,31,16,7/31/23,0.17,1,298,0,
21867511,Oakland Laurel district Crash pad,2351266,Kelly,,Laurel,37.79408,-122.20476,Private room,113,1,0,,,2,89,0,
21899661,Redwood Garden Vintage Camper,25010196,Jason,,Cleveland Heights,37.80294,-122.24127,Entire home/apt,,3,8,4/6/25,0.08,2,0,4,
21912649,Cabin in the City - Spacious Private In Law,17471496,Hastee,,Arroyo Viejo,37.76381,-122.17558,Entire home/apt,60,2,236,9/15/25,2.5,2,216,15,
21988776,Beautiful views of SF City & Bay,1095921,Matthew,,Glen Highlands,37.84178783,-122.2152139,Entire home/apt,,5,0,,,1,0,0,
21999027,Sunny spacious modern home near Temescal,131077665,Sara,,Santa Fe,37.83779,-122.27184,Entire home/apt,137,28,41,6/15/25,0.43,1,79,6,
22105552,High Rise SOMA nearby Westfield Hotel Zetta,103113440,Rose,,Acorn-Acorn Industrial,37.80542,-122.3243,Entire home/apt,284,2,0,,,1,269,0,
22163674,Private yurt & bathroom in relaxing garden setting,45945551,Philip,,Patten,37.79117,-122.2196,Private room,68,1,174,7/22/25,1.99,1,11,19,
22179383,"Modern, Art-inspired home with Parking and Patio",15603157,Mark Olajide,,Upper Dimond,37.79717,-122.20342,Entire home/apt,133,2,235,9/13/25,2.55,1,329,27,
22202633,Renovated Cottage in Berkeley/Oakland Rockridge,142525508,Chien,,Rockridge,37.84722,-122.25267,Entire home/apt,114,2,222,9/11/25,2.41,2,210,26,
22213414,Cute and Cozy with a breakfast nook,162309295,Leonard,,Lynn-Highland Park,37.80243,-122.23218,Entire home/apt,76,1,264,9/22/25,2.8,1,175,19,
22296020,Peaceful Bedroom with Private Patio!,104397896,Jose,,Fairfax,37.77931,-122.20456,Private room,75,5,1,1/2/18,0.01,1,83,0,
22421806,Studio Oasis,8762245,Camiel,,Grand Lake,37.81613,-122.2464,Entire home/apt,86,3,137,9/18/25,1.46,3,131,2,
22456714,Comfortable 2 bedroom in Dimond district,2812355,David,,Oakmore,37.80405,-122.21115,Entire home/apt,100,7,17,8/21/23,0.18,2,178,0,
22496831,Modern retreat in the tree tops,1693990,Sean,,Woodminster,37.80714,-122.18643,Entire home/apt,104,2,281,9/1/25,2.99,1,51,35,
22573518,Large 2nd floor en suite room near BART & Berkeley,27507009,David,,Fairview Park,37.85081,-122.25423,Private room,88,1,152,5/20/25,1.64,2,354,2,
22654156,Sweet + Spacious Studio Master Suite,2070792,Tihanna,,Caballo Hills,37.7777,-122.16596,Private room,95,2,2,10/3/18,0.02,1,88,0,
22655395,"Medical Stay Oasis: Alta Bates Summit, Oakland",133361371,David,,Pill Hill,37.81966,-122.26611,Entire home/apt,144,2,23,9/24/22,0.26,1,365,0,
22718046,2 bedrooms perfectly located near BART & Berkeley,27507009,David,,Fairview Park,37.85177,-122.25488,Private room,179,1,20,10/5/24,0.22,2,354,1,
22752497,"Spacious 3 Bedroom Home-Quiet, Safe Neighborhood!",107914289,Allan & Carol,,Glenview,37.80851,-122.21721,Entire home/apt,120,30,1,3/15/18,0.01,1,265,0,
22869209,Beautiful Claremont Hills Private Room,104415991,Dat,,Claremont,37.8553,-122.23348,Private room,44,7,17,11/29/24,0.19,1,334,1,
22881865,Sunny 2bd/2bath apartment in Laurel district,32699458,Sennai,,Upper Laurel,37.79129,-122.19695,Entire home/apt,92,3,12,12/20/22,0.16,1,348,0,
22924343,"View the entier SF. bay,  new building 2 bd rm",19658442,Fazlollah,,Forestland,37.83987,-122.19648,Entire home/apt,205,1,126,9/17/23,1.36,2,365,0,
22925164,Brick & Timber Loft in W. Oakland (30-Day Min),169746918,Marlon,,McClymonds,37.81651,-122.2851,Entire home/apt,183,28,10,8/21/22,0.11,1,83,0,
23077456,The Lemon Tree (1BR/1BA),5481299,Taryn,,Shafter,37.84096,-122.2542,Entire home/apt,,2,52,6/14/25,0.57,1,0,2,
23108893,Private backyard studio with off-street parking,283436,Toby,,Longfellow,37.82906,-122.27584,Entire home/apt,65,14,93,2/11/25,1.03,1,207,12,
23325987,The Charming Retreat,75659011,Ebenezer,,Maxwell Park,37.7790184,-122.1955933,Entire home/apt,135,2,12,8/16/25,1.53,1,174,12,
23379160,Dogtown Oakland Suite,103370262,Michel,,Clawson,37.82493,-122.28478,Entire home/apt,82,1,210,8/24/25,2.28,1,250,3,
23411331,Tranquil Oakland Oasis,24338700,Mika,,Sausal Creek,37.79126,-122.22061,Entire home/apt,,3,54,9/5/25,0.59,1,147,29,
23413840,Private Studio with Great Bay View,71817385,Daniel,,Toler Heights,37.75013,-122.15544,Entire home/apt,,5,20,7/31/24,0.22,2,0,0,
23452465,Beautiful and Spacious Pill Hill Studio,174965721,Bobbie Anthony,,Pill Hill,37.82286,-122.26711,Entire home/apt,80,28,41,8/24/24,0.47,1,179,0,
23468998,3BR/1BA · Near San Francisco · Backyard & Laundry,175153447,Cathy And Donald,,Clawson,37.82318,-122.28025,Entire home/apt,159,2,240,9/7/25,2.61,6,357,8,
23526870,Sweet Dreams in this Master Suite,35442069,Carlos,,Clawson,37.82654,-122.28424,Entire home/apt,106,2,620,8/31/25,6.76,1,269,80,
23549245,"Bright Luxe Retreat-Couples, Families, Remote Work",2258160,Cathleen,,Piedmont Avenue,37.82362,-122.25499,Entire home/apt,289,2,249,9/14/25,3.22,2,84,39,
23668652,Creekside Unit in Vibrant Dimond District,1450313,Sophie,,Glenview,37.8003,-122.219,Entire home/apt,117,2,129,8/24/25,1.41,1,365,6,
23668996,"Large studio view the entire SF bay, on the hills.",19658442,Fazlollah,,Forestland,37.84141,-122.19528,Entire home/apt,100,2,12,8/15/23,0.13,2,324,0,
23742408,Modern cozy house  • Near SF & Oakland,175153447,Cathy And Donald,,Clawson,37.82496,-122.28169,Entire home/apt,131,1,75,9/1/25,1.03,6,177,13,
23742510,European designed modern new home,9542652,Jason,,Santa Fe,37.84551,-122.27396,Entire home/apt,95,1,432,9/17/25,4.71,2,335,35,
23753818,Light-filled 2 bedroom close to BART,2666790,Amy,,Harrington,37.78453,-122.21495,Entire home/apt,,3,94,9/2/25,1.09,2,0,14,
23788906,Redwood Heights Cottage with Stunning Bay Views,20665257,Sarah,,Redwood Heights,37.79392,-122.18962,Entire home/apt,93,3,214,9/16/25,2.35,1,81,35,
23838290,Berkeley Home Away From Home,120634109,Alison,,Bushrod,37.85154,-122.26327,Entire home/apt,291,2,8,5/21/25,0.09,1,0,1,
23839203,Beautiful Lake Merritt,79318365,Brian,,Cleveland Heights,37.80606,-122.24738,Entire home/apt,152,3,53,7/19/25,0.58,2,345,5,
24100944,Urban refuge Tranquility in an urban setting,46182956,Nancy,,Eastmont Hills,37.77139,-122.16555,Entire home/apt,89,8,40,9/15/25,0.44,1,363,5,
24137618,Garden Casita with Private Patio,9397372,Barb & Tim,,Bushrod,37.83936,-122.26744,Entire home/apt,95,6,72,8/1/25,0.79,1,283,13,
24208199,Tiny Tree House,81350255,Alma,,Shepherd Canyon,37.83281,-122.18932,Entire home/apt,,2,190,5/12/25,2.1,2,0,4,
24208314,Tree view sunlit studio,81350255,Alma,,Piedmont Pines,37.83244,-122.1891,Entire home/apt,81,2,57,8/17/25,1.43,2,244,12,
24286421,Excellent Modern Studio in Downtown! Nearby Bart!,76050077,Alexander Hour Kim,,Old City-Produce And Waterfront,37.79931,-122.27528,Entire home/apt,73,2,218,8/14/25,2.4,7,249,8,
24286455,Downtown Modern Studio! Nearby Bart!,76050077,Alexander Hour Kim,,Old City-Produce And Waterfront,37.79962,-122.27717,Entire home/apt,65,2,232,8/19/25,2.56,7,242,19,
24498215,"East Bay Studio Oasis - Rest, Relax, Or See It All",73673685,David,,Bushrod,37.84121,-122.26806,Entire home/apt,88,1,831,9/18/25,9.21,1,103,96,
24606094,"Long Term. UC Berk, Central, Calm, Easy SF Commute",4326883,Leslie,,Bushrod,37.84011,-122.26946,Entire home/apt,75,30,205,9/15/25,2.99,6,267,3,
24719438,Piedmont Pines Cottage,23578926,Dewane,,Shepherd Canyon,37.83264,-122.18507,Entire home/apt,120,29,24,8/31/24,0.28,1,359,0,
24734855,"Modern Garden Guesthouse, Step-Free",138411167,Marianna,,Golden Gate,37.84294,-122.28632,Entire home/apt,119,7,119,9/6/25,1.33,1,346,11,
24754716,"> Elegant, classic Berkeley 1920s 1 BR",7933344,Margaret,,Fairview Park,37.85271,-122.25399,Entire home/apt,132,14,28,6/19/25,0.31,2,130,5,
24893361,Rockridge District Cottage with Home Office Setup,1213880,Stuart,,Fairview Park,37.84932,-122.25982,Entire home/apt,105,60,30,8/21/25,0.34,1,267,7,
24948341,Inviting & Cozy Upper Level Flat in Temescal,3514,Jennifer,,Shafter,37.84103,-122.26076,Entire home/apt,,3,95,6/9/25,1.06,7,181,2,
24950018,Private Garden Studio in Vibrant Laurel District,2026928,Monika,,Upper Laurel,37.79103,-122.19755,Entire home/apt,60,2,31,1/2/25,0.35,1,135,1,
25204296,Take Respite in the Oakland Hills,76932480,Elaine,,Eastmont Hills,37.76756,-122.16046,Entire home/apt,77,5,93,8/3/25,1.06,1,235,2,
25449375,Bold and Bright Berkeley Apartment Oasis,59345311,Amy,,Paradise Park,37.84967,-122.28479,Entire home/apt,205,14,105,7/31/25,1.18,1,358,14,
25659060,The Cottage,9793973,Vanessa,,Upper Rockridge,37.83638,-122.22163,Entire home/apt,140,3,145,9/15/25,1.63,1,125,16,
25675052,"Lovely, light filled Lake Merritt apartment",49875758,Elizabeth,,Cleveland Heights,37.80807,-122.24641,Entire home/apt,,1,56,3/21/24,0.64,1,0,0,
25691702,Private Master Suite + Bathroom in Oakland Hills,193355795,Helen,,Caballo Hills,37.7766,-122.1606,Entire home/apt,58,3,347,8/26/25,3.91,1,62,38,
26058812,"Light, Spacious 1940s Oakland Bungalow",28660491,Kate,,Adams Point,37.81364,-122.25542,Entire home/apt,,20,1,12/30/23,0.05,1,0,0,
26107179,Bright & Beautiful Cottage,1583643,Lilah,,Gaskill,37.83977,-122.27852,Entire home/apt,119,1,300,9/7/25,3.43,1,352,22,
26283124,"Come stay by the lake, Crocker Highlands rental",25182396,Michele,,Crocker Highland,37.81125,-122.23117,Entire home/apt,55,7,3,8/17/20,0.04,3,81,0,
26384803,Modern Rockridge Studio with Private Deck,3793516,Audrey,,Fairview Park,37.8496,-122.25779,Entire home/apt,114,2,310,9/10/25,3.52,4,322,29,
26503786,8600 Thermal,24973435,Akali,,Toler Heights,37.75848,-122.16079,Private room,106,3,0,,,1,263,0,
26639417,Spacious 2 Br Rockridge/Temescal,274693,Jeri,,Fairview Park,37.8426,-122.25961,Entire home/apt,128,2,276,9/3/25,3.18,1,47,19,
26641175,The Stargazer | Executive King Loft | Urban Oasis,4624994,Albena,,Golden Gate,37.8373,-122.28272,Entire home/apt,238,3,173,9/19/25,1.98,6,340,18,
26688642,"Historic, Peaceful Cottage Retreat",186695407,Shirley,,Highland Terrace,37.79152154,-122.2296894,Entire home/apt,91,2,18,8/24/25,0.69,1,84,8,
27236799,Newly Remodeled Master Suite near Bart (O1),2283153,Rox Sun,,Longfellow,37.83349,-122.26975,Private room,65,15,22,8/21/24,0.26,5,363,0,
27258542,Luxury Retreat in Oakland Hills,25069429,Mahsa,,Piedmont Pines,37.82978,-122.1905,Entire home/apt,181,2,3,5/13/23,0.03,1,43,0,
27291774,Lovely craftsman style apt.,17223105,Shari,,Upper Dimond,37.79948,-122.20867,Entire home/apt,80,30,67,5/9/25,0.77,5,112,2,
27338930,Pristine Craftsman home near Lake Merritt,1012668,Christina,,Grand Lake,37.81654,-122.2491,Entire home/apt,398,3,42,7/16/25,0.51,2,170,9,
27373963,Oakland House Bedroom 1,104267163,Lenora,,Leona Heights,37.78088,-122.17123,Private room,100,7,0,,,2,362,0,
27487912,Lilla Östugan - Little Island Cottage,68879,Su,,Highland Terrace,37.79288,-122.23478,Entire home/apt,,2,9,11/19/19,0.11,1,0,0,
27638594,"Modern Architecture, upscale area,  awesome Views",12159309,Hwee,,Upper Rockridge,37.84,-122.22798,Entire home/apt,124,2,59,7/17/25,0.69,1,127,11,
27652676,Room in Laurel District Oakland with garden,20041951,Jenny,,Allendale,37.78529,-122.20161,Private room,51,3,0,,,2,83,0,
27704665,Casa Bliss,131078940,Ananda,,Redwood Heights,37.79518265,-122.1895054,Entire home/apt,93,1,12,7/27/25,0.44,1,171,5,
27784548,Sunny Downtown Flat Walk to BART,35424833,Brittney,,San Pablo Gateway,37.80691,-122.276,Entire home/apt,91,10,26,8/21/25,0.32,5,49,1,
27804449,Spacious Creekside Apt in Vibrant Dimond District,209722184,Helen,,Glenview,37.79941,-122.2176,Entire home/apt,133,2,135,8/28/25,1.58,1,365,9,
27834215,Hidden Gem,19068702,Yanie,,Crocker Highland,37.81527,-122.23013,Entire home/apt,126,29,8,8/29/19,0.1,1,359,0,
28082077,Adventure the Bay Area,24048103,Kenneth,,Gaskill,37.83933,-122.27798,Entire home/apt,120,1,95,10/8/23,1.11,1,89,0,
28208215,Your home away from home!,49425420,Omar,,Grand Lake,37.81653,-122.24705,Entire home/apt,88,2,324,9/21/25,3.84,2,252,37,
28282180,Beautiful Cottage with private entrance and bath,2907698,Rory,,Santa Fe,37.84283,-122.27272,Entire home/apt,79,7,62,10/13/24,0.79,1,268,1,
28288027,Charming detached Studio,3696289,Hicham,,Frick,37.7745,-122.1871,Entire home/apt,80,2,75,8/20/25,0.87,1,174,8,
28363471,Sunny Maxwell Park Hideaway!,7416341,Peg,,Maxwell Park,37.77661,-122.19894,Entire home/apt,,3,1,11/24/18,0.01,1,0,0,
28566676,Amazing Large Studio Near Mills College,1185890,Barbara,,Millsmont,37.77729,-122.17838,Entire home/apt,231,2,19,11/12/19,0.23,1,89,0,
28584820,Summer Special Quiet Urban Retreat – Minutes to SF,4085797,Christie,,Prescott,37.80765,-122.29689,Entire home/apt,74,3,126,8/28/25,1.49,1,196,14,
28589056,Spacious Home Away from Home,212551008,Lillian,,Trestle Glen,37.8060893,-122.2275136,Entire home/apt,154,30,3,8/18/25,0.82,1,266,3,
28589692,Guesthouse surrounded by flowers+HOT TUB near BART,3654316,Suellen,,Longfellow,37.82851,-122.27679,Entire home/apt,90,2,243,9/1/25,2.85,4,277,17,
28645380,Cool Urban Loft,216158349,Tina,,South Kennedy Tract,37.77183,-122.23125,Private room,,16,8,6/24/19,0.09,2,269,0,
28695642,Oakland Lake Merritt large  Studio no stairs,83404177,Woudenesh,,Grand Lake,37.81392,-122.24655,Entire home/apt,77,14,12,5/27/25,0.14,7,68,2,
28699730,"Bright, Airy Edwardian Home with Garden Sanctuary",208332292,Eda,,Cleveland Heights,37.80414,-122.24341,Entire home/apt,350,3,148,8/4/25,1.75,1,345,8,
28786710,San Francisco Bay Views,217132134,Warren,,Upper Rockridge,37.84576,-122.23811,Entire home/apt,347,30,64,6/30/24,0.78,1,365,0,
28810872,Sunny 2 Bedroom Flat  - Mins from San Francisco!,1556814,Tamra,,San Pablo Gateway,37.81047,-122.27138,Entire home/apt,180,3,7,3/13/20,0.08,13,365,0,
28811586,CHIC & EXCLUSIVE HOME IN PRIVATE TRANQUIL SETTING,1556814,Tamra,,Upper Rockridge,37.85095,-122.23764,Entire home/apt,356,4,12,5/20/25,0.15,13,356,2,
28874501,Large BD Room,21284469,Susan,,Glenview,37.80879,-122.21972,Private room,99,2,5,10/21/24,0.19,2,89,1,
28984789,Treetop Refuge in Oakland Hills,4784477,Mayu,,Piedmont Pines,37.8243,-122.19302,Entire home/apt,89,2,218,9/8/25,2.58,1,133,17,
29032822,"Entire home: light, sunny deck, plants, projector",2313208,Christina,,Rancho San Antonio,37.7904,-122.24311,Entire home/apt,,5,31,11/26/22,0.37,1,0,0,
29099772,Cloud9on10th,217767341,D,,East Peralta,37.78986,-122.25354,Entire home/apt,249,30,103,8/14/23,1.22,1,179,0,
29162704,Newly remodeled bedroom/bath in safe neighborhood,13678541,Christine,,Crocker Highland,37.81192,-122.22506,Private room,77,3,36,8/17/25,0.43,2,303,3,
29163309,Modern 2 bedroom apartment,219769481,Joanne,,Lincoln Highlands,37.80297,-122.20113,Entire home/apt,,365,105,5/6/23,1.27,3,44,0,
29343611,Gorgeous Lincoln Hills 15 minutes to San Francisco,221067389,Mohammad,,Lincoln Highlands,37.80379,-122.2088,Entire home/apt,140,2,372,9/13/25,4.42,1,249,43,
29417237,Sunny 3 BR Piedmont Ave Home,6962379,Kansas,,Piedmont Avenue,37.83165,-122.2531,Entire home/apt,430,31,7,8/4/22,0.08,1,142,0,
29443517,"Laurel district home 24hr check in, parking",2351266,Kelly,,Dimond,37.79561,-122.20477,Entire home/apt,350,7,70,11/25/23,0.85,2,177,0,
29490106,Cosy Bedroom In 2000 sq ft Oakland House,6671206,Mark,,Fairfax,37.7739,-122.19742,Private room,43,3,49,8/13/25,0.59,3,257,6,
29490357,Medium Size Bedroom In 2000 sq ft Oakland House,6671206,Mark,,Maxwell Park,37.77433,-122.19563,Private room,54,3,36,7/8/25,0.43,3,251,5,
29490540,Bedroom with queen bed near Mills College.,6671206,Mark,,Maxwell Park,37.77405,-122.19593,Private room,43,3,22,9/10/25,0.33,3,165,6,
29497557,"★ Pvt Entr Quirky Getaway, 3min to Lake Merritt ★",181471723,Kristopher,,Ivy Hill,37.8023,-122.23827,Entire home/apt,63,1,420,9/11/25,5,1,357,43,
29522889,Rockridge Apartment Near Bart & College Ave,6396991,Ruchi,,Upper Rockridge,37.84635,-122.24327,Entire home/apt,126,2,139,9/14/25,1.79,1,64,20,
29543893,Delightful Cottage nestled in Rockridge/Claremont,46743791,Daiva,,Rockridge,37.85015,-122.251,Entire home/apt,107,2,116,8/22/25,1.38,2,343,8,
29591418,Top floor Bungalow- Lake Merritt Apartment Home,144206329,Alanna,,Cleveland Heights,37.8057,-122.24929,Entire home/apt,106,28,0,,,1,173,0,
29631855,Garden studio in North Oakland/Emeryville,731463,Connie,,Gaskill,37.83857,-122.2789,Entire home/apt,59,5,20,9/20/25,0.52,1,43,4,
29711553,Bright Minimalist Studio Walkable to Piedmont Ave,223579433,Sheila,,Piedmont Avenue,37.8257,-122.25336,Entire home/apt,90,2,259,9/18/25,3.11,1,75,31,
29741786,Sunny & Stylish Studio on College Ave,25136754,Suzanne,,Shafter,37.84255,-122.25278,Entire home/apt,89,1,304,9/14/25,3.65,9,77,28,
29873964,A bit of home away from home for you,86019854,Maria,,Frick,37.77299,-122.18911,Entire home/apt,78,30,86,8/31/25,1.05,1,89,2,
29883616,Large remodeled Rockridge hideaway,7573581,Katie,,Upper Rockridge,37.84818,-122.24278,Entire home/apt,136,2,251,9/8/25,3.01,1,47,5,
29963183,Elegant Master Cozy room,225154137,Angel,,Maxwell Park,37.78511,-122.19651,Private room,73,1,39,9/9/25,0.53,8,155,6,
30095546,Business Travel with balcony near Lake Merritt,11456545,Ally,,Clinton,37.79405,-122.24432,Entire home/apt,85,2,45,8/30/25,0.55,1,258,3,
30106707,Family Haddon Hill home close to Lake & SF,2037238,Mikaela,,Cleveland Heights,37.8059386,-122.2432278,Entire home/apt,585,3,21,9/16/25,0.82,1,334,8,
30128775,Bright & Cozy One Bedroom Apartment,25136754,Suzanne,,Rockridge,37.84417,-122.25148,Entire home/apt,103,1,263,9/12/25,3.16,9,232,45,
30250079,"Oakland CA, Grand Lake, Lake Merritt, GrandTheater",227162764,Tesfay,,Adams Point,37.81457,-122.25162,Entire home/apt,95,2,53,7/26/25,1.79,1,257,21,
30253123,"Merriewood Retreat    enjoy 
 quiet peace",3364981,Marilyn Joy,,Merriwood,37.84234274,-122.2129771,Entire home/apt,158,2,351,9/14/25,4.24,1,160,18,
30325450,Sunny Apt in Grand Lake | Central Location,33703555,Judi,,Oakland Ave-Harrison St,37.81752,-122.2536,Entire home/apt,111,4,87,5/31/25,1.05,2,140,5,
30377994,Spacious Sunny Lake Merritt 1/1 House w/parking,15637520,Jane,,Cleveland Heights,37.80654,-122.24767,Entire home/apt,112,2,225,9/6/25,2.78,2,12,28,
30498132,Beautiful apartment w/ backyard (newly remodeled),5556039,Ardavan,,Fairfax,37.78129,-122.20394,Entire home/apt,130,2,12,4/1/24,0.15,1,365,0,
30763287,"Quiet, Comfortable, Clean & Central Location",147060,Jonathan,,Bushrod,37.84435,-122.26249,Entire home/apt,,4,64,9/23/25,0.82,1,1,9,
30790031,"Spacious, modern, exec home with beautiful views!",229919041,Kenneth,,Caballo Hills,37.77926,-122.16252,Entire home/apt,258,3,0,,,1,351,0,
30824666,The Rockridge Cottage,3322908,Sam,,Rockridge,37.84363,-122.24987,Entire home/apt,138,2,312,9/16/25,3.8,1,244,47,
30828209,Attractive Hillside California Bungalow!,4106045,Emily,,Glenview,37.80785,-122.22129,Entire home/apt,,7,11,6/15/25,0.14,1,0,1,
30881741,"Cozy, Quiet Home Just off of Bustling Piedmont Ave",15395647,John,,Piedmont Avenue,37.82728,-122.25063,Entire home/apt,115,21,16,7/17/25,0.21,1,148,3,
30907159,DrFrank's Bohemian Hideaway,271687227,Darlene,,Shafter,37.83981,-122.25427,Entire home/apt,,5,152,2/8/25,1.86,1,0,6,
31016968,Designer Grand Lake - Huge Outdoor Oasis + Jacuzzi,8762245,Camiel,,Grand Lake,37.81658,-122.24557,Entire home/apt,143,3,37,9/3/25,0.53,3,220,5,
31088971,Private guesthouse near Mills College,21766683,Angel,,Bancroft Business-Havenscourt,37.76758,-122.18562,Entire home/apt,,3,63,6/24/25,0.77,1,0,3,
31159489,STYLISH & EXCLUSIVE HOME,230670970,Jenuine,,Upper Rockridge,37.85023,-122.23724,Entire home/apt,460,5,12,5/14/24,0.16,10,79,0,
31195131,Lakeside Retreat  (w/ private parking),169811221,Kirk,,Lakewide,37.8025,-122.26284,Entire home/apt,113,2,298,8/17/25,3.74,1,64,34,
31256864,Magical Bay View in Oakland Hills,64010475,Jonathan,,Piedmont Pines,37.82565,-122.19599,Entire home/apt,280,2,165,9/21/25,2.15,1,343,32,
31411612,Lower Piedmont Heights - An Upscale Experience!,6766438,Bonnitta Mignon,,Trestle Glen,37.81179,-122.23632,Entire home/apt,200,2,93,9/7/25,1.23,1,114,34,
31573572,"Cozy room w/ parking, washer/dryer in gated home",56772384,Judith,,Upper Laurel,37.78851439,-122.1934621,Private room,58,7,63,10/15/23,0.8,1,260,0,
31717295,Cozy Studio near Oakland Airport and Coliseum,166142104,Taylor,,Webster,37.75209,-122.17029,Entire home/apt,63,2,215,9/15/25,2.65,1,84,16,
31828420,Private Retreat in the Heart of Rockridge,148998639,Katie,,Fairview Park,37.8491,-122.25472,Entire home/apt,272,2,91,9/8/25,1.16,1,242,15,
31833273,IIIII  Cozy Vacation Casita with Views IIIII,20270674,Gina,,Millsmont,37.77906,-122.17744,Entire home/apt,116,2,71,9/11/25,0.88,4,247,14,
31841040,Delightful Apt - 5 Min from BART/ SF/Oakland DT,10173518,Nancy,,South Prescott,37.80577,-122.29724,Entire home/apt,105,2,67,7/21/25,0.84,4,10,3,
31884472,A  bright comfy room,71165744,Alice,,Hoover-Foster,37.82422,-122.27591,Private room,,3,26,8/30/23,0.32,2,0,0,
31908504,Bungalow Charm/ Hip Hood / 5 min walk to BART,239209399,Hilary,,Temescal,37.83041,-122.26265,Entire home/apt,173,1,79,9/11/22,0.99,1,159,0,
31984701,"A nice place to stay (Near shops, food and BART)",226392791,Tev,,Piedmont Avenue,37.82804,-122.25448,Entire home/apt,106,3,156,8/20/25,1.93,1,114,21,
31996853,Stylish Cute and Comfy Studio of your very own!,8191760,Daniel,,Harrington,37.7843,-122.21078,Entire home/apt,,28,79,7/30/23,0.98,5,77,0,
32020256,Elegant Craftsman Home - Minutes From UC Berkeley,104005819,Zachary,,Rockridge,37.84054,-122.24968,Entire home/apt,396,3,70,9/19/25,0.95,1,281,17,
32070272,Walk to Lake Merritt from this Studio!,25828323,Shimrit,,Oakland Ave-Harrison St,37.81585,-122.2591,Entire home/apt,113,2,207,8/31/25,2.57,4,264,15,
32107019,"Private Garden Studio, fast wifi near Bart",240861872,Victor,,Mosswood,37.82367,-122.26163,Entire home/apt,93,1,310,8/22/25,3.89,1,234,29,
32267002,Charming in-law retreat w/patio & scenic garden,231495143,Nancy,,Oakmore,37.80947,-122.20993,Entire home/apt,117,1,149,8/31/25,1.91,1,148,22,
32280845,Oakland Retreat within Redwood Heights,171129126,Catherine,,Redwood Heights,37.80145,-122.19098,Entire home/apt,111,3,97,7/6/25,1.21,1,334,5,
32285964,"Cozy, spacious and private unit. Central location",11952732,Jocelyn,,Longfellow,37.83177,-122.2717,Entire home/apt,,2,22,7/28/25,0.3,3,0,7,
32367245,Perched High above street with View,8191760,Daniel,,Harrington,37.78431,-122.21191,Entire home/apt,90,31,25,1/31/21,0.32,5,89,0,
32410085,Cool Urban Room & Bath,216158349,Tina,,South Kennedy Tract,37.77227,-122.23093,Private room,86,1,25,5/5/25,0.32,2,365,1,
32573729,El Nido—a Magnificent Victorian Home,7592606,Francisco Javier,,Clinton,37.79697,-122.24964,Entire home/apt,118,3,223,9/13/25,2.8,5,69,19,
32585577,Modern Cottage—walk to Park Blvd Restaurants,4859491,Rebecca,,Glenview,37.80536,-122.22323,Entire home/apt,105,3,142,8/31/25,1.91,1,164,22,
32607841,Rockridge Guesthouse,45989339,Molly,,Rockridge,37.84362,-122.25527,Entire home/apt,153,3,51,6/28/25,0.64,1,117,7,
32610133,"Cozy, Private Backyard Studio in Soothing Shades of Gray",241586451,Liriola And Ramsey,,Santa Fe,37.8395,-122.2723,Entire home/apt,85,3,267,9/7/25,3.35,1,238,32,
32633158,Cozy Clean Private Cottage,245340301,Alonya,,Frick,37.77346,-122.18729,Entire home/apt,59,4,99,9/10/25,1.24,2,167,16,
32675093,Oakland House Bedroom 2,104267163,Lenora,,Leona Heights,37.78197,-122.17326,Private room,100,7,1,10/27/19,0.01,2,362,0,
32744436,2 Br/1Bath Bright-Spacious Flat-Lake Merritt,88498573,Carlos,,Cleveland Heights,37.80497,-122.24664,Entire home/apt,179,2,166,9/21/25,2.09,1,303,27,
32813879,"Oakland. Super Location 2bdrm. Parking, Walk 2BART",150865969,B.,,Mosswood,37.8276062,-122.2603149,Entire home/apt,164,4,157,9/21/25,1.98,2,58,20,
32846537,Cozy Tiny Container W/Rooftop • Near San Francisco,175153447,Cathy And Donald,,Clawson,37.82479,-122.27938,Entire home/apt,78,2,271,8/31/25,3.4,6,363,26,
32940616,Cozy 2 Bdrm/1.5 Ba Apt with Parking- Lake Merritt,102150635,Eva,,Cleveland Heights,37.80086,-122.2492,Entire home/apt,108,2,179,9/7/25,2.34,1,52,28,
33139286,Modern 3 level home-Gourmet Kitchen 3 BD Rockridge,2487909,Jae,,Fairview Park,37.84771,-122.25948,Entire home/apt,304,3,74,9/21/25,1.48,1,239,15,
33224176,Hillside Hideaway near Claremont Hotel,12358404,Kate,,Panoramic Hill,37.86447,-122.23525,Entire home/apt,192,3,150,8/18/25,1.9,1,173,24,
33268702,"New, Bright, Modern House near Campus/BART",1347286,Mike,,Bushrod,37.85131,-122.26289,Entire home/apt,,14,0,,,1,0,0,
33459541,"Room in Sunny, Art-Filled Oakland Loft",6703142,Anne,,Golden Gate,37.8415,-122.28597,Private room,70,2,155,8/31/25,2.02,1,212,34,
33468541,"Green, Charming, & Spacious 2BR apartment w/views",34881171,Jasleen,,Upper Rockridge,37.83481,-122.22139,Entire home/apt,152,2,109,7/31/23,1.39,1,206,0,
33496288,California Mediteranean with San Francisco Views!,69276527,Nicole,,Oakmore,37.81259,-122.21233,Entire home/apt,483,5,4,6/28/24,0.05,1,86,0,
33612858,Landmark Cathedral Building,9229054,Lucretia,,Downtown,37.80523,-122.27072,Private room,95,3,12,9/29/21,0.16,1,173,0,
33621031,Tranquil Room in Spacious Flat- Walk to BART,1556814,Tamra,,San Pablo Gateway,37.8103,-122.27273,Private room,70,30,27,8/23/25,0.35,13,338,1,
33639834,Bright and Spacious 2 Bedroom Apt. Family Friendly,253514662,Jennifer,,Lakeshore,37.81197739,-122.2441864,Entire home/apt,145,2,146,9/15/25,1.88,1,311,16,
33667839,Cozy Chic + Comfortable in Oakland,3514,Jennifer,,Shafter,37.83882,-122.26232,Entire home/apt,80,3,53,8/29/25,0.67,7,254,3,
33752947,Private room by OAK Airport& BART Coliseum,104764125,Marwen,,Bancroft Business-Havenscourt,37.76655,-122.18206,Private room,47,3,39,2/11/25,0.5,1,365,4,
33835011,Beautiful Home w/ Large Backyard near San Fran,2249460,Carrie,,Eastmont Hills,37.77168,-122.16428,Entire home/apt,,7,5,8/5/22,0.07,1,0,0,
33858104,Modern Lake Merritt Beauty Sleeps 4,382335,Karina,,Ivy Hill,37.79770279,-122.2478409,Entire home/apt,110,2,171,9/17/25,2.2,1,18,32,
33915370,Architectural Gem Mid Century Modern in the Trees,16114931,Amelia,,Oakmore,37.81601,-122.2039,Entire home/apt,304,2,139,9/8/25,1.81,2,49,36,
33949318,"Newly built, high ceiling, single story house",4538761,Suzanne,,Gaskill,37.83998,-122.2789,Entire home/apt,113,2,86,9/22/25,3.55,1,139,45,
33963462,The Noyo Nest - MidCenturyModern Stunning View’s,10588032,Colleen,,Woodminster,37.80531,-122.18674,Entire home/apt,111,7,84,6/2/25,1.08,1,210,4,
33996999,Bedroom with Separate Entrance and Shared Bath,48422,Keith,,McClymonds,37.81574,-122.27781,Private room,38,30,19,7/30/25,0.27,9,363,3,
34180815,Delightful Studio by Lakeshore Ave.,7858294,Wendy,,Trestle Glen,37.81125,-122.23801,Entire home/apt,86,2,54,7/27/25,0.7,1,89,3,
34193447,Affordable Big Sunny and Cozy 2 Bedroom in Oakland,19473537,Georgia,,Ivy Hill,37.79776,-122.2472,Entire home/apt,87,4,0,,,4,365,0,
34201074,Cozy Room in a House on a Hill,258210478,Charles,,Fremont,37.77749,-122.20598,Private room,,1,3,3/5/25,0.04,1,0,1,
34232453,Sunny 3 bedroom one exit from Lake Merritt,201678053,Daniel,,Tuxedo,37.79855,-122.22892,Entire home/apt,159,2,127,9/10/25,1.64,1,314,5,
34387144,The Garden,83803255,Anna,,Oak Center,37.80953,-122.2772,Entire home/apt,72,2,163,9/20/25,2.13,4,356,12,
34576673,Urban oasis in a vibrant neighborhood,1035188,Sandra,,Piedmont,37.82203,-122.24701,Entire home/apt,95,28,35,9/14/25,0.47,1,306,10,
34596783,Relaxed and Spacious 2 BR Apartment with a Patio,2338477,Roland,,Pill Hill,37.81853,-122.27,Entire home/apt,93,1,69,8/1/25,0.94,1,360,6,
34597699,Large bedroom in lovely sunny rooftop apartment,14601343,,,Oakland Ave-Harrison St,37.8194,-122.25852,Private room,,2,16,8/15/22,0.21,2,0,0,
34681646,Peaceful 2 Bedroom Sanctuary -Easy Access to SF,1556814,Tamra,,Chabot Park,37.74913,-122.12948,Entire home/apt,200,3,8,9/2/25,0.11,13,365,2,
34790946,🌿 The L I L Y  P A D 🌿| Tiny Living | Urban Oasis,4624994,Albena,,Golden Gate,37.83791,-122.28421,Entire home/apt,119,3,116,9/19/25,1.51,6,350,18,
34871939,Charming 2 Bedroom Apartment,56135832,Richard,,Hoover-Foster,37.81903,-122.27217,Entire home/apt,99,1,126,7/28/25,1.64,2,353,10,
34978029,Bright spacious loft 2+rms Oakland/Emeryville,8740388,Tara,,Longfellow,37.832096,-122.277313,Entire home/apt,199,30,14,8/31/24,0.2,1,91,0,
35289931,Balcony View of the Bay - 2 bed 2 bath,122136368,Michael,,Montclair,37.83437,-122.20232,Entire home/apt,279,2,93,9/7/25,1.22,1,37,11,
35390065,Cute North Oakland House,14298884,Jonathan,,Bushrod,37.84285,-122.26702,Entire home/apt,,2,21,2/7/20,0.27,1,0,0,
35453156,"3BD/2BA Emeryville/Oakland near BART, mins to SF",997574,Crystal,,Longfellow,37.82607,-122.2706,Entire home/apt,167,2,185,9/7/25,2.5,2,77,28,
35453157,"2BD/2BA Emeryville/Oakland near BART, mins to SF",997574,Crystal,,Longfellow,37.82849,-122.27262,Entire home/apt,148,2,124,8/31/25,1.67,2,86,19,
35466447,Spectacular Sky-Home: Mid/Long-Term Stays,4149940,Robert,,Lake Merritt,37.80736,-122.25482,Entire home/apt,165,60,0,,,1,359,0,
35499156,Private room in Casa Zapata,23684657,Claudia,,Upper Laurel,37.79047,-122.19539,Private room,86,2,5,6/25/24,0.14,1,365,0,
35775336,Modern Queen Bed Suite! SecretGarden: East Bay Zen,2852,Natasha,,Oakmore,37.80819,-122.20747,Entire home/apt,121,2,114,9/20/25,1.5,1,55,3,
35850931,"Elegance, Comfort and Bay Views",22178415,Esteban,,Fairfax,37.77821,-122.20019,Entire home/apt,152,14,58,7/3/25,0.76,5,147,3,
35905856,"Bay  Breeze, Views & Stars",22178415,Esteban,,Fairfax,37.77818,-122.20003,Entire home/apt,,10,21,8/24/25,0.35,5,118,8,
35963276,Modern one bedroom garden apartment,115175494,Aaron,,Golden Gate,37.84059,-122.28311,Entire home/apt,120,7,88,9/21/25,1.16,1,202,13,
35972878,Penthouse with sweeping views in West Oakland,10306844,Domingo,,Ralph Bunche,37.81471,-122.28751,Entire home/apt,90,30,5,6/25/21,0.07,1,116,0,
36041158,Cozy studio apartment in the heart of Adams Point!,117219035,Adrien,,Oakland Ave-Harrison St,37.81727,-122.25999,Entire home/apt,,5,9,8/28/19,0.12,1,0,0,
36146879,Cozy Room in Trendy West Oakland Renovated House,48422,Keith,,McClymonds,37.81666,-122.27761,Private room,33,20,23,5/30/25,0.31,9,329,3,
36181330,Youngs Homes Co-Ed,38287855,Ianya,,Longfellow,37.83613,-122.27559,Private room,45,5,3,8/5/23,0.1,4,364,0,
36274772,Serene Montclair 1BR Apt | King Bed + Parking,99685402,Shailey,,Shepherd Canyon,37.83239,-122.19745,Entire home/apt,115,2,132,9/22/25,1.76,7,330,33,
36300796,4+br/2ba house near OaklandAirport & RaiderStadium,206014558,Daisy,,Sobrante Park,37.73074,-122.17576,Entire home/apt,180,3,17,2/17/25,0.23,4,229,2,
36316014,Charming room A near public transportation,16854917,Sharon,,Old City-Produce And Waterfront,37.80117,-122.27397,Private room,52,6,75,6/17/25,1,3,356,7,
36316987,Charming room B near public transportation,16854917,Sharon,,Chinatown,37.80135,-122.27247,Private room,52,6,71,5/25/25,0.94,3,355,4,
36317475,Charming room C near public transportation,16854917,Sharon,,Prescott,37.81443,-122.30848,Private room,62,6,16,7/17/23,0.21,3,365,0,
36385324,Redwood Sanctuary Oakland Hills,19993507,Anthony,,Oakmore,37.81084,-122.2027,Entire home/apt,100,2,509,9/19/25,7.12,1,43,57,
36489557,5br/3ba house near OaklandAirport & RaiderStadium,206014558,Daisy,,Sobrante Park,37.72960781,-122.1762894,Entire home/apt,180,3,19,8/9/25,0.38,4,133,1,
36697280,Private Kitchen & Bath/Gated parking/30 min to SF,20413176,John,,Saint Elizabeth,37.77646,-122.2164,Entire home/apt,77,2,104,9/8/25,1.38,1,241,10,
36736988,Private Room For Rent In Victorian Home Queen Bed,275783723,Bipin,,Clinton,37.79352,-122.24472,Private room,48,3,8,9/10/23,0.11,2,177,0,
36775562,Gorgeous Grand Lake 4 Bed Outdoor Dream  Fire Pit,17201532,Christy & Greg,,Grand Lake,37.8199,-122.24907,Entire home/apt,,6,4,6/22/24,0.05,1,0,0,
37124086,Great location WestOakland big private room!,270407997,Tshaka,,Prescott,37.81347,-122.29958,Private room,150,1,0,,,1,364,0,
37432538,Play House in an Oakland House!,9434134,Daniel,,McClymonds,37.81774,-122.27983,Entire home/apt,133,2,43,8/11/25,0.58,1,70,7,
37600573,Charming apartment in irresistible Rockridge,13467172,Jon,,Shafter,37.83921,-122.25553,Entire home/apt,80,5,23,4/24/25,0.32,1,80,4,
37744895,Rockridge Urban Retreat,285359338,Keith,,Fairview Park,37.85057,-122.25988,Entire home/apt,150,6,18,5/4/25,0.26,1,274,2,
37783988,PrivateTemescal CraftsmanCottage,97825584,Julie,,Bushrod,37.84062576,-122.26754,Entire home/apt,110,2,101,8/20/25,1.4,1,238,16,
37831550,Updated in-law unit in Bushrod,5381274,Cristina,,Bushrod,37.8481,-122.26587,Entire home/apt,92,5,48,8/1/25,0.66,1,197,10,
37862281,Sunny Neighborhood Apartment in Oakland Hills,217316543,Samantha,,Glenview,37.80841,-122.21686,Entire home/apt,102,3,185,9/16/25,2.5,3,40,38,
37951038,Brand New Designer Row Home (3BR),5928036,Patrick,,Grand Lake,37.81621,-122.25097,Entire home/apt,242,3,147,9/11/25,1.98,1,318,24,
38028889,Cozy quiet neighborhood refreshed 1970s building.,288550885,Terry,,Oakmore,37.80593,-122.21012,Private room,59,2,17,10/16/24,0.25,1,344,1,
38160049,Hike-in Bay Views Cabin w HotTub,6887520,Danielle,,Sheffield Village,37.73389,-122.13217,Entire home/apt,194,1,325,9/10/25,8.78,2,249,113,
38160576,Garden  house,225154137,Angel,,Laurel,37.78831,-122.19658,Entire home/apt,216,1,175,9/21/25,3.21,8,332,23,
38162267,"Sweet  room w/ private parking, shared bath",225154137,Angel,,Upper Laurel,37.79024,-122.19442,Private room,63,1,49,2/2/25,0.67,8,150,2,
38163186,"Cozy room w/ private parking, shared bath",225154137,Angel,,Upper Laurel,37.78844,-122.19565,Private room,63,1,54,4/28/25,0.73,8,240,3,
38164461,"Comfortable room w/ private parking, shared bath",225154137,Angel,,Upper Laurel,37.79042,-122.19516,Private room,63,1,17,11/26/23,0.23,8,150,0,
38167540,"Spacious room w/ private parking, shared bath",225154137,Angel,,Upper Laurel,37.79061,-122.1954,Private room,63,1,44,9/22/25,0.6,8,237,3,
38191033,Cozy Downtown Studio,35424833,Brittney,,San Pablo Gateway,37.80592,-122.27429,Entire home/apt,77,7,32,2/19/25,0.44,5,127,3,
38232358,"Cozy master room w/ private parking, private bath",225154137,Angel,,Upper Laurel,37.78848,-122.19471,Private room,73,1,127,9/16/25,1.73,8,240,20,
38234176,Quiet In-law apartment in the lower Oakland hills,17962539,Jeff,,Glenview,37.80927,-122.21858,Entire home/apt,126,3,1,9/30/19,0.01,1,88,0,
38263870,"Quiet Garden, Bay View Studio",290797539,Sandra,,Eastmont Hills,37.76963,-122.16423,Entire home/apt,102,7,87,8/14/25,1.3,1,312,5,
38303625,"Private, Detached,  Urban Creekside Studio.",291220760,Sinead,,Upper Dimond,37.80368,-122.21599,Entire home/apt,83,4,299,9/7/25,4.16,1,302,46,
38381440,West Oakland Room in Renovated 110 year old home,48422,Keith,,McClymonds,37.81648,-122.27749,Private room,38,30,19,6/29/25,0.28,9,86,2,
38478275,"Upstairs bedroom in household, private full bath",25182396,Michele,,Crocker Highland,37.81298,-122.23108,Private room,,1,0,,,3,0,0,
38498180,Private room  Near to downtown oakland !!!,183015582,Gloria,,Oak Center,37.81036,-122.28716,Private room,58,3,3,8/24/23,0.11,3,179,0,
38540525,Cozy & Convenient 1br Condo in Piedmont,64250300,AnB,,Oakland Ave-Harrison St,37.82144,-122.25485,Entire home/apt,131,2,0,,,1,88,0,
38578828,Montclair in Oakland Hills. 4 bedrm 2 Bath w/Suite,150865969,B.,,Montclair,37.831,-122.21408,Entire home/apt,177,5,55,8/31/25,0.86,2,63,5,
38604439,Lake Merritt Pad,294724077,Melsons,,Cleveland Heights,37.80415,-122.25102,Entire home/apt,143,2,10,9/25/23,0.14,3,268,0,
38639419,Comfortable home near Coliseum,23937597,Sarah,,Bancroft Business-Havenscourt,37.76774,-122.18691,Entire home/apt,97,3,27,5/24/25,0.71,1,136,13,
38645880,Charming Apartment Oakland Hills,217316543,Samantha,,Glenview,37.80856,-122.21692,Entire home/apt,102,4,128,9/8/25,1.75,3,54,27,
38752070,Autumn Sale! Garden Oasis at Casa de las Palmas,210654,Mercedes,,Sausal Creek,37.78774503,-122.2225824,Entire home/apt,140,28,14,9/12/25,0.2,2,179,7,
38881936,Summer-house/OASIS on quiet street in ROCKRIDGE!,39562017,Dave,,Upper Rockridge,37.84404,-122.24363,Entire home/apt,276,1,110,8/7/25,1.52,1,328,19,
38911024,Luxurious House Beautiful Views on Claremont Hills,15461378,Amin,,Merriwood,37.85891,-122.21768,Entire home/apt,1766,90,3,6/30/20,0.05,1,358,0,
39034971,Peaceful Room in Craftsman Bungalow Near BART,11952732,Jocelyn,,Longfellow,37.83166,-122.27337,Private room,72,1,49,9/11/25,0.69,3,3,28,
39040829,Family home*free parking*spacious pvt yrd w patio,299207115,Odessa,,Arroyo Viejo,37.75892,-122.17955,Entire home/apt,181,4,23,1/4/25,0.32,3,88,1,
39168562,Private Room For Rent Queen Bed  Room G,275783723,Bipin,,Clinton,37.79546,-122.24616,Private room,52,5,3,1/9/23,0.04,2,177,0,
39177044,Sunny & Stylish Back Bungalow,267498795,Maura,,Piedmont Avenue,37.82901,-122.25283,Entire home/apt,,2,37,5/21/25,0.52,1,0,5,
39178917,Claremont Hills Haven!,2764647,Malcolm,,Claremont,37.85999,-122.24303,Entire home/apt,247,3,121,9/19/25,1.67,2,192,15,
39226628,Chambers Comfort 2,301050358,Jessie,,Columbia Gardens,37.73271,-122.19351,Entire home/apt,106,2,5,2/13/20,0.07,2,365,0,
39331140,The Succulent Studio in the Oakland hills,931346,Ibrahim,,Sequoyah,37.75912,-122.14765,Entire home/apt,65,30,10,5/17/25,0.22,1,154,2,
39417720,Plush 2BD/2BA Home @ W. Oakland BART - 7 min to SF,8124065,William,,South Prescott,37.80384,-122.29645,Entire home/apt,116,3,102,9/10/25,1.43,2,353,19,
39485814,Charming spacious two bedroom with an awesome view,22884535,Dirk,,Golf Links,37.76366,-122.16178,Entire home/apt,145,2,7,8/3/25,0.1,1,4,3,
39670902,Light Filled 1 BR Apartment in Heart of Temescal,15698767,Laura,,Temescal,37.82922,-122.25999,Entire home/apt,116,2,317,9/22/25,4.43,1,282,46,
39782053,Grand Modern Studio in Downtown! Nearby Bart!,76050077,Alexander Hour Kim,,Old City-Produce And Waterfront,37.80068,-122.27497,Entire home/apt,74,3,60,8/10/25,0.84,7,256,12,
39842936,The Gallery Room - West Oakland,3518,Traci,,Prescott,37.81045,-122.29354,Private room,90,1,5,1/2/25,0.12,7,0,1,
39863089,Lulu's Place: a safe gated retreat min to Downtown,52954335,Jonathan,,Woodminster,37.80466,-122.1839,Entire home/apt,180,2,118,9/21/25,1.69,1,127,14,
39869942,Cozy 1 BR street-level hideaway.,2089195,Florence,,Temescal,37.83225,-122.26126,Entire home/apt,96,2,132,9/15/25,1.84,1,137,21,
39874110,CozyOak Studio,37241035,Kenya,,Redwood Heights,37.79145,-122.19098,Entire home/apt,82,2,155,7/22/25,2.23,1,250,9,
39916662,Comfy Family-Friendly 2BR Near Piedmont w/ Parking,21622240,Hans,,Piedmont Avenue,37.825,-122.2501,Entire home/apt,117,2,141,9/14/25,2.29,3,227,23,
39928311,Cool Studio in Oakland Private with full kitchen,8191760,Daniel,,Harrington,37.78509,-122.21218,Entire home/apt,59,30,17,3/23/25,0.24,5,69,1,
39970730,Charming Rockridge Apartment Close to Everything!,28262284,Christine,,Fairview Park,37.84512,-122.2581,Entire home/apt,151,7,29,7/29/25,0.41,1,171,3,
40059515,Garden Guest Cottage in Sunny Oakland,5620947,Sara,,Upper Dimond,37.79857,-122.2012,Entire home/apt,99,2,28,9/7/25,0.4,1,73,2,
40192343,Rockridge home w/ hot tub 1/2 block to College Ave,29387386,Mark,,Fairview Park,37.84574,-122.25527,Entire home/apt,141,2,38,9/14/25,1.43,2,88,18,
40350988,Charming 1 Bedroom with private Balcony,15066039,Sara,,Allendale,37.78651,-122.20502,Entire home/apt,,3,4,11/6/23,0.15,1,0,0,
40487995,Quiet Oakland Studio Near Piedmont Ave,21622240,Hans,,Piedmont Avenue,37.82694,-122.25032,Entire home/apt,73,2,203,9/19/25,2.91,3,73,14,
40492007,Cozy Temescal Landing Zone,189795601,Alison,,Temescal,37.83549,-122.26281,Entire home/apt,120,1,1,5/14/24,0.06,1,358,0,
40569230,"Lovely 10 beds, $39 per person entire place booked",23869776,Sanelle,,Fremont,37.7727,-122.20505,Entire home/apt,297,3,2,8/4/25,0.04,4,89,1,
40681684,"Quiet, Elegant Apartment With Beautiful Views",640728,Jordan,,Upper Rockridge,37.8365,-122.23178,Entire home/apt,137,3,44,8/3/25,0.64,1,279,6,
40737145,Skyline Retreat with Spectacular Bay Views,316291643,Edmond,,Skyline-Hillcrest Estates,37.78818,-122.15231,Entire home/apt,289,28,24,12/29/24,0.34,1,119,2,
40838292,Guest Cottage,123109712,Gregory,,Upper Dimond,37.80049,-122.20708,Entire home/apt,85,10,4,8/31/23,0.06,1,98,0,
40839702,Trendy Modern Temescal Studio Close to Bart Kaiser,48422,Keith,,Mosswood,37.82362,-122.26372,Entire home/apt,73,30,210,8/20/25,3.01,9,283,13,
40902228,"~Share this epic mansion, Private room (or rooms)!",6722695,Elliot,,Clinton,37.79396,-122.24192,Private room,,28,11,10/15/22,0.2,28,0,0,
40989412,A peaceful place to call home when away from home.,77982772,Brittney,,Bushrod,37.84278,-122.26751,Private room,81,1,0,,,1,263,0,
41025960,"""Cabin Feel"" Home near the 580",108773416,Diane,,Dimond,37.79756,-122.20806,Entire home/apt,89,2,13,5/31/25,0.24,1,138,9,
41034923,Light-filled Spacious Studio and Gardens,3419611,Sundee,,Santa Fe,37.84307,-122.27264,Entire home/apt,122,20,83,8/17/25,1.19,4,342,12,
41046295,Light-filled spacious home with lovely gardens,3419611,Sundee,,Santa Fe,37.84471,-122.27125,Entire home/apt,211,28,13,11/24/23,0.19,4,43,0,
41098396,Mansion! Private room+shared massive common areas,6722695,Elliot,,Highland Terrace,37.79424,-122.24035,Private room,,3,4,7/18/21,0.06,28,0,0,
41207354,Spacious Wooded Get-Away,323338089,Mary,,Sequoyah,37.76507,-122.13548,Entire home/apt,135,31,17,7/31/25,0.26,1,363,2,
41210993,Dreamy Bay Area Escape with Two Balconies,44973187,Mike,,Laurel,37.79393,-122.20242,Entire home/apt,114,2,18,8/15/22,0.36,1,269,0,
41297957,Garden stay for your Bay adventure,56878637,Teri,,Glenview,37.80604,-122.21718,Entire home/apt,135,2,96,8/12/25,1.38,1,324,19,
41325003,"Sunset Spa Suite w/private patio, views & parking",5707603,Marianne,,Oakmore,37.81483,-122.20913,Entire home/apt,139,1,961,9/22/25,13.81,2,229,161,
41326553,Airstream Oakland,33947347,Justin,,Eastmont Hills,37.7714,-122.16763,Entire home/apt,73,1,151,4/2/25,2.18,2,11,3,
41345661,Anchor Cottage,177980847,Nancy,,Lincoln Highlands,37.8044,-122.20934,Entire home/apt,151,1,72,8/3/25,1.04,1,179,6,
41453836,Newly Renovated 2 Bedroom Private Apartment Unit 1,326210633,Susan,,Upper Laurel,37.78566,-122.18846,Entire home/apt,101,1,114,8/31/25,1.65,4,362,7,
41565390,Fabulous Rockridge Getaway-Walk To Everything!,36911051,Clarice Marie,,Upper Rockridge,37.84573,-122.2433,Entire home/apt,,5,43,3/31/24,0.63,2,0,0,
41718852,Jewel-box Studio near Lake Merritt. Work station,7592606,Francisco Javier,,Clinton,37.79711,-122.25058,Entire home/apt,,3,149,5/18/25,2.19,5,20,16,
41816452,Quaint and Charming 2BR APT in Central Oakland,329761404,Maan M.,,Golden Gate,37.84333,-122.28618,Entire home/apt,122,4,23,7/18/23,0.34,1,358,0,
41833808,Oakland  Berkeley border near Temescal & BART,330644817,Rubelina,,Bushrod,37.84149,-122.26538,Entire home/apt,105,7,31,11/12/24,0.45,1,68,1,
41908886,Luxurious Hillside Home w/AC & Gorgeous SF Views!,304721494,HostWell,,Hiller Highlands,37.85188,-122.22965,Entire home/apt,654,1,58,9/8/25,0.85,8,316,8,
41910074,Aesthetically Elegant Downstairs Unit in Oakland,331408224,Ron,,Glenview,37.81191635,-122.2215805,Entire home/apt,93,2,100,8/29/25,1.46,1,322,14,
42004579,Harrison St. Cozy Private Studio - Lake Merritt,68929857,Mehdi,,Oakland Ave-Harrison St,37.81715,-122.25525,Entire home/apt,73,2,197,9/4/25,2.87,5,208,15,
42018332,Private Suite with View of the San Francisco Bay,16755965,Yuanjing,,Claremont,37.85899,-122.23443,Private room,120,1,211,8/19/25,3.1,1,179,14,
42025866,Lake Merritt Home (3BD/2.5Bath) w/Free Parking,7766444,Brandon,,Adams Point,37.81224,-122.25223,Entire home/apt,181,5,20,5/6/25,0.46,1,267,5,
42038876,"Stylish cozy home near Mills college, DT Oakland",191425128,Femi,,Bancroft Business-Havenscourt,37.76759,-122.18134,Entire home/apt,,2,2,10/30/22,0.05,1,178,0,
42075369,Cactus House & Suite: 4 bedroom 3 bathroom,48120445,William,,Highland Terrace,37.79287,-122.23791,Entire home/apt,340,3,84,9/14/25,1.28,2,8,12,
42097953,Cozy Private walk Piedmont Ave / Kaiser Permanente,190647413,Cheong Kyle,,Piedmont Avenue,37.82655,-122.25661,Entire home/apt,96,4,107,8/31/25,1.56,2,239,14,
42160341,Cozy Bedroom,247514028,Chris,,Chabot Park,37.74913,-122.13072,Private room,46,90,0,,,1,365,0,
42161514,Luxury Classy Cottage. Centrally Located,334627218,Braunz,,Frick,37.77246,-122.19413,Entire home/apt,121,2,230,8/24/25,3.36,3,263,13,
42171803,Luxury 3BR Rockridge Retreat-Walk to everything!,36911051,Clarice Marie,,Upper Rockridge,37.84572983,-122.2433014,Entire home/apt,443,3,29,8/22/25,0.71,2,45,20,
42230667,3 Bedrooms in Dimond Area! Free Parking & Central,35331793,Roger,,School,37.79573,-122.21484,Entire home/apt,108,1,108,8/24/25,2.53,2,357,31,
42410180,Room 2 Blue Bed 1 at FacesOasis (Shared Room),195751579,Bruce,,South Prescott,37.80299,-122.29638,Shared room,26,1,37,6/30/25,0.55,12,84,7,
42423283,Unique Zen Sanctuary Retreat in Oakland Hills,272916776,Nina,,Oakmore,37.8134,-122.2027,Entire home/apt,105,2,31,8/23/24,0.5,2,266,0,
42433166,Room 2 Blue Bed 2 @ FacesOasis,195751579,Bruce,,South Prescott,37.80345,-122.29667,Shared room,33,1,29,8/9/25,0.46,12,89,5,
42433822,Room 2 Blue Bed 3 at FacesOasis,195751579,Bruce,,South Prescott,37.80309,-122.2953,Shared room,24,1,35,9/23/25,0.66,12,64,9,
42434101,Room 2 Blue Bed 4 at FacesOasis,195751579,Bruce,,South Prescott,37.80486,-122.29493,Shared room,32,1,27,9/20/25,0.43,12,89,1,
42495756,Studio‑Style Private Room • Nestled in the hills,292738667,Roxanne,,Sequoyah,37.766834,-122.140874,Private room,83,3,17,8/23/25,0.99,1,256,11,
42515248,"1bed1ba Full Kitchen, Laundry, Parking, & Backyard",8437748,Danny,,Harrington,37.78397691,-122.2157801,Entire home/apt,66,28,19,9/7/25,1.95,2,330,19,
42516581,Room 3 yellow Bed 1 at FacesOasis,195751579,Bruce,,South Prescott,37.80497,-122.29464,Shared room,24,1,66,9/5/25,1.09,12,79,12,
42589077,Room 1 Red bed 2 at FacesOasis,195751579,Bruce,,South Prescott,37.80417,-122.29474,Shared room,30,1,23,9/8/25,0.37,12,86,7,
42591846,2 bedroom steps from the Lake,294724077,Melsons,,Cleveland Heights,37.80433,-122.2507,Entire home/apt,,2,0,,,3,51,0,
42604792,2BR + 2BA w/Master Ste: 7 Minutes to San Francisco,51466242,Courtney,,Prescott,37.8102,-122.29906,Entire home/apt,184,2,31,9/21/25,0.5,2,205,6,
42623869,"Cute, charming, cozy apt near Lake & Downtown",109370853,Adriana,,Oakland Ave-Harrison St,37.81643,-122.25804,Entire home/apt,200,10,0,,,1,365,0,
42640344,"Lovely, All-inclusive, Private Home w Views",59256822,Emily,,Forestland,37.84503,-122.19875,Entire home/apt,,30,1,4/19/20,0.02,1,201,0,
42716125,Room 1 Private Red @ FacesOasis,195751579,Bruce,,Acorn-Acorn Industrial,37.80321,-122.29444,Private room,63,1,24,9/1/25,0.37,12,87,2,
42775518,Relaxing Lake Merritt Condo with Balcony + Pool,340670424,Adey,,Oakland Ave-Harrison St,37.81615,-122.25875,Entire home/apt,475,30,50,9/21/23,0.8,1,85,0,
42779642,Cozy Oasis - private space,174571874,Amira,,Oakland Ave-Harrison St,37.816,-122.25652,Entire home/apt,119,3,19,8/25/25,0.93,1,328,9,
42794473,"Adorable 1 bedroom apartment, close to Lake Merrit",75505985,Mackenzie,,Cleveland Heights,37.80289,-122.24379,Entire home/apt,85,1,4,12/4/20,0.06,1,88,0,
42795409,★Sunny★Comfy★Private Room Condo | Near OAK Airport,42163617,Alberta,,Durant Manor,37.73872,-122.16364,Private room,69,30,12,8/13/22,0.18,1,269,0,
42825839,★2BR Near Lake Merritt & Bart. Self-Checkin. WiFi!,4256598,J,,Merritt,37.7972,-122.25709,Entire home/apt,88,28,48,6/4/25,0.72,1,328,5,
42867178,"Serene foothills Garden Suite, private parking +EV",1110012,Daniel David,,Eastmont Hills,37.76734,-122.16264,Entire home/apt,75,2,162,9/6/25,2.41,2,53,46,
42937415,Beautiful Oakland Hills Studio Apartment,11851078,Isavane,,Glenview,37.80455,-122.22421,Entire home/apt,180,2,38,6/29/25,0.57,1,255,1,
43232018,1-bedroom + 1-bath + Kitchen + Laundry,219769481,Joanne,,Lincoln Highlands,37.8015,-122.20301,Entire home/apt,,365,1,1/17/25,0.12,3,22,1,
43375233,"Peaceful green, gated, As, concerts, airprtSFBART",7121069,Lucia,,Fitchburg,37.75371,-122.1868,Private room,57,1,8,12/11/23,0.13,3,208,0,
43510676,Private Entry Guest Suite &Bathroom.,109250099,Jared,,Brookfield Village,37.73539,-122.18474,Private room,76,2,30,8/20/25,0.47,2,13,1,
43576830,Private Basement unit · Near San Francisco,175153447,Cathy And Donald,,Clawson,37.82497,-122.28141,Entire home/apt,69,2,97,9/9/25,1.65,6,355,10,
43655518,Spacious Art Deco Flat in Grand Lake District,27016469,Gabe,,Grand Lake,37.81764,-122.24742,Entire home/apt,197,2,118,9/7/25,1.99,1,140,17,
43690500,Private In-Law Studio with Kitchen & Bathroom.,109250099,Jared,,Brookfield Village,37.73735,-122.18582,Entire home/apt,90,2,24,7/18/25,0.39,2,81,1,
43698674,"Modern Condo, in Heart of Oakland!",1305147,Chase,,Oakland Ave-Harrison St,37.81703,-122.25528,Entire home/apt,,30,0,,,1,0,0,
43779117,Small studio apartment in quiet neighborhood.,1024552,LaurieAnn,,Cleveland Heights,37.80734,-122.24455,Entire home/apt,90,3,55,9/3/25,0.87,2,303,6,
43870383,"Private, spacious and green",17816239,Aisha,,Mosswood,37.82387,-122.26428,Entire home/apt,75,30,0,,,1,359,0,
43912626,Comfy shared space w/ lots of extras (room 2 of 2),12520821,Ruth,,Glenview,37.80446,-122.22317,Private room,64,1,26,8/31/25,0.41,2,323,4,
43960787,Newly Renovated 2 Bedroom Private Apartment Unit 2,326210633,Susan,,Redwood Heights,37.78576,-122.18725,Entire home/apt,127,1,90,7/27/25,1.43,4,171,9,
43984150,"The not so tiny, tiny house (with private laundry)",168278187,Heather,,Millsmont,37.77675,-122.1737,Entire home/apt,108,1,209,9/10/25,3.39,1,0,48,
44012448,Gorgeous and Comfortable Craftsman Bungalow,11952732,Jocelyn,,Longfellow,37.83164,-122.27188,Entire home/apt,103,2,49,8/17/25,0.78,3,14,14,
44062371,"Great Piedmont Avenue location, offstreet parking",46255594,Heidi,,Piedmont Avenue,37.8302002,-122.2501221,Entire home/apt,290,31,11,9/15/24,0.19,2,266,0,
44104854,"Relaxing Vintage Bungalow - Hikes, Airport, Beach…",193302353,Yashwantsinhji,,Maxwell Park,37.77515,-122.19261,Entire home/apt,199,2,138,9/16/25,2.69,1,158,20,
44180683,Victorian charm in Oakland,2852595,Arila,,Hoover-Foster,37.81515,-122.2725,Entire home/apt,,2,1,8/8/24,0.07,1,0,0,
44251536,Near Highland Hospital,356628755,Luis,,Tuxedo,37.79997,-122.22828,Private room,51,5,22,5/27/24,0.38,2,364,0,
44381379,Private and comfortable,6492691,Kellie,,Fairfax Business-Wentworth-Holland,37.77168,-122.20176,Private room,61,30,0,,,2,269,0,
44381551,A quiet space of your ow,6492691,Kellie,,Fairfax Business-Wentworth-Holland,37.77142,-122.2015,Private room,50,30,0,,,2,269,0,
44420420,Charming & Modern Oakland Bungalow,2649490,Adam,,Reservoir Hill-Meadow Brook,37.79274,-122.22505,Entire home/apt,162,28,13,8/9/25,0.22,1,66,4,
44433418,Comfy 2 bedroom cottage centrally located,2666790,Amy,,Bartlett,37.78662,-122.21406,Entire home/apt,,2,96,9/21/25,1.53,2,0,14,
44450192,Light-Filled Retreat in Coveted Upper Rockridge,8716951,Ashley,,Upper Rockridge,37.83206,-122.22465,Entire home/apt,425,28,16,7/16/23,0.26,1,112,0,
44544451,Bon Voyage Home. Great For Getting Around Town!,119987951,Jamar,,Coliseum,37.754,-122.19474,Entire home/apt,222,2,204,9/7/25,3.26,2,98,15,
44576111,Private Bedroom and Bath in a Renovated  Victorian,79767904,David,,Paradise Park,37.8439,-122.27891,Private room,161,14,0,,,1,87,0,
44579024,Garden Studio in Claremont Hills - 1 week min stay,11550754,Julie,,Claremont,37.85786,-122.23969,Entire home/apt,65,7,60,9/6/25,1.03,1,343,8,
44629087,"Private, Renovated Lakeshore Area Apartment",11446869,Andrea,,Lakeshore,37.8136,-122.24135,Entire home/apt,100,30,15,8/24/25,0.27,1,157,3,
44749975,Studio-LongTerm Comfort ConvenienceQuietCentral,4326883,Leslie,,Santa Fe,37.84117,-122.2715,Private room,112,30,148,8/31/25,2.38,6,328,4,
44807926,UC Berkeley/SF StudioFull Kitchenette Long Term,4326883,Leslie,,Santa Fe,37.83939,-122.27015,Entire home/apt,112,30,134,7/13/25,2.16,6,258,3,
44948942,"UC Berkeley, Nurses, Nomads - Term Med to Long",4326883,Leslie,,Santa Fe,37.83929,-122.2699,Entire home/apt,75,30,133,8/31/25,2.14,6,333,2,
44949791,Light Filled One Bedroom,34546377,Liza,,Grand Lake,37.81643,-122.25095,Entire home/apt,95,14,3,8/6/21,0.05,1,59,0,
45000911,West Oakland Master Bedroom in Renovated Old House,48422,Keith,,McClymonds,37.81463,-122.27752,Private room,39,30,16,8/6/25,0.26,9,325,4,
45079017,Farmhouse Casita,51853,Kendall,,Santa Fe,37.84517,-122.2764,Entire home/apt,,14,2,5/21/24,0.04,1,0,0,
45091241,Lovely 4 bedroom Home with a patio,56135832,Richard,,Hoover-Foster,37.81875,-122.27016,Entire home/apt,190,1,22,8/10/25,0.43,2,351,5,
45116241,Comfortable Private Cottage @ Beautiful Lakeshore,349024325,Kate And Miles,,Trestle Glen,37.80838,-122.23751,Entire home/apt,107,2,67,4/26/25,1.13,1,197,9,
45195446,"Private, Peaceful, Elegant Stay",22178415,Esteban,,Fairfax,37.77811,-122.2001,Entire home/apt,125,7,12,9/12/25,0.2,5,178,1,
45257297,Relaxing Retreat: Studio in the Trees,95192296,Teri J,,Piedmont Pines,37.8219,-122.20055,Entire home/apt,,2,106,9/18/25,1.8,2,247,19,
45286807,Lively One Bedroom,86310705,Monica,,Bushrod,37.84289,-122.26492,Entire home/apt,,3,141,8/12/25,2.4,1,112,28,
45303012,Light filled Condo w Sunny peacefl backyd Quiet st,3240751,Robert,,Paradise Park,37.8435,-122.27878,Entire home/apt,216,4,66,8/18/25,1.32,1,333,13,
45304116,Quiet Room with Dedicated Bathroom,6201478,Irene,,Fairfax,37.78017,-122.20485,Private room,37,4,8,5/28/25,0.64,3,297,7,
45413855,"Romantic Getaway w Fireplace, Parking, Art Near SF",367272912,Jess,,Longfellow,37.82983,-122.27627,Entire home/apt,89,2,289,9/17/25,4.74,9,338,42,
45414203,Artistic Cozy Getaway with Fireplace & Vintage Tub,367272912,Jess,,Longfellow,37.83005,-122.27648,Entire home/apt,72,1,263,9/19/25,4.3,9,75,38,
45456666,Guest suite in Beautiful rural setting!,770960,Rebecca,,Redwood Heights,37.78735,-122.17807,Entire home/apt,75,3,128,9/1/25,2.1,2,149,9,
45458547,Cozy 2BR Victorian • Near SF • 30% off Sept!,33456760,Yasmin,,Prescott,37.81294,-122.29597,Entire home/apt,121,1,225,9/12/25,3.73,2,159,61,
45498110,Open Floor Plan Apartment in Rockridge,56874549,Fatima,,Fairview Park,37.85043,-122.25289,Entire home/apt,99,31,165,8/3/24,2.79,6,364,0,
45532066,Rockridge District Live like a Local,56874549,Fatima,,Fairview Park,37.84993,-122.25296,Entire home/apt,99,31,89,7/19/25,2.1,6,109,4,
45621974,Oakland Hills - hike - bike - trails - views,104286223,Michael,,Forestland,37.83808,-122.1899,Entire home/apt,150,14,6,6/22/24,0.1,1,87,0,
45652110,Rockridge Cottage with a Jazzy Vibe,7305178,Darlene,,Upper Rockridge,37.84894,-122.24201,Entire home/apt,143,5,59,8/12/25,1,1,236,11,
45713820,Oakland 1920's Bungalow-Cat Sanctuary,24533455,Matthew,,Allendale,37.78921,-122.20362,Entire home/apt,,3,7,8/12/24,0.13,1,0,0,
45755693,Modern Full Kitchen Cottage With Private Patio,358749131,Chanda,,Eastmont Hills,37.77154,-122.16149,Entire home/apt,107,2,86,8/23/25,1.46,1,340,13,
45799859,Great Studio at Rockridge,56874549,Fatima,,Rockridge,37.85035,-122.25126,Entire home/apt,79,31,144,4/22/25,2.5,6,179,2,
45846483,"60%promo 2mos Oct31 Central, Calm, Student, Nurses",4326883,Leslie,,Santa Fe,37.83983,-122.27004,Entire home/apt,72,30,129,8/5/25,2.15,6,170,2,
45864429,Right in the Heart of Temescal,44455657,Andrzej,,Temescal,37.83623,-122.26079,Entire home/apt,229,2,14,4/26/24,0.26,1,365,0,
45880227,Spacious Private Home with All inclusive Amenities,14960781,Charles,,Sheffield Village,37.73665,-122.13751,Entire home/apt,,3,0,,,1,0,0,
45883684,Eco-friendly Private 1 bedroom Apartment,48727601,Joie,,Dimond,37.79636,-122.20398,Entire home/apt,88,2,29,8/10/25,0.51,1,240,5,
46056362,Loft living in beautiful Jack London Square,2810100,Jenny,,Old City-Produce And Waterfront,37.7969,-122.27153,Entire home/apt,117,5,12,2/4/25,0.2,1,8,1,
46108559,Modern Crocker Highland Studio - Quiet,373671749,Stacy,,Lakeshore,37.81492,-122.23596,Entire home/apt,98,2,91,9/12/25,1.56,1,247,12,
46109598,Oakland Victorian with a yard,3202742,Steve,,Ralph Bunche,37.81276,-122.27807,Private room,110,1,3,9/19/24,0.12,1,267,0,
46318816,Your large family gathering home with Bay views,444975136,Bill,,Woodminster,37.80614,-122.18619,Entire home/apt,274,3,143,9/2/25,2.61,1,213,41,
46474361,Unique home in Montclair hills,16355966,Géry,,Forestland,37.84088,-122.20251,Entire home/apt,,14,5,7/30/25,0.09,1,0,1,
46474597,Garden Apartment in Maxwell Park,2908333,Kaila,,Maxwell Park,37.77907,-122.19498,Entire home/apt,,5,33,8/31/25,0.57,1,153,3,
46476911,Urban Poster Palace,17335840,Jessica,,Old City-Produce And Waterfront,37.80152,-122.27706,Entire home/apt,101,1,46,12/2/24,0.79,1,3,3,
46490171,Japanese Tatami Retreat + Cottage | Oakland Hills,272916776,Nina,,Oakmore,37.81527,-122.20401,Entire home/apt,203,1,0,,,2,328,0,
46531796,Beautiful Modern ADU Apt With Private Entrance,12707416,Joel,,Millsmont,37.77747,-122.17448,Entire home/apt,96,1,333,9/17/25,5.67,2,5,54,
46609773,Newly Remodeled Private Room (O3),2283153,Rox Sun,,Hoover-Foster,37.82206,-122.27253,Private room,52,15,7,5/13/24,0.12,5,365,0,
46623138,4B3B Gated House near Zoo Coliseum FWY BART | 2402,227225802,Sisley,,Castlemont,37.76151,-122.16645,Entire home/apt,128,2,95,9/8/25,1.64,8,173,16,
46697038,Central location! Teams! House 9bd5ba parking/WD,89124429,Alice,,Laurel,37.79516,-122.20386,Entire home/apt,699,2,11,5/11/25,0.21,7,365,2,
46708304,Private big room in Oakland hill,63113094,Niphaphorn,,Redwood Heights,37.79638,-122.19207,Private room,255,85,18,9/30/24,0.33,3,269,1,
46710923,Cozy Sunlit Private Suite with Private Entrance,607871,Anna,,Clinton,37.79575,-122.2395,Entire home/apt,63,31,40,8/31/24,0.7,3,359,0,
46815297,Cozy and bright Fruitvale studio with parking,7174740,Stephen,,Saint Elizabeth,37.77903,-122.22443,Entire home/apt,68,2,109,9/14/25,1.93,1,196,17,
46873472,East Oakland Family Home + Healing Garden!,5062811,Mira,,Bancroft Business-Havenscourt,37.76983,-122.18958,Entire home/apt,159,3,6,7/15/21,0.11,2,8,0,
46975263,Modern Tiny House with Fenced Yard & Fire Pit,14506268,Tobey,,Eastmont,37.76345,-122.16719,Entire home/apt,,30,78,8/25/25,1.34,1,66,5,
47162506,"Epic Mansion! Private Room, Laundry, 2 Kitchens",6722695,Elliot,,Clinton,37.79615,-122.24127,Private room,,28,16,8/10/24,0.28,28,0,0,
47218526,Cozy Garden Cottage,4933170,Virginia,,Montclair,37.82803,-122.22149,Entire home/apt,100,30,20,7/31/24,0.39,3,140,0,
47258267,Largest most elegant room in mansion!,6722695,Elliot,,Clinton,37.79551,-122.23996,Private room,84,30,5,3/17/22,0.09,28,365,0,
47337882,Live Like a Local in Oakland,540146,Karen,,Oakland Ave-Harrison St,37.82124,-122.25934,Entire home/apt,82,5,38,8/23/25,0.69,1,107,9,
47394199,Newly Renovated Studio with Bay Area Views,29588033,Brooke,,Woodminster,37.80781,-122.18878,Entire home/apt,120,14,15,7/26/24,0.26,1,352,0,
47395247,*Share this epic mansion; Private room or rooms!,6722695,Elliot,,Highland Terrace,37.79478,-122.23991,Private room,,28,7,1/31/24,0.13,28,0,0,
47448740,Beautiful peaceful Piedmont home. Walk everywhere!,3686645,Michele,,Lakeshore,37.81682,-122.23617,Entire home/apt,327,5,12,7/5/25,0.22,1,162,3,
47455556,Contemporary Private Suite with Amazing Bay Views,53372925,Jeff,,Merriwood,37.84473,-122.21294,Entire home/apt,110,5,74,7/20/25,1.3,1,266,4,
47570906,5 minutes to shops restaurants and bart station,384014384,Tadios,,Temescal,37.82849,-122.25941,Entire home/apt,233,2,88,9/19/25,1.56,1,262,6,
47581158,Private Garden Cottage Retreat,49180247,Lynnette,,Maxwell Park,37.77937,-122.19527,Entire home/apt,,14,35,7/29/25,0.63,1,0,5,
47722904,Urban Renaissance,119987951,Jamar,,Eastmont,37.76198,-122.17102,Entire home/apt,261,2,139,9/7/25,2.44,2,169,20,
47812333,Private Studio Cottage,25968124,Dennis,,Castlemont,37.75586,-122.16212,Entire home/apt,95,28,1,2/15/21,0.02,1,142,0,
47860432,Private Cottage in Oakland Hills - Redwood Forest,65738140,Clair,,Skyline-Hillcrest Estates,37.78589,-122.14686,Entire home/apt,153,2,89,8/30/25,1.58,1,356,12,
47891673,Private and Newly Renovated Studio!,35331793,Roger,,School,37.79545,-122.21437,Entire home/apt,71,1,34,8/18/25,0.61,2,350,6,
48070020,Garden flat with city vistas-central location,36819494,Fritz,,Cleveland Heights,37.807571,-122.247505,Entire home/apt,101,8,40,8/21/25,0.77,1,214,7,
48110354,Private and Spacious Garden Suite in Oakland,45394072,Huiging,,Golf Links,37.75704,-122.1511,Entire home/apt,66,4,74,8/15/25,1.32,1,69,1,
48122054,"4BR duplex with lots of land, steps from SF!",15621901,Justin,,Oak Center,37.80703,-122.28365,Entire home/apt,374,7,0,,,1,89,0,
48183089,Magnolia Cottage-Cozy & Stylish. LGBQ+Welcoming!,12624832,Joyce,,Fairview Park,37.85151,-122.25659,Entire home/apt,150,3,38,9/19/25,0.82,1,307,9,
48197029,Villa in the Sky,388844798,Steven,,Upper Rockridge,37.8453,-122.23075,Entire home/apt,,4,6,12/27/22,0.14,1,0,0,
48220102,Minimalist Zen Overlooking,230670970,Jenuine,,Chabot Park,37.74732,-122.12906,Entire home/apt,,7,0,,,10,0,0,
48312783,*Sunny & Modern Apartment* Getaway/Work from Home,25828323,Shimrit,,Oakland Ave-Harrison St,37.81475,-122.25764,Entire home/apt,115,2,175,7/27/25,3.14,4,67,15,
48362726,Find Serenity in the Oakland Hills,1495324,Diana,,Merriwood,37.847,-122.21241,Entire home/apt,270,4,1,7/28/22,0.03,1,142,0,
48376453,Spacious 2BR — Perfect for Families and Friends,141697526,Sue,,Glenview,37.80918,-122.22242,Entire home/apt,136,3,139,9/22/25,2.54,1,288,36,
48383540,Private In-Law Suite Historic Crocker Highlands,143147703,Laura,,Crocker Highland,37.81275,-122.22741,Entire home/apt,122,3,202,7/12/25,3.65,1,80,27,
48443795,Homey studio unit - your home away from home!,8191760,Daniel,,Clawson,37.8236,-122.28235,Entire home/apt,52,30,0,,,5,86,0,
48505372,"The Perch: A Cottage in Sunny Oakland 
 / Piedmont",3241133,Fay,,Lakeshore,37.81820909,-122.2417041,Entire home/apt,306,3,14,9/3/25,1.33,2,336,14,
48505378,Grand Lake Estate,3241133,Fay,,Lakeshore,37.81709,-122.2428,Entire home/apt,872,5,5,6/17/25,0.48,2,146,5,
48630564,"Mansion-Queen bed, laundry, super fast Wi-Fi",6722695,Elliot,,Highland Terrace,37.79422,-122.23992,Private room,,28,13,5/29/24,0.24,28,0,0,
48654602,Clean Private Room with Fast Internet,2272083,Muhammad Adinata,,Golf Links,37.76335,-122.1627,Private room,60,2,88,9/10/25,1.68,2,89,20,
48750913,Private quiet room at a convenient location (O2),2283153,Rox Sun,,Hoover-Foster,37.8244,-122.27152,Private room,47,15,9,8/24/25,0.17,5,357,1,
48806761,Beautiful 2 bedroom Apt with Washer Dryer by BART,35594830,Viviane,,Prescott,37.81051,-122.301,Entire home/apt,91,30,29,5/25/25,0.53,2,359,4,
48815053,Cozy & Chic Farmhouse Studio: Walk to Lake Merritt,10505406,Lucy,,Merritt,37.79652,-122.25529,Entire home/apt,65,1,295,9/18/25,5.49,1,339,62,
48847816,Charming Studio Apartment,8191760,Daniel,,Clawson,37.82306,-122.28225,Entire home/apt,62,30,8,8/7/23,0.15,5,167,0,
48888688,Penthouse apartment in Central Oakland,14601343,,,Oakland Ave-Harrison St,37.82146,-122.25702,Entire home/apt,136,2,19,8/31/23,0.42,2,48,0,
48917599,Oakland Oasis,36491050,Heidi,,Maxwell Park,37.78051,-122.19233,Entire home/apt,96,31,9,10/24/23,0.17,1,50,0,
48939178,Spacious Oakland Hills home with peaceful views,55588089,Joelle,,Oakmore,37.81282,-122.20553,Entire home/apt,333,2,219,9/7/25,4.03,3,136,37,
48955907,"Bedroom, Yoga Room and Private Bathroom for Summer",51086296,Sarp,,South Kennedy Tract,37.77310602,-122.2336707,Private room,73,3,7,6/12/22,0.13,2,304,0,
48956579,Charming place to sleep,104638328,Yuri,,Sequoyah,37.74808,-122.14865,Private room,81,1,1,6/11/21,0.02,1,89,0,
49001494,Unique “Tiny Home” Treehouse  - Detached & Private,16114931,Amelia,,Oakmore,37.81621,-122.20424,Entire home/apt,87,2,127,9/15/25,2.41,2,284,20,
49012978,House in the clouds with million dollar view,19873522,Ted,,Shepherd Canyon,37.82412,-122.20063,Entire home/apt,214,7,51,8/11/25,0.98,1,222,8,
49090573,Cozy in Oakland,133266451,Tia,,Upper Peralta Creek-Bartlett,37.7921,-122.21242,Entire home/apt,195,7,4,5/27/25,0.08,1,365,1,
49129542,"Spacious Private Room, Convenient Location",2283153,Rox Sun,,Hoover-Foster,37.82222,-122.27259,Private room,53,14,4,6/19/25,0.12,5,362,2,
49172428,Modern newly built Spaceroom,248557640,Chad,,Durant Manor,37.73936462,-122.1611481,Entire home/apt,90,6,106,9/18/25,1.96,1,259,13,
49199938,"Magnolia style, urban appeal",29195991,Julie,,Piedmont Avenue,37.82568,-122.25299,Entire home/apt,99,30,81,8/29/25,1.5,2,137,1,
49257676,New Remodeled Studio | full kitchen + W/D,17223105,Shari,,Upper Dimond,37.80339,-122.21639,Entire home/apt,96,2,66,5/25/25,1.22,5,80,8,
49270807,Remodeled Elegant 4br/3ba House,206014558,Daisy,,Allendale,37.78346295,-122.20301,Entire home/apt,180,3,22,8/23/25,0.84,4,77,12,
49275250,Private Room and bath/Studio near BART,29827287,Neucimar,,Longfellow,37.82817,-122.27159,Private room,51,2,84,9/18/25,1.63,2,251,21,
49292919,Quiet Garden Gem,1984069,Eve,,Santa Fe,37.84128,-122.27244,Entire home/apt,162,7,1,5/22/25,0.24,1,47,1,
49326407,“Cozy-Vibes Château”,1592786,Julia,,Seminary,37.7655,-122.19955,Private room,57,1,150,9/17/25,2.8,4,361,31,
49350780,Entire 2 Bd Apt  Pvt Patio Near Lake Merritt,22178415,Esteban,,Lynn-Highland Park,37.80261,-122.23485,Entire home/apt,125,7,14,1/24/24,0.26,5,88,0,
49367844,"Villa, Queen bed, FAST Wi-Fi, BIG kitchen, laundry",6722695,Elliot,,Clinton,37.79424,-122.24201,Private room,,28,9,6/1/23,0.17,28,0,0,
49426570,Dreamy Studio Apartment Attached to Cafe,43612270,Antoine,,Clinton,37.7957,-122.24342,Entire home/apt,105,2,45,3/31/25,0.85,1,146,3,
49449029,Tranquil cozy backyard cottage,9703902,Jordan,,Gaskill,37.83794273,-122.280074,Entire home/apt,79,4,118,9/15/25,2.21,1,245,23,
49466918,"Historic Mansion Private Room, Queen Bed, 1G Wi-Fi",6722695,Elliot,,Clinton,37.79618,-122.24077,Private room,,30,8,4/1/23,0.16,28,0,0,
49479444,Modern Oasis close to Bay Bridge with Gym.,4241620,Keith,,McClymonds,37.82235,-122.2845,Entire home/apt,333,3,13,7/14/25,0.28,1,85,3,
49490088,Spacious Light Filled Studio Near Rose Garden,16361352,Jessica,,Grand Lake,37.81773,-122.24698,Entire home/apt,88,14,28,9/23/25,0.54,1,203,7,
49503817,Renovated Beautiful Small Studio By BART,35594830,Viviane,,Prescott,37.81117,-122.29896,Entire home/apt,70,6,73,8/31/25,1.42,2,298,17,
49505576,Fruitvale gem,34951045,Dwayne,,Patten,37.79014,-122.21971,Entire home/apt,,5,16,2/28/25,0.37,2,202,2,
49518819,Your quiet retreat in the middle of it all,87509620,Lesley,,Temescal,37.83305,-122.25735,Entire home/apt,,3,112,10/29/24,2.11,1,0,2,
49568251,"5BR/3BA 12 SLEEPS. USE 3 UNITS [1F,2F & CONTAINER]",175153447,Cathy And Donald,,Clawson,37.82585,-122.28093,Private room,,2,23,7/13/25,0.44,6,353,3,
49687147,Charming Private Apartment at Lake Merritt,2039397,Kathy,,Cleveland Heights,37.80418015,-122.2481308,Entire home/apt,103,4,76,9/21/25,1.65,1,247,17,
49711474,Camper van $499/month,1936623,D Trevor,,Bushrod,37.84252,-122.26712,Private room,,14,8,8/14/25,0.16,4,288,1,
49711736,Relax at a Modern West Oakland Victorian,4744742,Joseph,,Oak Center,37.81125,-122.29152,Entire home/apt,221,28,1,6/28/21,0.02,1,269,0,
49738436,Enlightenment House in Magical Oakland Hills,2535277,Shelley Faye,,Sequoyah,37.76416,-122.14027,Entire home/apt,359,2,42,6/3/25,0.8,1,361,4,
49754313,Spacious East Bay Artists Retreat w/ Deep Soak Tub,13890647,Angela,,Gaskill,37.84032,-122.2807,Entire home/apt,184,2,24,6/12/22,0.46,1,261,0,
49760976,Comfy Oakland Oasis 15 min from San Francisco,400028551,Brandon,,Prescott,37.80897,-122.29809,Entire home/apt,74,3,89,8/3/25,1.68,1,361,7,
49776642,Charming 1BR Apt Near Piedmont Ave in Oakland,21622240,Hans,,Piedmont Avenue,37.82533,-122.24889,Entire home/apt,108,2,149,9/18/25,2.82,3,79,24,
49782111,Bay views! Oasis in Oakland Hills. Easy access SF,1733861,Morten,,Eastmont Hills,37.76688,-122.16465,Entire home/apt,135,4,14,7/31/25,0.28,1,89,4,
49782376,Gated cottage*self ck-in*fast WiFi*free parking,299207115,Odessa,,Fitchburg,37.75332,-122.19144,Entire home/apt,97,3,28,10/20/23,0.53,3,363,0,
49801223,Location! Nice house 3bd-2ba/Washer Dryer,89124429,Alice,,Laurel,37.79325,-122.20354,Entire home/apt,161,2,30,8/7/25,0.61,7,239,3,
49859671,Beautiful large updated 1 bedroom home!!,241888875,James,,Millsmont,37.77379,-122.17935,Entire home/apt,143,2,2,6/5/22,0.05,1,269,0,
49865474,Private 1 bedroom garden cottage near Lake Merritt,7629607,Jintang,,Lakeshore,37.81545,-122.24541,Entire home/apt,152,1,92,7/6/25,1.76,3,263,9,
49882558,Comfy Hidden Gem in the Bay Area - close to SF,17471496,Hastee,,Arroyo Viejo,37.7617,-122.17512,Entire home/apt,123,2,127,9/14/25,2.43,2,261,21,
49929671,Beautiful house in the heart of North Oakland,150772384,Amerin,,Piedmont Avenue,37.832077,-122.250565,Entire home/apt,,7,7,6/6/24,0.17,1,0,0,
49939626,Walker’s Paradise in Oakland,3464223,Nairobi,,Piedmont Avenue,37.82285,-122.25568,Entire home/apt,138,2,70,8/9/25,1.35,1,261,8,
49983022,"Large Two Bedroom Flat & Yard, near San Francisco",403088528,Qiong Xian,,Reservoir Hill-Meadow Brook,37.78983,-122.22718,Entire home/apt,138,2,38,9/8/25,0.75,1,158,4,
49988277,Grand Lake Haus | Bright • Spacious • Firepit,26495404,Madison,,Lakeshore,37.81722,-122.245,Entire home/apt,300,3,13,8/30/25,1.22,1,36,13,
49989402,Comb away from home,340833060,Saia,,Coliseum,37.76073,-122.19585,Private room,158,1,0,,,1,365,0,
50072898,"Temescal Retreat | Pet-Friendly, Parking & BART",262072616,Michelle,,Mosswood,37.82697,-122.26274,Entire home/apt,147,2,223,9/10/25,4.34,4,66,55,
50075123,14 mins to sf! room with private bath and backyard,70559334,Xinyue,,Clawson,37.82775,-122.2918,Entire home/apt,81,1,327,8/29/25,6.24,1,1,41,
50082995,"Blueground | Oakland, a/c, sky deck, near bart",107434423,,,Downtown,37.8064722,-122.2695026,Entire home/apt,293,31,0,,,21,1,0,
50111243,stationhaus | modern industrial townhome | 30 day+,404311124,Gabriel,,Prescott,37.81448,-122.29946,Entire home/apt,155,30,164,5/18/25,3.16,1,335,10,
50116621,"Mansion! BR w/ Queen bed. Wi-Fi, laundry, kitchen",6722695,Elliot,,Highland Terrace,37.79399,-122.24033,Private room,,28,7,10/1/24,0.14,28,0,1,
50122458,"Blueground | Oakland, a/c, sky deck, near bart",107434423,,,Downtown,37.8064722,-122.2695026,Entire home/apt,206,31,0,,,21,1,0,
50129774,Mid-century charmer close to everything,1706792,Alexa,,Longfellow,37.83259,-122.27084,Entire home/apt,,2,32,12/31/24,0.65,1,0,2,
50138745,Beautiful sweet retreat,770960,Rebecca,,Leona Heights,37.7889,-122.17607,Entire home/apt,75,3,99,9/11/25,1.89,2,171,19,
50157659,A Quiet Studio w/ Parking!,2088091,Robin,,Longfellow,37.83023,-122.27563,Entire home/apt,155,2,35,9/12/25,0.68,1,365,4,
50158480,Delightful tiny house with loft in Maxwell Park,35429383,Brandy,,Maxwell Park,37.78149,-122.19924,Entire home/apt,,1,99,6/4/25,1.92,1,8,23,
50161591,"Blueground | Oakland, a/c, fitness, near bart",107434423,,,Lakewide,37.80626,-122.26601,Entire home/apt,166,31,4,7/23/23,0.08,21,329,0,
50161605,"Blueground | Oakland, a/c, fitness, near bart",107434423,,,Lakewide,37.8062574,-122.2660091,Entire home/apt,166,31,1,10/6/21,0.02,21,209,0,
50215073,Luxurious 3-bedroom townhouse in Oakland,26267665,Tayo,,McClymonds,37.81663,-122.28021,Entire home/apt,169,28,78,8/16/25,1.64,3,208,3,
50218471,Spacious Master w/ Ensuite Bath in Modern Townhome,51086296,Sarp,,South Kennedy Tract,37.77254,-122.23372,Private room,76,29,3,8/16/24,0.09,2,358,0,
50247450,Large secluded guest suite with patio and garden,47072207,Fouad,,Upper Rockridge,37.85022,-122.23838,Entire home/apt,119,2,48,9/10/25,0.93,2,156,5,
50268386,Sunny and Clean Private Room with Fast WiFi,2272083,Muhammad Adinata,,Eastmont Hills,37.76346,-122.16412,Private room,48,2,53,7/13/25,1.02,2,89,11,
50311206,*Large Newly Remodeled Apt*Great for Work or Play!,25828323,Shimrit,,Oakland Ave-Harrison St,37.81411,-122.25899,Entire home/apt,123,2,148,9/3/25,2.92,4,64,28,
50314498,Lake Merritt One Bed  # 1 No stairs,83404177,Woudenesh,,Grand Lake,37.81531,-122.24664,Entire home/apt,,14,7,6/1/25,0.15,7,141,1,
50384530,"Modern 3Br 2Ba New Home, Super Convenient",9542652,Jason,,Santa Fe,37.84467,-122.2729,Entire home/apt,194,1,225,9/21/25,4.35,2,337,46,
50418827,Family/Corporate/Promotional,11608635,Adi Ludi,,Fairfax Business-Wentworth-Holland,37.77079,-122.19998,Entire home/apt,1700,2,0,,,4,269,0,
50446498,Private Suite w/Patio + Parking | Borders Berkeley,4805917,Jennifer,,Santa Fe,37.84448,-122.27135,Entire home/apt,119,1,131,9/14/25,2.53,1,247,22,
50476465,Oakland 3bed home w/ views and backyard BBQ,407794562,Najiba,,Toler Heights,37.74934108,-122.1540411,Entire home/apt,143,3,34,8/10/25,0.67,1,78,4,
50546059,Guesthouse Garden Retreat,5455063,Michelle,,Toler Heights,37.75877,-122.16036,Entire home/apt,78,1,360,9/1/25,6.95,1,119,67,
50573636,Cute & Cozy West Oakland 1-bedroom retreat,38703448,Alexander,,Oak Center,37.80907,-122.28256,Entire home/apt,86,30,7,8/31/25,0.19,1,69,1,
50591241,Mid Century Urban Oasis,3191582,Sonam,,Downtown,37.81081,-122.26916,Entire home/apt,163,2,110,9/19/25,2.14,2,350,34,
50591379,Architectural Cabin Sanctuary in Vibrant Oakland,2821886,Oliver,,Oakland Ave-Harrison St,37.81968,-122.26081,Entire home/apt,117,30,2,8/10/24,0.04,1,163,0,
50637120,Private room in a spacious chic Uptown Oakland gem,3191582,Sonam,,Downtown,37.81005,-122.26907,Private room,130,2,11,5/19/23,0.22,2,0,0,
50684096,borrado,409582510,Lina,,Castlemont,37.756516,-122.166687,Private room,116,8,0,,,1,365,0,
50699556,Lovely condo in West Oakland + private parking.,18913809,Shahand,,Prescott,37.81161,-122.29974,Entire home/apt,100,30,2,12/31/22,0.04,1,77,0,
50735725,Bright and Light 3-Bedroom Oasis with Hot Tub,4834453,Stacy,,Glenview,37.8036,-122.22282,Entire home/apt,280,2,12,5/18/25,0.25,1,92,5,
50775606,"Mansion! Private room, laundry, FAST Wi-Fi",6722695,Elliot,,Highland Terrace,37.79386,-122.24063,Private room,,28,6,3/1/24,0.12,28,0,0,
50787505,Only 8 Miles From San Francisco!,5215637,Kristina,,Grand Lake,37.81665848,-122.2509438,Entire home/apt,158,7,0,,,1,178,0,
50806864,Cozy guesthouse studio,164366996,Ameerah,,Maxwell Park,37.78158,-122.20281,Entire home/apt,67,1,4,3/4/24,0.14,1,266,0,
50868694,All New modern 2 bedroom with stunning bay views,845124,Alison,,Sequoyah,37.77902,-122.14083,Entire home/apt,236,2,90,9/22/25,1.76,1,339,13,
50870298,"Historic Villa. Gorgeous, Fast Wi-Fi. Laundry",6722695,Elliot,,Clinton,37.79537,-122.24208,Private room,100,28,6,8/6/23,0.12,28,84,0,
50897670,The Suite on Camden Street! Pet friendly.,9686093,Jessica,,Maxwell Park,37.7813,-122.19177,Entire home/apt,68,2,108,9/18/25,2.21,1,57,23,
50959987,Charming 2 BD Home in the Heart of Bushrod,13834542,Sam,,Bushrod,37.84689,-122.26748,Entire home/apt,160,2,70,9/9/25,1.38,3,241,4,
51038516,SF Haight Ashbury Victorian,412930919,Pamela,,Eastmont Hills,37.77079,-122.16498,Entire home/apt,231,1,0,,,1,364,0,
51061667,4BR/2BA Sleeps 10. Use 2 units [2F & Basement],175153447,Cathy And Donald,,Clawson,37.8247,-122.27947,Entire home/apt,347,2,6,6/17/23,0.15,6,353,0,
51119745,Comfortable house with gardens,1969895,David,,Harrington,37.78624,-122.2125,Entire home/apt,,3,29,6/3/24,0.57,1,0,0,
51128434,Spacious modern studio w/floor-ceiling windows,31415280,Ariel,,Temescal,37.83382,-122.26232,Entire home/apt,,4,64,1/15/25,1.35,2,0,8,
51153308,Classic 3BR Condo-walk to BART; 15 min drive to SF,154308525,Shannon,,Hoover-Foster,37.82297,-122.27416,Entire home/apt,61,30,5,5/15/25,0.11,1,34,1,
51218268,"Spacious, Lake Merritt Area, Condo Style Apartment",39487738,Charles,,Ivy Hill,37.80172,-122.24366,Entire home/apt,148,30,13,6/28/25,0.29,1,332,4,
51247216,"Welcoming Hidden Gem 1b/1b Kit & C Bkyd, Location!",313260321,Karma,,Redwood Heights,37.79966,-122.19553,Entire home/apt,104,30,25,2/18/25,0.51,1,362,1,
51249363,"Cozy, modern & clean Oakland 1 BR private in-law",8958950,Vivian,,Tuxedo,37.79581,-122.23476,Entire home/apt,84,2,89,1/26/25,1.76,1,0,3,
51270677,Cozy & Safe 1BD In The Heart of Downtown Oakland!,79769587,Musonda,,Pill Hill,37.82286,-122.26767,Entire home/apt,70,2,3,7/16/24,0.09,1,330,0,
51284097,Grand Lake Tiny Studio Walk to Lake Merritt,48422,Keith,,Lakeshore,37.81438,-122.24592,Entire home/apt,48,21,34,8/1/25,0.72,9,155,11,
51288785,Private Two Loft/Room Guesthouse,53557446,Jennifer,,Reservoir Hill-Meadow Brook,37.79082,-122.22764,Entire home/apt,118,1,220,9/21/25,4.59,1,323,64,
51304796,Urban Romantic Retreat Paradise in Garden & Trees,367272912,Jess,,Oakmore,37.81053,-122.2132,Entire home/apt,85,2,173,9/6/25,3.42,9,329,21,
51343524,Brand New Temescal 3bd/2ba (5221),156365053,Sierra,,Longfellow,37.83675,-122.2702,Entire home/apt,123,30,34,5/25/25,0.68,3,72,15,
51374256,Quiet Comfortable and Elegant Urban Retreat,69867657,Kevin,,Fairview Park,37.85022,-122.25558,Entire home/apt,115,2,180,9/15/25,3.61,1,120,50,
51387311,Cozy bedroom,201571333,Runda,,Woodland,37.75356,-122.17933,Private room,33,1,5,9/16/25,3.13,1,62,5,
51407064,Waterfront Condo! Great for Month rentals!,54745636,Raul,,Produce And Waterfront,37.790722,-122.267899,Entire home/apt,96,28,52,3/28/25,1.17,1,152,9,
51409916,Cozy retreat in the Laurel District,393221,Justin,,Upper Laurel,37.78807,-122.19092,Entire home/apt,61,2,69,9/8/25,1.37,1,315,14,
51412288,Executive Private Room,334627218,Braunz,,Bancroft Business-Havenscourt,37.77083,-122.19306,Private room,57,14,9,12/31/24,0.18,3,238,2,
51451443,"Modern, Family-Friendly Home w/ Spacious Backyard",29629643,Kim,,Bartlett,37.78657,-122.2133,Entire home/apt,185,14,2,10/6/22,0.05,1,41,0,
51474602,Hillside Grand Lake Apartment,56874549,Fatima,,Lakeshore,37.81702,-122.24366,Entire home/apt,89,31,15,5/27/25,0.32,6,80,2,
51483571,Private In-Law Oasis,33947347,Justin,,Eastmont Hills,37.7726,-122.16821,Entire home/apt,99,1,61,9/13/25,1.25,2,89,12,
51546028,Spacious 1-bedroom unit near Lake Merritt,7629607,Jintang,,Grand Lake,37.81588,-122.24674,Entire home/apt,152,1,31,7/30/25,0.64,3,365,4,
51583060,Nice 3-bedroom unit near Lake Merritt,7629607,Jintang,,Grand Lake,37.81443,-122.2463,Entire home/apt,250,1,53,8/10/25,1.08,3,362,5,
51603539,Spacious 2 Bedroom - Walk to Piedmont Ave/ Kaiser,190647413,Cheong Kyle,,Piedmont Avenue,37.82488,-122.25639,Entire home/apt,108,4,98,8/18/25,1.96,2,251,20,
51655988,Beautiful private 1 bedroom apartment w/ Bay views,10212139,Kate,,Millsmont,37.77762,-122.17568,Entire home/apt,91,1,177,9/14/25,3.6,1,351,29,
51694536,The Moonlight Manor - 2 bedroom themed hideaway,284802620,Christina,,Clinton,37.79423,-122.24531,Entire home/apt,136,1,273,9/9/25,6.65,2,323,58,
51715335,Cozy bedroom with kitchen use by West Oakland bart,18828894,Kristiina,,South Prescott,37.80421,-122.2981,Private room,53,7,245,9/8/25,4.94,3,81,45,
51748063,3BR Large Heritage House - Close to all!,3231226,Stephanie,,Santa Fe,37.839825,-122.275513,Entire home/apt,175,3,63,8/17/25,1.38,2,72,13,
51800196,Spacious 2BDR Home with Garden Oasis & Work Space,273540,Daniel,,Longfellow,37.83472,-122.2732,Entire home/apt,,3,13,5/23/25,0.26,1,0,2,
51808873,Entire 2Bd Apt near Highland Hospital & 580 FWY,22178415,Esteban,,Lynn-Highland Park,37.79868,-122.2304,Entire home/apt,125,7,8,8/1/24,0.17,5,269,0,
51825152,Serene 2-bedroom house  on quiet street,5419565,Jane,,Oakmore,37.80867,-122.21168,Entire home/apt,203,3,8,1/1/25,0.17,1,266,1,
51912108,Lake Merritt house,227481755,Gavin,,Cleveland Heights,37.80449,-122.2497,Entire home/apt,357,2,128,9/21/25,2.59,1,339,29,
51926547,Luxury 3BR Hillside Retreat w/AC – Panoramic View,304721494,HostWell,,Claremont,37.8592,-122.2393,Entire home/apt,692,3,46,8/29/25,0.94,8,331,12,
51985377,MacArthur Studio -Full studio,400195124,Zoë,,Cleveland Heights,37.80741,-122.24162,Entire home/apt,108,1,74,9/5/25,1.53,1,333,9,
52011728,Scandinavian Studio with Sweeping Canyon Views,17666638,Songwoo,,Panoramic Hill,37.86348,-122.23531,Entire home/apt,122,4,92,9/22/25,1.91,1,143,11,
52040012,"Modern 1 bedroom 1 bath, 12 min drive to SF",19355523,Anshuk,,Mosswood,37.82321641,-122.262548,Private room,77,2,48,8/13/25,1.01,1,247,6,
52049180,Bright bedroom with private bath near Bart Station,18828894,Kristiina,,South Prescott,37.8039,-122.29884,Private room,51,7,262,9/10/25,5.7,3,71,55,
52049236,Spacious room by West Oakland bart -Kitchen & Bath,18828894,Kristiina,,South Prescott,37.80387,-122.29711,Private room,53,6,234,9/21/25,4.82,3,82,45,
52061049,Claremont Canyon Retreat,29546580,Kathy,,Panoramic Hill,37.8631,-122.23619,Entire home/apt,81,3,87,9/12/25,1.77,2,150,13,
52106274,"Cozy, cute, clean, quite & comfy",7404852,D.L.,,Trestle Glen,37.81424979,-122.2321336,Entire home/apt,99,2,0,,,1,87,0,
52128628,2-bdrm close to Airport private parking and entry.,421484323,Marcus,,North Stonehurst,37.74143,-122.1759,Entire home/apt,,4,23,9/2/23,0.47,1,0,0,
52133861,Garden sweet# 1,416186944,Francisco,,Gaskill,37.84061383,-122.2772513,Entire home/apt,81,2,10,1/26/25,0.38,2,89,1,
52209966,Adams Pt.  1Bdr Apt w/ Home Office +Gated Parking,33703555,Judi,,Oakland Ave-Harrison St,37.8184,-122.25478,Entire home/apt,159,3,47,8/20/25,0.97,2,178,7,
52220233,Sunny newly constructed 2 bedroom home!,16358993,Anna,,Hoover-Foster,37.82085,-122.27472,Entire home/apt,125,15,24,7/16/25,0.5,1,298,2,
52247355,Spacious Apartment (Temescal / Ashby BART),14018935,James,,Bushrod,37.85019,-122.2666,Entire home/apt,95,180,0,,,1,365,0,
52281488,Spacious Boho Studio on Lake Merritt,112076138,Caitlin,,Merritt,37.79893,-122.25459,Entire home/apt,95,1,177,9/7/25,4.06,1,352,17,
52324457,Modern Comfort Near Lake Merritt & Oakland's Best,128981157,Hadinet,,Grand Lake,37.81486,-122.24716,Entire home/apt,500,4,118,9/19/25,2.48,1,310,21,
52374551,Cozy 1/1 in Quiet Ivy Hill Neighborhood!,2537935,Michelle,,Clinton,37.79977,-122.24202,Entire home/apt,73,5,25,8/23/25,0.53,1,260,5,
52403783,"4-Bed House, Best View and Pool Oakland Hills",2919698,Camilo & Morgana,,Crestmont,37.79521,-122.17763,Entire home/apt,655,3,44,10/7/23,0.91,2,338,0,
52441140,Your Local Artist's Apartment,113587016,Zelda,,Piedmont Avenue,37.82285,-122.25009,Private room,90,1,3,3/26/23,0.09,1,363,0,
52459834,Cardiac Rest,23627460,Heidi,,Hoover-Foster,37.81813,-122.27339,Entire home/apt,101,3,18,8/11/25,0.39,2,39,5,
52508204,"Stunning Views, Bright 2 Bedroom Home Central Area",43035221,Janet,,Millsmont,37.77798,-122.17908,Entire home/apt,130,3,1,1/1/22,0.02,1,295,0,
52570834,Lovely Backyard appartment,406605999,Marco,,Mosswood,37.82477987,-122.2628358,Entire home/apt,126,7,0,,,1,364,0,
52573990,"House close to SF, Berkeley, Downtown Oakland",15652266,Alfonso,,Ralph Bunche,37.81412,-122.27908,Entire home/apt,190,2,130,9/23/25,2.69,1,265,16,
52581532,Top Floor Temescal 3BR / 2BA (5225),156365053,Sierra,,Longfellow,37.83681,-122.27053,Entire home/apt,139,30,36,5/4/25,0.76,3,65,13,
52616352,Waterfront Condo w/ Pool&Gym in Jack London Square,15693270,Ruoyi,,Produce And Waterfront,37.79153,-122.26703,Entire home/apt,120,30,1,1/15/22,0.02,1,134,0,
52619208,Bright & Cozy Attic in Victorian,7727534,Tim,,Prescott,37.80750763,-122.2965827,Entire home/apt,113,2,17,9/18/25,1.9,2,251,17,
52626803,"Blueground | Oakland, pool, sky deck, next to bart",107434423,,,Downtown,37.8064722,-122.2695026,Entire home/apt,200,31,1,6/19/23,0.04,21,1,0,
52719952,Entire Suite-Large 1BR/1BA Oakland Hills Retreat!,240500087,Gary,,Chabot Park,37.75325,-122.12953,Entire home/apt,74,21,8,3/17/24,0.18,1,345,0,
52804501,"*Prime Location, Hot Tub, 3BR!Parking, Great Views",3869458,Thornell,,Eastmont Hills,37.77283,-122.16583,Entire home/apt,151,6,34,9/7/25,0.72,1,331,11,
52827644,Enjoy Amazing Bay Views Luxury Living Suite,63945804,Rajiv,,Sequoyah,37.77004,-122.14057,Entire home/apt,204,5,42,8/31/25,0.88,1,179,4,
52836950,Spacious Private One Bedroom Studio,361620710,Grayson,,Glenview,37.80227,-122.21891,Entire home/apt,94,4,76,9/2/25,1.68,1,312,11,
52856153,"Bright, spacious & fully equipped suite",4049148,Hemant,,Cleveland Heights,37.80473,-122.24483,Entire home/apt,,10,14,8/15/25,0.31,1,0,9,
52899916,☆ Stylish Private Victorian Unit minutes from SF ☆,51468055,Anthony,,South Prescott,37.80417,-122.2958,Entire home/apt,178,2,154,9/22/25,3.22,1,345,42,
52900398,Bright One Bedroom Loft in the Heart of Temescal,380959632,Logan,,Shafter,37.8386,-122.26297,Entire home/apt,,30,4,9/8/24,0.08,3,0,0,
52901302,Suite Loft 2BR + Gym + Rooftop I Temescal,380959632,Logan,,Temescal,37.83682,-122.26282,Entire home/apt,,30,1,10/14/23,0.04,3,0,0,
53105592,"Blueground | Oakland, gym, pool & a/c",107434423,,,Pill Hill,37.8204131,-122.2615787,Entire home/apt,180,31,1,7/1/24,0.07,21,215,0,
53105665,"Blueground | Oakland, gym, pool & a/c",107434423,,,Pill Hill,37.8204131,-122.2615787,Entire home/apt,176,31,2,3/9/24,0.04,21,83,0,
53123012,Hollis House,128610607,Christine,,Clawson,37.82426,-122.28522,Entire home/apt,,1,2,3/28/22,0.04,5,0,0,
53130290,Cozy 1 bedroom unit in Oakland near Lake Merritt,40073803,Gregory,,Ivy Hill,37.80043,-122.2458,Entire home/apt,,2,3,5/18/25,0.07,1,0,1,
53188833,Lush And Sun Filled Peaceful Oasis,137012882,May,,Maxwell Park,37.78173,-122.19271,Entire home/apt,117,2,84,9/22/25,1.83,1,82,17,
53189873,Love Shack Oaktown,23627460,Heidi,,Hoover-Foster,37.81855,-122.27277,Entire home/apt,76,4,26,9/16/25,0.56,2,120,11,
53238849,Cozy Apartment Excellent Location off Temescal,3514,Jennifer,,Shafter,37.83977,-122.26229,Entire home/apt,86,3,32,9/3/25,0.79,7,254,4,
53254783,Victorian Oasis. Near Lake Merritt. Gated Parking,7592606,Francisco Javier,,Clinton,37.795963,-122.249413,Entire home/apt,102,4,96,7/26/25,2.18,5,122,15,
53257519,Furnished 1 bedroom private bath independent entry,65398137,Jayna,,Toler Heights,37.75583,-122.15429,Private room,77,2,4,7/17/23,0.1,1,365,0,
53275951,One Bedroom Loft | Temescal,380959632,Logan,,Temescal,37.83651,-122.26243,Entire home/apt,,30,2,8/31/22,0.05,3,0,0,
53295443,One bedroom retreat with private patio and more,3419611,Sundee,,Santa Fe,37.84363157,-122.2728777,Entire home/apt,170,28,18,3/1/25,0.4,4,221,1,
53400288,Private room w/ attached bath in a shared home,6000066,Pooja Sharma,,Millsmont,37.77708,-122.17995,Private room,49,1,174,9/11/25,3.79,3,121,80,
53487305,Beautiful 2 Bed/ 1 Bath Private Unit w/WasherDryer,6000066,Pooja Sharma,,Millsmont,37.77854,-122.17952,Entire home/apt,108,1,169,9/11/25,3.63,3,302,83,
53494791,1924 2-bed bungalow in the heart of Oakland,653939,Brett,,Grand Lake,37.81993,-122.25066,Entire home/apt,,3,1,6/29/25,0.34,1,0,1,
53555482,Lovely 2 Bedroom Rental Unit in West Oakland,433687212,Herschel,,Hoover-Foster,37.81648269,-122.2724808,Entire home/apt,,4,1,11/22/24,0.1,3,0,1,
53623185,Elegant 1BR w/ Tons of Space - Near UC Berkeley,4326883,Leslie,,Santa Fe,37.84094,-122.2717,Entire home/apt,125,30,9,4/13/25,0.21,6,362,2,
53740785,lovely one bedroom with more then enough space,435253011,Mike,,Allendale,37.78979,-122.20506,Entire home/apt,,2,24,8/18/23,0.52,1,42,0,
53782327,"Brand new, cheerful, 2 bedroom home in Oakland",435609538,Henry,,Cleveland Heights,37.80628,-122.23933,Entire home/apt,143,1,13,6/26/23,0.32,1,273,0,
53831904,(A) Private Room in cozy 3 BRM- Weekly Discounts,433687212,Herschel,,Hoover-Foster,37.81602,-122.27246,Private room,,4,11,12/21/23,0.26,3,0,0,
53834225,1BR in Trendy Temescal,72356201,Carlos Bernardo,,Mosswood,37.82759,-122.26256,Entire home/apt,90,30,21,12/28/24,0.46,1,91,1,
53834875,Romantic Retreat in Garden & Trees - Villa Willow,367272912,Jess,,Gaskill,37.83666,-122.27688,Entire home/apt,123,1,177,9/7/25,3.85,9,1,51,
53882610,Oaktown Hilltop Hideaway in Redwood Heights,520791,Ronald,,Redwood Heights,37.78665,-122.18402,Entire home/apt,90,2,80,8/29/25,1.82,1,344,14,
53893836,Adorable 1-bedroom guesthouse with hot tub,13710254,Spencer,,Bushrod,37.84712,-122.26866,Entire home/apt,,4,47,7/17/24,1.07,1,0,0,
53920671,Downtown Oasis Queen Apt City View Near BART,34009681,Charlaine,,Old City-Produce And Waterfront,37.80087,-122.2738,Entire home/apt,186,31,49,6/15/25,1.14,4,354,4,
53921837,(B)-Private Room in cozy 3 BRM-Weekly Discounts,433687212,Herschel,,Hoover-Foster,37.81648,-122.2743,Private room,,3,10,8/25/23,0.23,3,0,0,
53925660,Lovely 1 bedroom unit in Adams Point in Oakland,15122318,Elizabeth A,,Oakland Ave-Harrison St,37.81722,-122.2573,Entire home/apt,,5,3,6/3/24,0.07,1,0,0,
53940864,NEW Adorable 1 bedroom guesthouse,7279833,Dax,,Highland Terrace,37.79291,-122.22997,Entire home/apt,60,2,213,9/4/25,4.8,1,330,45,
53970764,Renovated Backyard Garden Cottagesque Home,19723026,Giorgio,,Prescott,37.81347,-122.29144,Entire home/apt,49,30,2,4/16/22,0.04,1,87,0,
53998875,Spacious & Stylish Bay Area Home with Garden,22175068,Lauren,,Upper Peralta Creek-Bartlett,37.79062,-122.21032,Entire home/apt,,30,4,11/18/24,0.09,2,0,1,
54024840,Diamond Suites Spacious Private Room Emeryville,437784241,Anissa,,McClymonds,37.81897,-122.28138,Private room,51,1,194,8/17/25,4.27,2,300,40,
54070524,Cozy and private one bedroom cottage in Oakland!,45520567,Donna,,Bushrod,37.83864,-122.26587,Entire home/apt,137,2,27,7/19/25,0.64,1,243,8,
54079530,Piedmont Ave One Bedroom Cottage! Perfect Serenity,21698102,Margo,,Piedmont Avenue,37.82649,-122.24813,Entire home/apt,160,7,20,8/31/25,0.44,2,329,6,
54082837,"Private Entrance 
By Diamond Suites-Spacious Suite",437784241,Anissa,,McClymonds,37.82095,-122.28103,Private room,50,1,164,9/10/25,3.62,2,302,45,
54187239,Gorgeously renovated and professionally staged 1br,48422,Keith,,Longfellow,37.82719,-122.26884,Entire home/apt,96,20,22,8/5/25,0.49,9,173,2,
54188209,Lovely renovated 1-bedroom with designer staging,48422,Keith,,Longfellow,37.82707,-122.26993,Entire home/apt,99,30,25,9/15/25,0.57,9,360,3,
54196326,D+G | 1 BR in-law with outdoor deck,12959397,Georgina,,Redwood Heights,37.79149,-122.18505,Entire home/apt,105,2,38,6/22/25,0.9,1,76,9,
54214516,Gorgeous professionally staged and renovated 1bed,48422,Keith,,Longfellow,37.82693,-122.26895,Entire home/apt,99,30,38,5/25/25,0.84,9,355,13,
5.08255E+17,"""Uptown Oakland Penthouse""",221290925,Patricia,,Downtown,37.80709,-122.27074,Entire home/apt,182,28,5,9/18/25,0.14,1,364,3,
5.40688E+17,Newly Renovated 2 Bedroom Private Apartment Unit 4,326210633,Susan,,Maxwell Park,37.78428,-122.18879,Private room,,1,36,5/13/24,0.83,4,55,0,
5.44279E+17,PRIVATE ROOM & BATH AT A PENTHOUSE FLOOR CONDO,230685537,Raphael,,Caballo Hills,37.77549,-122.15899,Private room,140,7,0,,,1,365,0,
5.47167E+17,Studio Guest House with Skylights,3973693,Faith,,Bushrod,37.84687,-122.26563,Entire home/apt,63,5,49,9/10/25,1.13,5,134,19,
5.50158E+17,A Sparkling Cottage Nestled in the Trees,324728115,Alex,,Merriwood,37.83771,-122.21635,Entire home/apt,158,4,17,12/26/24,0.39,1,206,1,
5.50871E+17,3301C-Modern 2B1B Near HWY Bay Bridge Shops & Food,227225802,Sisley,,Clawson,37.82524,-122.27894,Entire home/apt,88,2,104,9/1/25,2.38,8,168,36,
5.50892E+17,Spacious Modern One Bedroom with Private Access,2791041,Alex,,Bushrod,37.84523,-122.26815,Entire home/apt,106,30,22,8/3/24,0.5,1,225,0,
5.51515E+17,3301B-Guest Suite Near HWY Bay Bridge Shops & Food,227225802,Sisley,,Clawson,37.82559,-122.2787,Entire home/apt,,2,67,9/8/25,1.6,8,160,25,
5.51542E+17,"Cozy, quiet, private studio in Glenview",3310888,Christa,,Glenview,37.81199,-122.21925,Entire home/apt,95,3,43,6/29/25,0.98,1,22,5,
5.52987E+17,Recently updated stylish 4 bedrooms (unfurnished),117782967,Sharon,,Jefferson,37.78201,-122.21242,Entire home/apt,130,150,0,,,1,364,0,
5.55252E+17,Lake Merritt One Bed Apt # 2 No stairs,83404177,Woudenesh,,Lakeshore,37.81569,-122.24449,Entire home/apt,96,28,6,10/31/24,0.14,7,172,1,
5.56789E+17,Garden Cottage in Oakland,8190280,Ben,,Bushrod,37.84992,-122.26282,Entire home/apt,153,4,22,8/19/24,0.5,1,18,0,
5.58655E+17,Oakland Oasis: Designer Backyard Cottage,22624708,Josh,,Hoover-Foster,37.82141,-122.27374,Entire home/apt,97,30,6,8/15/24,0.14,3,364,0,
5.62269E+17,Sweet and cozy,83803255,Anna,,Oak Center,37.80979,-122.27727,Private room,50,29,12,9/9/24,0.29,4,318,0,
5.63837E+17,"Midvale Mama, Heart of Oakland's Laurel District",4390324,Sivan,,Redwood Heights,37.79816,-122.19526,Entire home/apt,117,2,58,9/8/25,1.41,1,343,10,
5.6406E+17,Spacious Studio Apartment w Breathtaking Views!!!,23299076,Nicole,,Merriwood,37.85059,-122.20908,Entire home/apt,85,2,123,9/21/25,2.9,3,298,16,
5.64428E+17,Panoramic Bay Views | Entire Luxury Suite,15438235,Xi,,Piedmont Pines,37.82232,-122.19697,Entire home/apt,147,30,48,7/8/25,1.32,2,313,3,
5.6697E+17,Cozy bedroom with private bathroom,47796221,Laura,,Longfellow,37.83002,-122.27386,Private room,82,4,55,8/17/25,1.29,3,187,3,
5.68287E+17,Adorable guest suite in Oakland.,444962989,Azeb,,Longfellow,37.82863,-122.27403,Entire home/apt,95,7,36,8/27/25,0.85,2,360,5,
5.69517E+17,"Studio with Parking, Full Kitchen & Bath",8437748,Danny,,Oak Tree,37.78233201,-122.2293196,Entire home/apt,77,21,97,9/19/25,2.41,2,324,47,
5.69522E+17,One Bedroom Oakland Oasis Near the Lake,116295134,Peter,,Cleveland Heights,37.80287,-122.2512,Entire home/apt,146,2,61,9/23/25,1.42,2,85,7,
5.76333E+17,4BR/4BA * Hidden Gem  * W/D * Parking,304721494,HostWell,,Rancho San Antonio,37.78837,-122.23413,Entire home/apt,294,1,14,8/4/25,0.34,8,364,2,
5.77741E+17,2 Bed/2 Bath Near Public Transport Oakland,448507596,Michael,,Clawson,37.82412,-122.27913,Entire home/apt,137,2,144,9/22/25,3.37,1,143,47,
5.78144E+17,Peaceful Oakland Oasis w/ Private Yard!,126644773,Evolve,,Sequoyah,37.75966,-122.14731,Entire home/apt,159,2,7,7/29/25,0.17,12,356,2,
5.7859E+17,"Temescal Gem Free Parking, Boho Vibe, Walk to BART",262072616,Michelle,,Mosswood,37.82544368,-122.2621819,Entire home/apt,206,2,153,9/8/25,3.55,4,67,37,
5.80423E+17,East Bay Garden Oasis w/ Hot Tub Centrally Located,449101782,Meghan,,Paradise Park,37.84373,-122.28096,Entire home/apt,201,1,298,9/3/25,6.93,1,245,72,
5.80592E+17,"BridgesView Spa & Couples Retreat, Easy Parking",5707603,Marianne,,Oakmore,37.81619,-122.21084,Entire home/apt,166,1,503,9/22/25,12.18,2,26,129,
5.81869E+17,994 - New Ground Unit 3B1B near FWY 580/24 & UCB,442163287,Hanghang,,Gaskill,37.84173,-122.27917,Entire home/apt,135,2,144,9/16/25,3.38,3,165,37,
5.8217E+17,"Enjoy a Luxurious Stay at this Modern, Apartment",62821573,Vahid,,Fruitvale Station,37.77159882,-122.2200623,Entire home/apt,143,1,16,10/31/24,0.4,1,326,1,
5.82627E+17,Cheerful 3 Bedroom Tudor Home,143771308,Bonita,,Eastmont Hills,37.76589,-122.16624,Entire home/apt,250,2,18,2/26/23,0.43,1,269,0,
5.82638E+17,Queen Bedroom in a Charming Boutique Hotel,434182021,Ayana,,Downtown,37.8029,-122.27044,Private room,142,1,6,9/7/25,0.16,10,75,5,
5.82912E+17,Cozy bedroom in Oakland ca,291072468,Tania,,Longfellow,37.8263,-122.27519,Private room,49,3,0,,,1,364,0,
5.84041E+17,"Spacious flat w new kitchen, yoga room, art studio",10917653,Lauren,,Grand Lake,37.81999,-122.24987,Entire home/apt,175,3,5,5/14/24,0.12,1,173,0,
5.85582E+17,992C - Cute Studio with Kitchenette and Backyard,442163287,Hanghang,,Gaskill,37.84211,-122.27758,Entire home/apt,80,2,163,9/18/25,3.83,3,170,34,
5.856E+17,Modern chalet 1 bedroom plus loft with fenced yard,7028176,Karla,,Bancroft Business-Havenscourt,37.7631,-122.19103,Entire home/apt,80,30,17,9/20/25,0.4,1,191,2,
5.85741E+17,992 - New 4B2B Upper Unit with Deck near FWY & UCB,442163287,Hanghang,,Gaskill,37.84008,-122.27773,Entire home/apt,191,2,142,9/14/25,3.33,3,158,38,
5.87014E+17,Beauty Modern 2BR House 1 Parking spot Train Bart,89757932,Badya,,Fruitvale Station,37.77416,-122.22669,Entire home/apt,352,30,0,,,1,364,0,
5.87628E+17,Cozy private room available in downtown Oakland!,449864034,Michael,,Chinatown,37.80152,-122.27194,Private room,40,30,0,,,1,358,0,
5.87831E+17,3BR Oakland Home - Mins to Lake Merritt & San Fran,19232557,Akos,,McClymonds,37.81992,-122.28211,Entire home/apt,207,2,101,8/23/25,2.38,1,160,12,
5.88991E+17,"Blueground | Oakland, gym, coworking & w/d",107434423,,,Lakewide,37.8062574,-122.2660091,Entire home/apt,170,31,1,8/13/22,0.03,21,42,0,
5.89292E+17,Oasis at The Cactus House - Private Yard,48120445,William,,Highland Terrace,37.79404,-122.2377,Entire home/apt,,3,51,8/15/25,1.23,2,0,19,
5.89375E+17,温馨舒适套房,225154137,Angel,,Upper Laurel,37.789436,-122.195465,Private room,216,1,5,8/3/25,0.12,8,332,2,
5.90199E+17,Beautiful spacious home in Maxwell Park,20376444,Casey,,Maxwell Park,37.78066,-122.19236,Entire home/apt,145,5,33,5/29/25,1.11,1,136,11,
5.9286E+17,Double-Bed Room in Boutique Hotel,434182021,Ayana,,Downtown,37.80259,-122.27102,Private room,122,1,147,9/1/25,3.46,10,80,31,
5.94197E+17,Top Floor on Grand-Lakeshore Neighborhood,56874549,Fatima,,Lakeshore,37.81687,-122.24339,Entire home/apt,89,31,7,7/8/25,0.19,6,333,1,
5.97879E+17,Luxurious room+private bathroom,203545415,Fola,,Fruitvale Station,37.771023,-122.2210656,Private room,65,40,0,,,1,89,0,
6.007E+17,Enchanted Place With Whispering Creek And Pond,453358348,Carmen,,Lincoln Highlands,37.804794,-122.195663,Entire home/apt,112,30,172,9/20/25,4.19,3,361,33,
6.04506E+17,Traveler-Professionals-Pet Friendly-WiFi,312429411,Marta,,Eastmont Hills,37.77371,-122.16604,Entire home/apt,152,31,5,9/1/25,0.13,1,253,2,
6.04939E+17,Sunny Oakland Retreat w/ Patio & Cute Garden!,126644773,Evolve,,Shafter,37.83802,-122.26325,Entire home/apt,168,2,6,5/30/22,0.14,12,260,0,
6.05227E+17,Charming Oakland Craftsman hosted by Matt & Erin,2497018,Matthew,,Bushrod,37.85109,-122.26575,Entire home/apt,,2,3,9/27/23,0.1,1,0,0,
6.05762E+17,Charming Queen Bedroom in a Boutique Hotel,434182021,Ayana,,Civic Center,37.80233,-122.26885,Private room,171,1,60,8/17/25,1.46,10,172,10,
6.059E+17,Cheerful 2 bedroom home.,454473298,Alem,,Shafter,37.83793058,-122.2633689,Entire home/apt,190,3,89,9/13/25,2.21,1,345,30,
6.05955E+17,A Rockridge oasis steps from the center of it all,133622743,Karen,,Rockridge,37.8477,-122.24809,Entire home/apt,247,7,23,7/20/25,0.55,1,82,5,
6.07368E+17,"Temescal Studio, Walk to BART (1)",26914130,"Carlos,Sierra And Marlene",,Mosswood,37.82531,-122.2621,Entire home/apt,74,45,20,9/15/25,0.54,1,207,6,
6.07944E+17,Top floor duplex with patio-garden,160993219,Sami,,Paradise Park,37.84381,-122.28058,Entire home/apt,185,3,72,9/15/25,1.92,1,226,21,
6.08029E+17,Curated Studio w/ Hot Tub & Outdoor Bath,7512344,Clay,,Oak Tree,37.78257,-122.23138,Entire home/apt,126,1,251,9/7/25,7.2,1,217,76,
6.08192E+17,Garden Cottage in Oakland - New Construction,88769832,Monica,,Allendale,37.78778,-122.2041,Entire home/apt,,90,11,12/12/23,0.27,1,89,0,
6.08225E+17,Relaxing Retreat: One-Bedroom in the Trees,95192296,Teri J,,Piedmont Pines,37.82185,-122.20044,Entire home/apt,166,2,16,8/31/25,0.4,2,247,5,
6.08696E+17,3BR with views of Oakland Hills and Hot Tub,455056310,Charles,,Maxwell Park,37.78458,-122.19493,Entire home/apt,512,3,5,11/25/23,0.12,1,364,0,
6.10058E+17,Luxury 2 Bed 2 Bath with 2 Gorgeous Balcony views,63983782,Maurion,,Oakmore,37.80532,-122.21067,Entire home/apt,,4,16,5/29/24,0.39,1,0,0,
6.1152E+17,Spacious King Bedroom in Boutique Hotel,434182021,Ayana,,Civic Center,37.80261,-122.26898,Private room,178,1,117,9/10/25,2.86,10,173,11,
6.11673E+17,Top shelf piedmont ave home,377338830,Christian,,Piedmont Avenue,37.83030375,-122.248277,Entire home/apt,164,2,111,8/23/25,3.9,1,205,44,
6.12407E+17,Private Room in Designer Chic Home,208540719,William,,Cleveland Heights,37.80205,-122.24424,Private room,68,1,11,3/12/25,0.37,2,269,4,
6.12562E+17,Calm and Private Studio with Queen Bed,57680588,Pamela,,Adams Point,37.81031,-122.25846,Entire home/apt,,2,43,8/18/24,1.07,1,0,0,
6.13143E+17,Oakland Oasis: Designer Backyard Cottage,22624708,Josh,,Hoover-Foster,37.82096,-122.27325,Entire home/apt,97,30,0,,,3,358,0,
6.15248E+17,Cozy and Convenient in the Heart of Rockridge,1354539,Eve,,Rockridge,37.84106,-122.24942,Entire home/apt,112,2,68,9/18/25,1.65,1,344,19,
6.16692E+17,Bright & Airy Newly Renovated 1 Bed Apt.,5941830,Loren,,Upper Rockridge,37.84541,-122.24425,Entire home/apt,126,2,60,8/10/25,1.61,2,226,2,
6.16746E+17,Charming Entire Studio Apartment in Rockridge,5941830,Loren,,Upper Rockridge,37.84522,-122.24519,Entire home/apt,108,2,90,8/6/25,2.18,2,232,15,
6.18265E+17,Newly Renovated 2 Bedroom Private Apartment Unit 5,326210633,Susan,,Maxwell Park,37.78405,-122.1888,Entire home/apt,100,1,11,2/16/25,0.29,4,267,2,
6.2031E+17,Bay views in peaceful 1-bedroom guest suite,118763629,Drew,,Piedmont Pines,37.82463,-122.19496,Entire home/apt,125,3,28,6/14/25,0.76,1,24,4,
6.21757E+17,Cozy 1-bedroom apartment with patio,534749006,Paul,,Grand Lake,37.815041,-122.24733,Entire home/apt,87,2,50,9/18/25,1.45,1,102,21,
6.21806E+17,Cheery flower room in a Victorian home,457954477,Julia,,Prescott,37.80572,-122.29422,Private room,42,28,7,7/1/25,0.17,2,327,1,
6.21833E+17,Beautiful spacious blue room in a Victorian home,457954477,Julia,,Prescott,37.80604,-122.29598,Private room,55,28,2,8/23/22,0.05,2,364,0,
6.23943E+17,Huge Garden + Historic Home in Diverse Laurel Area,8905144,Robin,,Redwood Heights,37.79222,-122.19008,Entire home/apt,126,31,15,8/2/25,0.4,1,255,7,
6.24209E+17,"Beautiful, sunny one bedroom house!",7900883,Nayomi,,Harrington,37.78327,-122.21564,Entire home/apt,115,14,0,,,1,87,0,
6.29009E+17,Family-friendly villa in the Montclair hills,16815213,Vincent,,Merriwood,37.837,-122.20885,Entire home/apt,188,364,5,6/25/23,0.12,1,364,0,
6.29125E+17,Individual ADU Unit w/master suite and Kitchen,11002249,Fei,,Eastmont,37.767,-122.17361,Entire home/apt,55,1,18,7/16/25,0.44,1,312,5,
6.29799E+17,Treehouse retreat with deck in walkable Montclair,9645027,Beth,,Merriwood,37.83460212,-122.2134995,Entire home/apt,124,14,159,9/13/25,3.99,3,275,52,
6.31171E+17,#NAME?,6722695,Elliot,,Clinton,37.79537,-122.24214,Private room,,28,2,5/19/23,0.05,28,0,0,
6.34666E+17,Modern 2 BR Oakland Victorian near BART and SF,7228235,Simone,,Prescott,37.812317,-122.291878,Entire home/apt,180,4,3,9/7/22,0.08,1,179,0,
6.34987E+17,Sun-Filled Plant-Filled Apt near Lake Merritt,4335997,Shira,,Merritt,37.79603,-122.25679,Entire home/apt,95,45,2,12/31/24,0.06,2,54,1,
6.35478E+17,"*Mansion! FAST Wi-Fi, HUGE kitchen, laundry",6722695,Elliot,,Clinton,37.79478,-122.24193,Private room,,28,10,8/3/24,0.25,28,0,0,
6.38522E+17,Little House on the Hill,201976523,Carlos,,Golf Links,37.76338,-122.16182,Private room,53,2,6,5/17/25,0.15,2,269,1,
6.38601E+17,Stylish Victorian Home with Parking and Garden,10173518,Nancy,,Oak Center,37.810383,-122.286186,Entire home/apt,,2,63,9/2/25,1.57,4,197,14,
6.39053E+17,Beautiful canyon view suite,484037,Janet,,Shepherd Canyon,37.82974,-122.19911,Entire home/apt,149,2,115,9/15/25,2.9,1,73,27,
6.39196E+17,Courtyard Room with Queen Bed in Central Oakland,434182021,Ayana,,Downtown,37.8032,-122.26933,Private room,171,1,101,9/7/25,2.53,10,174,14,
6.39207E+17,Double Queen Bedroom in Boutique Hotel,434182021,Ayana,,Chinatown,37.80101,-122.27068,Private room,163,1,55,8/10/25,1.39,10,154,11,
6.3924E+17,sunshine ☀️,83803255,Anna,,Ralph Bunche,37.810528,-122.276512,Private room,45,28,15,4/27/24,0.4,4,364,0,
6.39403E+17,Light Filled Studio with Private Entrance,607871,Anna,,Highland Terrace,37.79412,-122.23791,Entire home/apt,78,30,18,11/5/24,0.45,3,298,2,
6.39989E+17,Beautiful and Spacious Apartment by the Lake,32659525,Kai,,Clinton,37.7969138,-122.2538576,Entire home/apt,99,14,4,8/22/25,0.1,2,227,1,
6.40207E+17,A Tiny Room on Grizzly Peak!,23299076,Nicole,,Merriwood,37.85139,-122.20861,Entire home/apt,52,2,8,1/6/25,0.21,3,267,1,
6.41299E+17,"2Br1Ba Queen Beds, Full Apt & More By Zoo",60353841,Angelo,,Sequoyah,37.75402,-122.14823,Entire home/apt,98,7,31,8/9/24,0.78,1,348,0,
6.41395E+17,Modern One Bedroom in North Oakland,14847683,Milo,,Longfellow,37.83395,-122.26763,Entire home/apt,111,3,21,8/12/25,0.55,2,331,4,
6.42144E+17,Lovely 1 Bedroom Serviced Studio Downtown Oakland,350221644,Shawn,,San Pablo Gateway,37.80736,-122.27602,Entire home/apt,135,1,0,,,1,365,0,
6.42702E+17,Beautifully renovated and stylishly staged studio,174596986,Kimberly,,Prescott,37.8101,-122.29936,Entire home/apt,74,14,34,5/17/25,0.85,2,140,7,
6.42702E+17,Gorgeously renovated and staged studio w/ backyard,174596986,Kimberly,,Prescott,37.80967,-122.29951,Entire home/apt,81,20,36,8/23/25,0.9,2,355,9,
6.43742E+17,Under the Oak - Quiet Rockridge garden house,61468281,Anthony,,Upper Rockridge,37.84119,-122.24699,Entire home/apt,165,7,21,8/1/25,0.57,1,233,9,
6.46548E+17,"Cozy private room  comes with gym ,free parking",461586169,Halima,,Upper Dimond,37.80117,-122.21054,Private room,200,30,0,,,1,365,0,
6.48403E+17,Room in a shared home with views and hot tub,36881994,Janette,,Crestmont,37.7978,-122.1805,Private room,136,12,0,,,1,364,0,
6.49269E+17,2BR Large Heritage House - Close to all!,3231226,Stephanie,,Gaskill,37.83899,-122.27665,Entire home/apt,150,3,55,8/25/25,1.39,2,106,13,
6.51491E+17,Lovely & Modern 2 bedroom Home with Hot Tub,47796221,Laura,,Longfellow,37.82837,-122.27465,Entire home/apt,190,25,0,,,3,84,0,
6.5367E+17,Oakland Private King Room in a Boutique Hotel,434182021,Ayana,,Civic Center,37.80289,-122.26904,Private room,109,1,95,5/18/25,2.43,10,81,21,
6.53854E+17,Cheerful and quiet one bedroom & office craftsmen,4292609,Bryce,,Peralta-Hacienda,37.78787,-122.21481,Entire home/apt,167,7,2,6/25/23,0.06,1,359,0,
6.58045E+17,Cozy Casita Oakland Hills with Private backyard,217316543,Samantha,,Glenview,37.80833374,-122.2188597,Entire home/apt,107,3,93,9/10/25,2.43,3,50,39,
6.5822E+17,Stylish Bella Vista Flat,26511138,Nora,,Bella Vista,37.79967,-122.23726,Entire home/apt,116,1,63,8/10/25,1.64,1,303,16,
6.59003E+17,3301d - Cozy 2B1B Near HWY Bay Bridge Shops & Food,227225802,Sisley,,Clawson,37.82423,-122.27889,Entire home/apt,88,2,72,8/31/25,1.84,8,172,25,
6.59606E+17,Adorable 1-Bedroom Place,31193573,Trisha,,Eastmont Hills,37.76953,-122.17055,Entire home/apt,,2,22,2/21/23,0.56,1,0,0,
6.59691E+17,Cozy bedroom in West Oakland flat,466663569,Robin,,Prescott,37.80847,-122.3025,Private room,120,2,8,3/26/23,0.21,1,365,0,
6.61455E+17,Your home away from Home (near UC Berkeley/ BART),6742004,Luca,,Santa Fe,37.84361,-122.27311,Entire home/apt,,2,28,1/30/25,0.78,1,0,2,
6.62929E+17,Rare House in the most Quite Place in Oakland,427743859,Bedry,,Sequoyah,37.75934,-122.13557,Entire home/apt,264,3,52,8/31/25,1.41,1,264,9,
6.6298E+17,Kingsland House,166712581,Colm,,Maxwell Park,37.7824313,-122.1927635,Entire home/apt,800,2,0,,,1,263,0,
6.64684E+17,Little house on the Hill Master Bedroom,201976523,Carlos,,Eastmont Hills,37.76504,-122.16231,Private room,83,1,5,7/26/25,0.13,2,179,4,
6.66779E+17,Adorable Cottage in Garden Oasis with Hot Tub,24779228,Emily,,Fairview Park,37.85241,-122.25591,Entire home/apt,,2,71,6/17/25,1.82,2,0,10,
6.67383E+17,Adorable Guest Suite in Oakland,13005608,Sally,,Reservoir Hill-Meadow Brook,37.79351,-122.2261,Entire home/apt,63,4,70,7/21/25,1.8,1,87,18,
6.67498E+17,"Sanctuary, beautiful views, private studio, decks",4967600,Maritza Marie,,Lincoln Highlands,37.80556,-122.20135,Entire home/apt,54,7,6,8/27/24,0.22,1,315,0,
6.67797E+17,cheerful villa in the oakland hills bayarea view,468622612,Waled,,Lincoln Highlands,37.80879,-122.19622,Private room,475,2,2,7/31/22,0.05,1,365,0,
6.68142E+17,Tiny House/Studio Oasis where First Tweet was Sent,24779228,Emily,,Fairview Park,37.85058,-122.25687,Entire home/apt,,2,43,5/20/25,1.12,2,0,7,
6.68295E+17,Modern NOBE Studio @ Heart of the Bay Area,20127787,Itoco,,Gaskill,37.8388248,-122.2801205,Entire home/apt,90,2,2,6/8/25,0.47,1,197,2,
6.68505E+17,"Quality 2-bedroom home w/parking, close to BART",1476301,Viktoriya,,Prescott,37.809476,-122.3000993,Private room,,2,4,6/20/24,0.1,1,0,0,
6.68859E+17,Tahoe-style craftsman home with 2 fireplaces!,2764647,Malcolm,,Upper Rockridge,37.8513,-122.23624,Entire home/apt,849,3,67,5/31/25,1.88,2,50,11,
6.7046E+17,The Cozy Casita 2,79262949,Renzo,,Longfellow,37.82980542,-122.2713879,Entire home/apt,115,2,169,9/20/25,5.22,2,114,55,
6.70522E+17,Spacious newly remodeled 2bd2ba w/ AC!,107819464,Christina,,Santa Fe,37.83771,-122.27113,Entire home/apt,170,4,17,5/18/23,0.45,1,68,0,
6.73759E+17,Bright 2 bed/1 bath in East Oakland,410396104,Marc,,Bancroft Business-Havenscourt,37.77157,-122.19223,Entire home/apt,,4,2,10/24/22,0.05,1,0,0,
6.74847E+17,West Oakland Charm: 5br/4ba +AC +W/D,304721494,HostWell,,Prescott,37.81151,-122.29656,Entire home/apt,,1,16,8/25/25,0.42,8,349,11,
6.74847E+17,West Oakland charmer: 2br/2bath - AC & W/D,304721494,HostWell,,Prescott,37.8113,-122.29499,Entire home/apt,163,1,22,9/5/25,0.6,8,349,5,
6.74847E+17,Cozy West oakland cottage with Air Conditioning,304721494,HostWell,,Prescott,37.81271,-122.2964,Entire home/apt,99,1,5,2/22/23,0.15,8,352,0,
6.7539E+17,Oakland/Berkeley/SF! 3 rooms. Walk everywhere!,51970558,Yonathan,,Temescal,37.836731,-122.2620325,Entire home/apt,240,2,43,4/11/25,1.26,1,228,2,
6.7601E+17,Oakland Hills Apartment,406406456,Iris,,Lincoln Highlands,37.80162,-122.20462,Entire home/apt,129,14,0,,,1,269,0,
6.76645E+17,Spacious Home in Oakland,454594080,Khen,,Northgate,37.81604,-122.26873,Entire home/apt,333,2,65,8/31/25,1.95,2,69,16,
6.76667E+17,Cute House - but I Quit!,4005712,Kristen,,Upper Rockridge,37.83608,-122.22226,Entire home/apt,233,4,2,7/22/23,0.07,2,177,0,
6.76804E+17,Modern 3-bedroom home with Sunset and City Views,227029916,Corinna,,Millsmont,37.77457,-122.17258,Entire home/apt,,3,41,4/6/25,1.1,1,0,5,
6.77051E+17,Sunlit 2-3 Bedroom Private House,607871,Anna,,Lynn-Highland Park,37.794933,-122.2385524,Entire home/apt,112,14,10,11/14/24,0.28,3,328,1,
6.775E+17,"Best area, fast wi-fi, free laundry, easy parking",6722695,Elliot,,Lakeshore,37.81578,-122.23648,Entire home/apt,,14,2,4/28/23,0.06,28,98,0,
6.77513E+17,Your Home in the Bay Area.Private yard.Fireplace.,7592606,Francisco Javier,,Sausal Creek,37.7903772,-122.2210925,Entire home/apt,106,3,90,9/1/25,2.44,5,171,28,
6.78856E+17,Piedmont Ave Gem,26693390,Bonnie,,Piedmont Avenue,37.82548108,-122.2506244,Entire home/apt,131,3,40,9/19/25,1.4,2,17,19,
6.78926E+17,Mid-Century Apartment with Large Backyard,7407691,Brandon,,Bella Vista,37.80006,-122.23692,Entire home/apt,138,5,22,8/1/25,0.59,1,300,9,
6.79109E+17,Newly Renovated Room A in Central Oakland,299316915,De,,Bella Vista,37.79938,-122.24022,Private room,59,3,21,9/14/25,0.55,4,89,5,
6.79182E+17,Modern Bed & Bath in Penthouse by Lake Merritt,215412683,Sunny,,Merritt,37.79667974,-122.2545307,Private room,51,15,12,6/14/25,0.31,2,68,1,
6.79665E+17,Newly Renovated Room B in Central Oakland,299316915,De,,Bella Vista,37.79931,-122.24036,Private room,59,3,16,9/22/25,0.53,4,89,4,
6.79667E+17,Newly Renovated Room C in Central Oakland,299316915,De,,Clinton,37.79749,-122.24003,Private room,59,3,10,8/5/25,0.26,4,89,5,
6.79668E+17,"Adorable master bedroom, priv bath, walk-in closet",299316915,De,,Clinton,37.79723,-122.23978,Private room,69,3,6,8/23/25,0.16,4,89,1,
6.79697E+17,Breathtaking Gallery Art Loft in West Oakland,50532859,Jerry,,McClymonds,37.81752,-122.28572,Entire home/apt,120,3,20,9/2/25,0.52,1,362,8,
6.79921E+17,Modernly Truditional,471757776,Terran,,Clinton,37.7969623,-122.2506549,Entire home/apt,101,3,0,,,1,268,0,
6.80665E+17,Modern home with unique charm,3351190,Sarah,,Hoover-Foster,37.81805,-122.27254,Entire home/apt,148,14,0,,,1,362,0,
6.81917E+17,Tiny House Getaway,122389318,Pawan,,Eastmont Hills,37.77302709,-122.1666923,Entire home/apt,112,2,51,9/21/24,1.36,1,68,0,
6.82037E+17,Stunning Airy Industrial 2 Bedroom/Bath Loft,466810,Natasha,,South Kennedy Tract,37.77098,-122.22934,Entire home/apt,169,30,7,7/13/25,0.19,1,263,2,
6.82734E+17,Cozy Room in Downtown Oakland w/ Private Bathroom,434182021,Ayana,,Chinatown,37.8009,-122.27091,Private room,108,2,48,9/7/25,1.26,10,71,9,
6.83547E+17,Stunning Overlooking Downtown Oakland With Balcony,34009681,Charlaine,,Chinatown,37.80133422,-122.2723949,Entire home/apt,152,31,80,7/7/25,2.18,4,313,12,
6.85579E+17,Cheerful home with free street parking,473168145,Martin,,Chabot Park,37.7372251,-122.1355506,Private room,,1,9,8/13/23,0.24,1,0,0,
6.86315E+17,Lovely 2 bedroom apartment in Oakland!,438332794,Jeremy,,Hoover-Foster,37.81668,-122.27526,Entire home/apt,82,1,162,9/10/25,4.29,4,304,43,
6.86915E+17,"Oasis:Outdoor Patios, Classic Charm &Modern Luxury",142206505,Karen,,Piedmont Pines,37.82677,-122.19257,Entire home/apt,300,4,15,1/2/24,0.41,1,181,0,
6.89992E+17,New Apt with Patio - Easy Access to SF/Berkeley,10173518,Nancy,,Longfellow,37.82944,-122.2701665,Entire home/apt,110,3,30,9/2/25,0.8,4,15,7,
6.90026E+17,Chic 2-bedroom guesthouse with on-premise parking.,26267665,Tayo,,Maxwell Park,37.77487,-122.19664,Entire home/apt,103,2,134,9/7/25,3.6,3,329,40,
6.92192E+17,Lovely studio in Oakland Zoo neighbor,140870848,Khidir,,Foothill Square,37.753,-122.15218,Entire home/apt,73,3,43,9/21/25,1.15,2,58,26,
6.93045E+17,"Bright Bedroom Upstairs, Convenient Location (O2)",14608857,Wendy/Dick,,Hoover-Foster,37.8236406,-122.2705651,Private room,52,14,5,8/30/23,0.14,1,365,0,
6.9343E+17,Cozy Home | 2BR-1BA,89124429,Alice,,Laurel,37.79386,-122.20518,Entire home/apt,117,2,28,8/16/25,0.75,7,83,5,
6.93445E+17,"Spectacular Bay Views, Steps from Redwood Park!",11553869,Diane,,Piedmont Pines,37.82805,-122.18834,Entire home/apt,350,30,4,10/5/24,0.12,1,206,1,
6.93854E+17,the Launching Pad,103440683,Gardner,,Upper Rockridge,37.84236601,-122.227913,Entire home/apt,234,1,0,,,1,364,0,
6.93883E+17,Convenient Bed & Bath by Lake Merritt,475078126,Sunny,,Lake Merritt,37.8,-122.25724,Private room,55,15,0,,,2,364,0,
6.94065E+17,Charming Rockridge Craftsman + Parking,179943250,Jennifer,,Shafter,37.8388095,-122.2537569,Entire home/apt,,30,9,10/31/24,0.27,1,0,1,
6.94205E+17,Beautiful House in the Nature,475165104,Sae,,Panoramic Hill,37.86533,-122.24398,Entire home/apt,189,2,110,9/8/25,2.95,1,325,38,
6.95195E+17,Private Modern Victorian Unit Minutes from SF,53656544,Christine,,South Prescott,37.80533,-122.29863,Entire home/apt,111,7,29,9/15/25,0.86,2,350,9,
6.96187E+17,"Small Compound, 2 Houses- But I Quit!",4005712,Kristen,,Upper Rockridge,37.83613,-122.22362,Entire home/apt,400,4,1,5/15/23,0.03,2,177,0,
6.96361E+17,Cozy studio apartment near Piedmont Ave.,206014558,Daisy,,Piedmont Avenue,37.8327,-122.2528,Entire home/apt,79,30,6,6/8/25,0.17,4,120,1,
6.9879E+17,Convenient 2BD Near Bushrod & Berkeley  w/ Parking,13834542,Sam,,Bushrod,37.84889,-122.26625,Entire home/apt,129,2,69,9/14/25,1.99,3,241,30,
6.9881E+17,Convenient 1BD Near Bushrod & Berkeley w/ Parking,13834542,Sam,,Bushrod,37.84878,-122.26826,Entire home/apt,109,2,62,1/21/25,1.66,3,363,7,
7.00025E+17,"Quiet 1BR w/ private bath in modern 3BR,3BA home.",23932937,Devon,,South Prescott,37.80534885,-122.2973602,Private room,82,1,73,9/20/25,1.94,1,158,30,
7.00081E+17,Modern Work-From-Home Private Apt in Rockridge,476427474,Erica,,Fairview Park,37.84362,-122.259,Entire home/apt,136,2,74,8/21/25,2.21,1,329,21,
7.01038E+17,Studio + Modern + Kitchen,219769481,Joanne,,Lincoln Highlands,37.80311,-122.2016,Entire home/apt,,365,23,8/25/25,0.64,3,23,10,
7.02342E+17,ArtHaus Northgate - Studio in Downtown Oakland,263143710,Rishi Nath,,Hoover-Foster,37.81655,-122.27109,Entire home/apt,74,30,3,8/25/24,0.13,11,208,0,
7.02854E+17,Winning Location!,476966116,Larry.Lionel,,Fruitvale Station,37.7738722,-122.2233774,Entire home/apt,149,3,0,,,1,365,0,
7.03206E+17,Bedroom for rent near Lake Merritt,157917082,Devynn,,Adams Point,37.81218,-122.25212,Private room,110,2,0,,,1,364,0,
7.04336E+17,Guests house with private entrance Oakland Zoo,140870848,Khidir,,Toler Heights,37.75492,-122.15279,Entire home/apt,67,3,14,3/2/24,0.38,2,209,0,
7.04438E+17,"Spacious Victorian 5-M -Train, Convention&Downtown",400025600,Stella,,Old City-Produce And Waterfront,37.80579,-122.27946,Entire home/apt,,1,81,12/30/24,2.17,1,0,8,
7.0444E+17,"Charming Lake Merritt 2-bdrm, with Backyard",55736674,Conor,,Cleveland Heights,37.80126,-122.24764,Entire home/apt,106,14,10,7/27/25,0.27,1,281,5,
7.046E+17,Oasis home with gated parking .,420487573,Nore,,Columbia Gardens,37.73399,-122.19517,Private room,101,2,0,,,2,361,0,
7.05298E+17,Modern Simple Oasis,104390959,J,,Longfellow,37.82726,-122.26926,Entire home/apt,87,3,10,1/24/25,0.27,8,260,1,
7.05374E+17,Sunny Upstairs Studio,104390959,J,,Longfellow,37.82577,-122.27121,Entire home/apt,74,3,14,2/15/25,0.38,8,203,4,
7.05382E+17,Modern 2BR Victorian | Quiet Street • 30% off Sep!,33456760,Yasmin,,Prescott,37.813,-122.29628,Entire home/apt,133,2,98,9/7/25,2.63,2,160,43,
7.05393E+17,Cozy Sunny Studio Central Location,104390959,J,,Longfellow,37.82575,-122.27138,Entire home/apt,75,3,24,8/30/25,0.65,8,257,7,
7.05413E+17,Sunny Upper Floor Studio,104390959,J,,Longfellow,37.82742,-122.26928,Entire home/apt,82,2,22,7/18/25,0.6,8,223,3,
7.07281E+17,Sun-Filled Plant-Filled Bedroom near Lake Merritt,4335997,Shira,,East Peralta,37.79453,-122.25744,Private room,56,18,2,12/7/22,0.06,2,146,0,
7.07488E+17,Modern clean house,420487573,Nore,,Brookfield Village,37.73578,-122.19326,Private room,95,2,0,,,2,364,0,
7.09126E+17,"Blueground | Oakland, coworking & gym, near bart",107434423,,,Lakewide,37.8062574,-122.2660091,Entire home/apt,163,31,0,,,21,258,0,
7.11004E+17,3 Bed / 2 Bath Terrific Temescal Apartment (5223),156365053,Sierra,,Longfellow,37.83655,-122.2686,Entire home/apt,,25,32,1/11/25,0.87,3,5,7,
7.1159E+17,Modern Apt | Near conveniences | Off St Parking,478713477,Riza And Miguel,,Mosswood,37.82349092,-122.2633103,Entire home/apt,149,2,50,9/21/25,1.36,5,248,6,
7.12234E+17,Huge Temescal 1-Bedroom (10),332219736,Marlene,,Mosswood,37.82574,-122.26231,Entire home/apt,72,30,14,1/24/25,0.49,4,160,3,
7.13022E+17,Entire Modern Victorian Gem,5179785,Somer,,Prescott,37.81138817,-122.2932682,Entire home/apt,,2,8,7/27/24,0.47,1,0,0,
7.14423E+17,Private Room + Parking,394109533,Alex,,Fremont,37.77136,-122.20811,Private room,55,5,6,10/22/24,0.16,1,266,1,
7.16835E+17,Adorable and spacious 2 bedroom guest house.,113238175,Kananu,,Millsmont,37.7773,-122.16881,Entire home/apt,159,2,25,8/3/25,0.68,1,365,5,
7.18155E+17,Storybook House in Oakland,30770979,Pierre-Philippe,,Eastmont Hills,37.77026,-122.16891,Entire home/apt,244,7,1,11/25/22,0.03,1,219,0,
7.21278E+17,Newly remodeled hilltop home with stunning views,6078143,Michelle,,Piedmont Pines,37.81529,-122.19242,Entire home/apt,723,2,82,8/19/25,2.3,1,296,27,
7.21279E+17,Charming family home with office,4589076,Juliana,,Maxwell Park,37.77805,-122.19184,Entire home/apt,117,2,11,8/26/23,0.31,1,44,0,
7.21747E+17,Most sought after neighborhood | Secure Parking,478713477,Riza And Miguel,,Grand Lake,37.81956,-122.25284,Entire home/apt,151,2,50,9/15/25,1.41,5,331,7,
7.22578E+17,"Cheerful bedroom private bathroom , Berkeley hills",107730533,Ahmed,,Claremont,37.85668,-122.22458,Private room,90,3,2,7/10/25,0.07,1,365,1,
7.24867E+17,Gorgeous Historic Villa. Fast Wi-Fi. Laundry.,6722695,Elliot,,Clinton,37.79596,-122.242,Private room,,28,5,8/1/25,0.14,28,0,1,
7.24882E+17,Victorian Mansion. Spacious! Laundry & Fast Wi-Fi,6722695,Elliot,,Rancho San Antonio,37.79401,-122.24125,Private room,,28,6,8/17/24,0.17,28,0,0,
7.2639E+17,Modern Designer Home w Hot Tub - Villa Pearl,367272912,Jess,,Clawson,37.82371,-122.28649,Entire home/apt,175,1,196,9/18/25,5.4,9,166,45,
7.27845E+17,King Sized Bay Views,56375768,Phillip,,Oakmore,37.81191,-122.20849,Entire home/apt,143,4,42,9/8/25,1.19,1,154,15,
7.29204E+17,Adorable Studio with outdoor patio,2011692,Arlene,,Merriwood,37.83986,-122.21146,Entire home/apt,93,2,12,4/27/25,0.35,1,254,2,
7.29632E+17,The Boulevard on Grand Ave,482067904,Sarah,,Lakeshore,37.81695,-122.24364,Entire home/apt,206,2,78,9/21/25,2.27,1,339,34,
7.29955E+17,Lovely 2 bed-2 bath luxury apt in DT Oakland,24259437,Amit,,Chinatown,37.80051,-122.26947,Entire home/apt,140,275,0,,,1,364,0,
7.30465E+17,Large and Bright 1BD/1BA Unit,3333970,Michael,,Oakland Ave-Harrison St,37.81658,-122.25626,Entire home/apt,95,30,1,12/14/24,0.1,1,189,1,
7.30558E+17,Private unit with bay views,59831759,Chaminda,,Sequoyah,37.76035,-122.13894,Entire home/apt,95,30,0,,,1,364,0,
7.31975E+17,Private Mosswood Cottage | Off-street parking,478713477,Riza And Miguel,,Mosswood,37.82434855,-122.2629875,Entire home/apt,147,1,86,9/19/25,2.43,5,359,16,
7.33542E+17,Gorgeous 3B Home in Oakland,464095428,Victoria,,Sheffield Village,37.73592757,-122.1383454,Entire home/apt,,29,1,8/1/25,0.54,1,50,1,
7.34318E+17,"Dream Redwood Getaway: Hot Tub, Views, Hiking",70683771,Xin,,Shepherd Canyon,37.83422,-122.18753,Entire home/apt,350,2,36,8/20/25,1.01,2,17,7,
7.34338E+17,Master bedroom,39388543,Adrienne,,Laurel,37.79333,-122.20045,Private room,50,10,2,5/5/24,0.08,1,72,0,
7.35633E+17,Spacious Oakland Hill retreat with 3 bedrooms +gym,416188365,Andrew,,Crestmont,37.80161,-122.18086,Entire home/apt,,4,5,12/27/23,0.15,1,0,0,
7.36161E+17,Comfy 2BR Getaway Near Lake Merritt w/ Parking,154556542,Leslie,,Adams Point,37.81460267,-122.2543494,Entire home/apt,124,2,144,9/21/25,4.03,1,74,45,
7.36792E+17,Exquisite 3-bedroom home with hot tub & firepit,26267665,Tayo,,Maxwell Park,37.7763,-122.19626,Entire home/apt,238,2,81,9/7/25,2.38,3,297,37,
7.36866E+17,Bright Artsy Bungalow in Dimond,11278045,Alyssum,,Upper Dimond,37.80232,-122.21183,Entire home/apt,108,30,4,4/20/25,0.27,1,318,2,
7.37099E+17,3rd floor primary suite and private full bathroom!,159646328,Claire,,Clinton,37.79666,-122.25418,Private room,97,2,43,9/19/25,1.2,1,356,9,
7.39069E+17,Modern studio apartment in Oakland!,438332794,Jeremy,,Hoover-Foster,37.81447,-122.27346,Entire home/apt,63,1,155,9/7/25,4.37,4,339,39,
7.41319E+17,Cozy Queen Room in Downtown Oakland,434182021,Ayana,,Downtown,37.8019977,-122.26997,Private room,109,1,37,10/20/24,1.04,10,149,1,
7.42782E+17,"Modern Home & Garden, BART to SF/Berkeley/OAK",10173518,Nancy,,Longfellow,37.82975,-122.26899,Entire home/apt,244,3,22,8/4/25,0.64,4,18,5,
7.42966E+17,"Newly Renovated Studio Space 
Unexpected Surprise",484574664,Tiendres,,Bushrod,37.84915,-122.26685,Entire home/apt,129,2,71,9/18/25,2.05,1,23,24,
7.43382E+17,Luxe Full Home on Grizzly Peak With Best Views!,23299076,Nicole,,Merriwood,37.85112,-122.21065,Entire home/apt,414,2,24,8/2/25,0.72,3,128,6,
7.43401E+17,Remodeled Condo In Rockridge; Super Walkable!,313373273,Steven,,Fairview Park,37.8461493,-122.2570805,Entire home/apt,142,30,49,9/11/25,1.4,2,209,9,
7.43527E+17,Lovely 1-bedroom in Penthouse -LakeMerritt,475078126,Sunny,,Merritt,37.79817,-122.25657,Private room,56,15,0,,,2,351,0,
7.43656E+17,New convenient comfortable studio,25852111,Laura,,Oakland Ave-Harrison St,37.81787,-122.25862,Entire home/apt,75,2,257,9/23/25,7.32,1,298,98,
7.44874E+17,"Huge studio in great area. Laundry, Wi-fi, TV",6722695,Elliot,,Lakeshore,37.8161832,-122.2374724,Entire home/apt,144,21,10,8/24/25,0.31,28,53,4,
7.45012E+17,Luxury Oakmore Craftsman Bungalow 2Br/2Ba King Bed,484951104,Paulina,,Upper Dimond,37.80268,-122.21183,Entire home/apt,266,4,40,2/25/25,1.16,1,208,7,
7.46812E+17,Lovely 3 Bedroom House with huge backyard,485282317,Itonya,,Peralta-Hacienda,37.7898509,-122.2132906,Entire home/apt,160,180,0,,,1,269,0,
7.50104E+17,"Unit w hot tub, gym,pool,sauna, mountain view",83137760,Gizem,,Claremont,37.85785,-122.22028,Private room,152,1,29,9/17/25,0.82,1,345,17,
7.51507E+17,"Urban Retreat In Art, Spa & Garden - Villa Jade",367272912,Jess,,Clawson,37.8222,-122.28589,Entire home/apt,88,1,161,9/18/25,4.58,9,217,35,
7.51752E+17,Spacious 1-Bedroom with Full Size Kitchen,194732939,Yue,,Sequoyah,37.7606061,-122.128785,Entire home/apt,99,1,77,8/31/25,2.24,1,317,19,
7.52437E+17,Studio apartment steps to Piedmont Avenue.,28403349,Charles,,Piedmont Avenue,37.82517,-122.2546,Entire home/apt,65,30,11,6/15/25,0.32,1,286,2,
7.54423E+17,Hills Hideaway - Steps from Redwood Forest,5800209,Lucia,,Piedmont Pines,37.82857,-122.18925,Entire home/apt,77,2,86,9/21/25,2.65,1,303,29,
7.54554E+17,The Summer House,1814553,Michelle,,Shafter,37.83864234,-122.2540417,Entire home/apt,200,2,5,3/25/25,0.15,1,158,2,
7.54947E+17,Gem on Lake Merritt (Master Suite),26529089,Alex,,Adams Point,37.81726,-122.25254,Private room,,3,4,3/6/24,0.16,2,194,0,
7.5569E+17,"Urban Oasis in Garden, Art & Trees - Villa Opal",367272912,Jess,,Clawson,37.82387,-122.28423,Entire home/apt,99,2,129,9/21/25,3.74,9,241,35,
7.55873E+17,Chic & Elegant Sunlit Retreat,2258160,Cathleen,,Piedmont Avenue,37.82248,-122.25388,Entire home/apt,189,2,105,9/9/25,3.05,2,85,40,
7.5595E+17,Gather w/ Friends&Family in 5BR Getaway Villa!,3197625,Beda,,Grand Lake,37.81992,-122.25283,Entire home/apt,520,2,100,9/12/25,2.9,1,307,25,
7.56534E+17,Adorable 1-Bedroom in Oakland near Montclair,362864044,Darne,,Lincoln Highlands,37.80828,-122.19694,Private room,90,1,0,,,1,179,0,
7.58687E+17,Beautiful home on the best street in Oakland,347261758,Sean,,Crocker Highland,37.80997,-122.22746,Entire home/apt,500,300,0,,,1,358,0,
7.59311E+17,Bright & Sunny -2 Bedroom Apartment in S. Berkeley,216650,Saira,,Bushrod,37.8522069,-122.2604635,Entire home/apt,143,7,1,11/21/22,0.03,1,357,0,
7.60445E+17,Private Luxury Executive Room,334627218,Braunz,,Seminary,37.77161,-122.19494,Private room,,21,5,8/3/25,0.15,3,177,1,
7.60863E+17,Backyard Oasis Newly Renovated 2BR on a Cul-De-Sac,343919,Daniel,,Harrington,37.7833,-122.21591,Entire home/apt,129,5,1,1/1/23,0.03,1,267,0,
7.63309E+17,Cozy 1 bedroom Victorian in Historic Neighborhood,5553372,Bradley,,Prescott,37.8084026,-122.2931448,Entire home/apt,,7,1,4/1/25,0.17,1,0,1,
7.66089E+17,Large Studio w/ in-unit laundry,17223105,Shari,,Upper Dimond,37.80232203,-122.2155511,Entire home/apt,87,2,27,7/31/24,0.8,5,263,0,
7.6678E+17,5 Mi to Dtwn Oakland: Studio w/ Shared Patio,126644773,Evolve,,Laurel,37.79419,-122.20434,Entire home/apt,106,2,0,,,12,363,0,
7.66783E+17,Walkable East Bay Home - 2 Mi to BART Station,126644773,Evolve,,Laurel,37.79408,-122.2042,Entire home/apt,134,31,0,,,12,359,0,
7.66783E+17,Walk to Dimond District Gems: Home in Oakland,126644773,Evolve,,Laurel,37.79417,-122.20417,Entire home/apt,140,31,0,,,12,336,0,
7.66784E+17,Oakland Group Retreat: Historic Home Near Downtown,126644773,Evolve,,Laurel,37.79417,-122.2042,Entire home/apt,240,2,1,3/20/23,0.03,12,364,0,
7.68247E+17,G3-Cozy & Modern in Safe & Central area in Oakland,489028065,John,,Reservoir Hill-Meadow Brook,37.79003,-122.22795,Entire home/apt,90,1,165,9/7/25,4.87,3,326,52,
7.68266E+17,Guesthouse in heart of Oakland,444962989,Azeb,,Longfellow,37.82692,-122.27561,Entire home/apt,,7,8,8/15/25,0.41,2,259,4,
7.70904E+17,Maxwell Park Hills Home,3626166,Michelle,,Maxwell Park,37.78005,-122.18834,Entire home/apt,79,3,4,9/5/25,0.72,1,80,4,
7.71071E+17,Beautiful upstairs 3 bdrm 2 ba,376194323,Corliss,,Allendale,37.78838,-122.20247,Entire home/apt,223,30,0,,,1,364,0,
7.71244E+17,Designer Home San Francisco UC Berkeley w Parking,367272912,Jess,,Longfellow,37.82798,-122.27597,Entire home/apt,119,1,125,8/30/25,3.65,9,326,30,
7.75668E+17,2Bd Oakland Oasis Near the Lake,116295134,Peter,,Cleveland Heights,37.80112,-122.25006,Entire home/apt,166,2,31,9/21/25,1.04,2,80,16,
7.75688E+17,Spacious bedroom with a view,404402070,Madeleine,,Redwood Heights,37.78834,-122.18566,Private room,,3,7,12/19/24,0.23,1,165,1,
7.76826E+17,Kaval Park - Peaceful Urban Oasis,4624994,Albena,,Paradise Park,37.84463428,-122.281652,Entire home/apt,394,3,38,8/12/25,1.2,6,351,8,
7.81945E+17,New Luxury 1 Bedroom Apt Near Lake Merritt,7851811,Viatcheslav A,,Clinton,37.7962865,-122.2498794,Entire home/apt,89,30,3,1/31/25,0.1,4,303,1,
7.84112E+17,New Luxury 2 Bedroom Apt Near Lake Merritt,7851811,Viatcheslav A,,Clinton,37.7962865,-122.2498794,Entire home/apt,96,30,5,8/10/25,0.2,4,365,2,
7.84794E+17,Charming Temescal Retreat near UC-Berkeley,149641659,Alli,,Bushrod,37.8418374,-122.2652397,Entire home/apt,248,5,164,9/21/25,5.01,5,144,35,
7.85789E+17,Malcolm Commons: 3 Bedroom Oakland Hills Home,85893340,Helot Stays,,Chabot Park,37.7496,-122.13433,Entire home/apt,160,2,4,8/17/25,0.16,1,353,3,
7.8692E+17,Miriam’s Modern ground-floor apartment,68562793,Michele,,Temescal,37.83448,-122.2541558,Entire home/apt,103,2,82,9/8/25,2.5,2,321,31,
7.87612E+17,Cozy & gated 2BR near downtown: long Term Welcome,340536900,Chazz,,Pill Hill,37.82141,-122.26904,Entire home/apt,100,5,21,8/24/25,0.65,2,22,10,
7.88432E+17,Charming Temescal Retreat,14860881,Kathryn,,Mosswood,37.82655,-122.26159,Entire home/apt,299,1,71,8/24/25,2.18,5,340,16,
7.89459E+17,Spacious 1-bedroom in an apartment in Oakland,465986586,Charles,,Frick,37.77100315,-122.1760653,Private room,46,1,13,9/17/25,0.41,4,269,4,
7.92801E+17,Villeta Pastena - Rockridge guest house w/patio,9645027,Beth,,Rockridge,37.84743,-122.24675,Entire home/apt,247,2,60,9/15/25,5.7,3,240,60,
7.92988E+17,Charming Home in the Hills,752324,Pamela,,Chabot Park,37.75482609,-122.1267464,Entire home/apt,,3,21,5/26/25,0.73,1,0,5,
7.9308E+17,Modern Family Vacation Rental in Oakland | Steps f,493428702,Sammy,,Glenview,37.79991,-122.21952,Entire home/apt,166,2,44,8/21/25,1.39,2,337,15,
7.93523E+17,"Cozy, Clean & Comfortable Fully furnished bedroom",493516772,Candice,,Prescott,37.808021,-122.3025675,Private room,55,4,2,5/26/23,0.06,1,362,0,
7.93558E+17,Rental: Scenic Eastmont Hills,452071627,Ike,,Eastmont Hills,37.7661036,-122.159134,Entire home/apt,,1,10,8/27/23,0.31,1,0,0,
7.93697E+17,amazing huge home,493555151,Diamond,,Eastmont Hills,37.7742,-122.16945,Entire home/apt,422,1,0,,,1,365,0,
7.94175E+17,The Moonlight Manor - 5 bedroom themed hideaway,284802620,Christina,,Clinton,37.79605,-122.24323,Entire home/apt,551,1,37,8/30/25,1.19,2,321,15,
7.94297E+17,Million Dollar View & Sunsets!,19605230,Anthony And Shelia,,Sequoyah,37.76548183,-122.126118,Entire home/apt,243,2,14,11/30/24,0.53,1,94,2,
7.95816E+17,Cozy Studio Garden Cottage,6931552,Cimma,,Gaskill,37.83718291,-122.2769604,Entire home/apt,74,28,1,7/21/25,0.45,1,50,1,
7.96529E+17,"Spacious updated house, central location (O3)",2283153,Rox Sun,,Hoover-Foster,37.82264,-122.27036,Private room,53,14,7,8/13/25,0.23,5,353,2,
7.97791E+17,Cozy Minimalist Backyard Studio,95924484,Alexandria,,Highland Terrace,37.79307335,-122.232838,Entire home/apt,60,7,12,10/29/24,0.68,1,105,1,
7.97894E+17,Spacious family home Piedmont Ave neighborhood,222452845,Bonnie,,Piedmont Avenue,37.82247401,-122.2511986,Entire home/apt,,30,14,5/9/24,0.44,1,0,0,
7.99951E+17,Ideally Located Oakland Home w/ Private Yard!,126644773,Evolve,,Dimond,37.79842,-122.20942,Entire home/apt,142,10,3,5/2/24,0.09,12,316,0,
8.00087E+17,Oakland Hills cozy sanctuary,82725810,Sapna,,Glenview,37.81092377,-122.2165094,Private room,145,3,0,,,1,364,0,
8.01346E+17,The Cozy Casita,79262949,Renzo,,Longfellow,37.82998688,-122.2712794,Entire home/apt,141,2,172,9/15/25,5.24,2,200,74,
8.01354E+17,Modern Cozy Suite w/ Bay Views,3275273,Ben And Ashley,,Redwood Heights,37.79743,-122.19213,Entire home/apt,120,2,94,9/7/25,3.06,2,60,37,
8.02539E+17,Dimond Abode #1 Modern 2BR/2BA with EV Charger,493428702,Sammy,,Glenview,37.800198,-122.218529,Entire home/apt,160,2,24,9/18/25,0.75,2,298,6,
8.03409E+17,Rockridge Flat | Firepit & Family Fun – Book Now!,262072616,Michelle,,Shafter,37.84125327,-122.2612901,Entire home/apt,237,2,117,9/2/25,3.61,4,27,37,
8.05827E+17,Safe Secure Home Away from Home,2507546,Lynn,,Sequoyah,37.7710116,-122.1512361,Entire home/apt,,7,1,6/1/25,0.26,1,0,1,
8.094E+17,Cozy condo by the lake,477991456,Selamawit,,Grand Lake,37.8140595,-122.2502339,Entire home/apt,101,4,13,6/30/25,0.7,1,327,10,
8.09491E+17,Montclair Modern Luxury Retreat,328869541,Taylor,,Forestland,37.83725923,-122.1901255,Entire home/apt,505,7,7,8/25/25,0.22,1,344,5,
8.11788E+17,Spacious 2BR/1BA Apt in Temescal Oakland w/Parking,497814155,Ruth,,Mosswood,37.82671086,-122.2616102,Entire home/apt,130,2,95,9/19/25,3.13,1,34,36,
8.13834E+17,Fully Equipped 8BR 6Ba | Few mins to SF,240049975,Raymon,,Prescott,37.80787109,-122.3008616,Entire home/apt,259,2,0,,,2,218,0,
8.13942E+17,"Large, luxury retreat in the redwoods",7921555,John,,Piedmont Pines,37.81755,-122.19639,Entire home/apt,245,1,71,10/25/24,2.34,1,168,2,
8.1529E+17,Sun kissed Loft with Private Patio,158030064,Claudia,,Temescal,37.82928353,-122.2606756,Entire home/apt,99,29,0,,,1,267,0,
8.15408E+17,Quaint backyard studio + hot tub!,16724514,Sara,,Upper Laurel,37.79812983,-122.1978858,Entire home/apt,89,30,31,7/7/25,0.98,1,202,3,
8.16175E+17,Guesthouse in Oakland,498789938,Vilma,,Castlemont,37.75922899,-122.1695332,Entire home/apt,147,1,2,1/15/24,0.07,1,360,0,
8.16766E+17,"Private, remodeled cottage – 15% off monthly",4141501,Ernesto,,Crocker Highland,37.8129,-122.22531,Entire home/apt,120,14,3,8/31/25,0.66,1,326,3,
8.16816E+17,Le Petit Beit - Modern Studio in Rockridge,3678757,Karim,,Upper Rockridge,37.84333409,-122.2450954,Entire home/apt,192,1,40,9/20/25,1.41,1,259,18,
8.17576E+17,"Stylish, Private Studio Cottage",89412398,Jacquelyn,,Crocker Highland,37.8125331,-122.2256576,Entire home/apt,125,2,36,6/25/25,1.6,1,45,15,
8.18298E+17,Cozy Cottage in Uptown Oakland,19115061,Amit,,Northgate,37.81553,-122.27072,Entire home/apt,101,30,0,,,1,330,0,
8.18419E+17,Cozy room at Temescal Retreat (A),14860881,Kathryn,,Mosswood,37.82526433,-122.261903,Private room,51,1,18,8/22/25,0.57,5,252,11,
8.18431E+17,Private Room at Temescal Retreat,14860881,Kathryn,,Mosswood,37.82532878,-122.2631535,Private room,53,2,28,8/31/25,0.98,5,347,15,
8.18751E+17,Studio Apartment,18932431,Anne,,Redwood Heights,37.79593,-122.19383,Entire home/apt,66,2,5,10/5/24,0.2,2,85,1,
8.20225E+17,Calm & airy minimalist,499668470,Justine,,Bushrod,37.85048,-122.26724,Private room,47,20,25,8/29/25,0.79,2,27,9,
8.20336E+17,Spacious 1 bedroom in an apartment in Oakland,465986586,Charles,,Bancroft Business-Havenscourt,37.76956397,-122.1759849,Private room,50,1,20,9/21/25,0.63,4,269,6,
8.2034E+17,Spacious master bedroom in an apartment in Oakland,465986586,Charles,,Frick,37.77007,-122.17645,Private room,44,1,8,3/18/24,0.25,4,365,0,
8.20343E+17,Spacious 3bed 2 bath entire apartment in Oakland,465986586,Charles,,Millsmont,37.77137,-122.17587,Entire home/apt,88,1,1,3/28/25,0.16,4,89,1,
8.20353E+17,Art-filled Rockridge Bungalow w/Parking,3793516,Audrey,,Fairview Park,37.84969476,-122.2576327,Entire home/apt,157,5,21,8/2/25,0.67,4,165,4,
8.21862E+17,Serene Peaceful Private Backyard Cottage,15724424,Paula,,Maxwell Park,37.77725865,-122.1972719,Entire home/apt,,1,18,3/24/24,0.7,1,0,0,
8.23273E+17,Main House+Guest Unit in Oakland Hills,2919698,Camilo & Morgana,,Crestmont,37.79540096,-122.1775041,Entire home/apt,714,3,7,5/5/24,0.22,2,329,0,
8.26196E+17,1 bedroom 1 bathroom complete guest suite,91712509,Josephine,,Rancho San Antonio,37.79242,-122.24169,Private room,,2,16,8/8/24,0.5,1,0,0,
8.26404E+17,Upscale Oakland Retreat | Near SF & UC Berkeley,29285291,Andrew,,Upper Rockridge,37.84705,-122.23468,Entire home/apt,972,2,14,8/7/25,0.49,1,345,6,
8.27626E+17,SF Bay Area Brand new 2bed/2bath condo w/ AC!,501245705,Henry,,Clinton,37.79443924,-122.2494891,Entire home/apt,,30,1,3/21/23,0.03,1,0,0,
8.27775E+17,Private Room at Temescal Retreat,14860881,Kathryn,,Mosswood,37.82711557,-122.2635154,Private room,62,1,20,6/9/25,0.64,5,347,8,
8.28162E+17,Sunny Top Floor 1 Bedroom Apt,70683771,Xin,,Glenview,37.80230609,-122.2242639,Entire home/apt,79,15,3,7/4/23,0.1,2,253,0,
8.31276E+17,G1-Modern & Spacious House in Safe area in Oakland,489028065,John,,Reservoir Hill-Meadow Brook,37.79189,-122.22627,Entire home/apt,123,1,165,9/21/25,5.28,3,343,59,
8.31376E+17,Garden Room at Temescal Retreat,14860881,Kathryn,,Mosswood,37.82510118,-122.2632129,Private room,53,1,36,8/30/25,1.14,5,339,25,
8.31378E+17,G2-Cozy & Comfy studio in Safe & Quiet area,489028065,John,,Reservoir Hill-Meadow Brook,37.78989,-122.22692,Entire home/apt,57,1,56,9/22/25,1.78,3,349,30,
8.31858E+17,Private Mid-Century Modern W/ Secluded Yard,502148527,John,,Grand Lake,37.81576,-122.24576,Entire home/apt,,3,97,9/11/25,3.16,1,0,29,
8.31966E+17,Temescal Redwood Cottage,502179625,Ed,,Mosswood,37.8274251,-122.2638667,Entire home/apt,215,1,0,,,2,157,0,
8.32001E+17,Temescal Redwood Cottages 2,502179625,Ed,,Mosswood,37.82806,-122.26502,Entire home/apt,216,30,1,9/9/23,0.04,2,364,0,
8.33575E+17,Bright & private apartment,3907567,Jane Rebecca,,Paradise Park,37.84669,-122.28357,Entire home/apt,130,14,0,,,1,89,0,
8.36367E+17,Peaceful clean & Quiet Home,239417433,Mussie,,Gaskill,37.8378792,-122.2768317,Entire home/apt,180,2,48,8/20/25,1.55,2,328,13,
8.36368E+17,Beautiful 3 bedroom home Close to BART,495438344,Suntori,,Prescott,37.81039,-122.29502,Entire home/apt,237,5,0,,,1,87,0,
8.3698E+17,Spacious Bedroom Skyline in home w Views,354114484,Ethan,,Piedmont Pines,37.82928,-122.18747,Private room,200,3,0,,,1,364,0,
8.37072E+17,"""We had a Fabulous Stay"" private 2 Story townhome",15815869,Yufen & Biren,,Prescott,37.80799,-122.30331,Entire home/apt,82,2,88,8/29/25,2.86,1,167,23,
8.3709E+17,Zen Haven: Hot Tub & Garden,318241,William,,Santa Fe,37.84231832,-122.2736796,Entire home/apt,75,30,3,3/29/25,0.2,1,293,2,
8.39058E+17,Work-Ready Space | Stocked Kitchen | Pets OK,1795701,Cassandra And Christian,,School,37.79655,-122.21376,Entire home/apt,162,31,3,7/26/25,0.51,1,69,3,
8.39847E+17,Peaceful Oakland Hills Suite In Garden Oasis,17276408,Matthew,,Woodminster,37.80979,-122.19323,Entire home/apt,87,2,66,9/22/25,2.14,1,42,25,
8.42005E+17,Brand New clean lovely house close to everywhere,239417433,Mussie,,Gaskill,37.8378777,-122.2769196,Entire home/apt,401,2,3,4/24/23,0.1,2,352,0,
8.45933E+17,"Luxury Highrise Near SF | Fast Wi-Fi, Gym, Pool",358227461,Wilson,,Temescal,37.83154,-122.25874,Entire home/apt,132,30,9,6/27/25,0.31,3,360,3,
8.46976E+17,Updated Oakland Oasis w/ Ample Parking & Backyard,504803066,Crystal,,School,37.79389331,-122.2144004,Entire home/apt,159,3,3,9/30/23,0.1,3,170,0,
8.50162E+17,Stylish Modern Cottage,3514,Jennifer,,Upper Laurel,37.79480664,-122.1967793,Entire home/apt,,3,9,5/31/25,0.36,7,141,3,
8.50187E+17,"Studio Apt Close to Transit & Highways, w/ Parking",6292453,Christina Lincoln,,Longfellow,37.82966404,-122.2708834,Entire home/apt,85,30,39,5/4/25,1.31,1,49,7,
8.50809E+17,Piedmont Pied-à-terre!,26693390,Bonnie,,Piedmont Avenue,37.82572,-122.25004,Entire home/apt,104,3,69,9/21/25,2.41,2,72,29,
8.51523E+17,Big 3 Bedroom 2 Bathroom Secured Parking,11608635,Adi Ludi,,Bancroft Business-Havenscourt,37.7705272,-122.1914805,Entire home/apt,205,2,26,7/8/25,0.86,4,176,10,
8.52337E+17,Cozy diamond in the Dimond!,44734177,Doug,,Dimond,37.79945,-122.21259,Private room,60,3,0,,,1,364,0,
8.5357E+17,The Lil Kitchen Room,52064110,Eric,,Paradise Park,37.84706,-122.27845,Private room,63,1,20,9/3/25,0.67,2,277,4,
8.54387E+17,Shopping Spree at Telegraph Avenue and Pier 39!,502000472,RoomPicks,,Piedmont Avenue,37.82909,-122.25522,Private room,40000,1,1,11/6/23,0.04,8,340,0,
8.54387E+17,Family Fun at Oakland Museum of California!,502000472,RoomPicks,,Piedmont Avenue,37.82909,-122.25522,Private room,40000,1,0,,,8,340,0,
8.54389E+17,Unforgettable Scenery Around Lake Merritt!,502000472,RoomPicks,,Piedmont Avenue,37.82909,-122.25522,Private room,40000,1,0,,,8,343,0,
8.5439E+17,Have a Blast at the Night Heron with Friends!,502000472,RoomPicks,,Piedmont Avenue,37.82909,-122.25522,Private room,40000,1,2,3/23/25,0.08,8,343,1,
8.54392E+17,Unforgettable Scenery Around Lake Merritt!,502000472,RoomPicks,,Piedmont Avenue,37.82909,-122.25522,Private room,143,1,0,,,8,355,0,
8.54392E+17,San Francisco Museum of Modern Art for the Artsy!,502000472,RoomPicks,,Piedmont Avenue,37.82909,-122.25522,Private room,143,1,1,10/2/23,0.04,8,355,0,
8.54394E+17,Shopping Spree at Telegraph Avenue and Pier 39!,502000472,RoomPicks,,Piedmont Avenue,37.82909,-122.25522,Private room,124,1,8,9/8/25,0.29,8,363,1,
8.5617E+17,Designer Wabi Sabi Retreat with Private Hot tub,507255247,Hsi,,Montclair,37.83521,-122.1982,Entire home/apt,154,1,115,9/12/25,3.79,2,349,26,
8.56308E+17,Art place next to lake Merritt,19419185,Olga,,Oakland Ave-Harrison St,37.81691,-122.26088,Entire home/apt,,5,5,8/27/23,0.17,1,0,0,
8.57202E+17,Nice and cozy studio near Lake.,7851811,Viatcheslav A,,Clinton,37.79698,-122.24884,Entire home/apt,66,30,4,8/15/25,0.17,4,283,2,
8.57498E+17,Private cottage in Rockridge-Central location!,313373273,Steven,,Fairview Park,37.84658,-122.25621,Entire home/apt,148,30,18,9/14/25,0.63,2,105,6,
8.57547E+17,Lux 2 Bed / 1 Bath Home,4548869,Brian,,Oak Center,37.81213184,-122.2866114,Entire home/apt,152,3,6,9/28/23,0.22,6,23,0,
8.58006E+17,"Oakland, private room and bath",12237632,Tirtha,,Glen Highlands,37.842855,-122.2206492,Entire home/apt,85,30,21,8/5/25,0.7,2,142,4,
8.6015E+17,The Black and White House,507795192,Velisa,,Oak Center,37.80719725,-122.2789066,Entire home/apt,305,2,50,9/5/25,1.69,3,291,19,
8.6176E+17,Glenview Respite,227606948,Lonnie,,Glenview,37.80776565,-122.2219064,Private room,167,1,6,7/25/23,0.21,1,365,0,
8.6192E+17,Oakland's Cradle of Champions,407587891,Julie,,Crocker Highland,37.80807392,-122.2297451,Private room,125,14,0,,,1,179,0,
8.63001E+17,Modern & Convenient retreat w/ free parking,504803066,Crystal,,School,37.79404,-122.2158,Entire home/apt,153,2,7,7/4/25,0.24,3,223,3,
8.65659E+17,Centrally Located | Luxury Living | Outdoor Oasis,480613021,Riza Khalil,,Piedmont Avenue,37.82442,-122.2529075,Entire home/apt,437,2,56,8/4/25,2.19,2,318,16,
8.66882E+17,Cozy and quiet family house,737014,Sebastien,,Piedmont,37.81845604,-122.2135191,Entire home/apt,280,30,0,,,1,356,0,
8.67785E+17,Walker’s Paradise 98/100 - Tiny Living; Big Style,478713477,Riza And Miguel,,Piedmont Avenue,37.82599,-122.25153,Entire home/apt,97,1,69,9/17/25,2.36,5,345,27,
8.68477E+17,"3bd/3ba Mid-Century w/Stunning Views, Parking + EV",1110012,Daniel David,,Eastmont Hills,37.76736,-122.16207,Entire home/apt,161,4,8,8/23/25,0.27,2,274,5,
8.68915E+17,Elegant 1BR Victorian in Oakland,109390401,Karen,,Reservoir Hill-Meadow Brook,37.78779425,-122.2315592,Entire home/apt,96,1,82,9/22/25,4.67,1,355,51,
8.70406E+17,Lake Merritt view home,1910100,Gregory,,Cleveland Heights,37.80484254,-122.246309,Entire home/apt,,2,0,,,1,0,0,
8.71727E+17,Two Bedroom Gem - Walk to UCB,1556814,Tamra,,Fairview Park,37.8508,-122.26036,Entire home/apt,200,7,1,3/12/25,0.15,13,327,1,
8.71846E+17,North Oakland / Berkeley Apartment,2591698,Benjamin Robert,,Fairview Park,37.85146999,-122.2593058,Entire home/apt,118,1,100,9/22/25,3.73,1,189,43,
8.72325E+17,Enchanting Victorian Studio Near Lake Merritt,186638722,GianLuca,,Tuxedo,37.79836186,-122.2296412,Entire home/apt,123,1,114,8/31/25,3.99,1,357,45,
8.73331E+17,"Elegant Craftsman Home, North Oakland / Piedmont",135108464,Jace,,Mountain View Cemetery,37.8303439,-122.2435642,Entire home/apt,246,5,25,9/13/25,0.87,1,209,6,
8.73366E+17,Adorable Spot + Chill Out Garden,453358348,Carmen,,Lincoln Highlands,37.80400817,-122.1963952,Entire home/apt,132,30,22,9/3/25,0.77,3,362,8,
8.7386E+17,Bright & Updated Furnished 1bd with Patio,41185330,Krista,,Lynn-Highland Park,37.79815795,-122.2343911,Entire home/apt,70,30,7,8/23/25,0.25,1,266,3,
8.75562E+17,Cozy 1BR Private Guesthouse,4211733,Sudhir,,Lakeshore,37.81509054,-122.2375305,Entire home/apt,118,3,58,8/11/25,1.97,1,345,18,
8.76762E+17,Private Rockridge Refuge,346454188,Christina,,Rockridge,37.84619,-122.24701,Entire home/apt,120,2,105,9/14/25,3.64,1,220,39,
8.77493E+17,The Back Room,52064110,Eric,,Santa Fe,37.84725717,-122.2780099,Private room,66,1,15,8/3/25,0.51,2,283,4,
8.77774E+17,Cozy One Bedroom,511785970,Ron,,Millsmont,37.77405,-122.17511,Entire home/apt,77,14,15,5/11/25,0.53,1,251,4,
8.78325E+17,Gorgeous Townhome in Oakland,383192058,Jocelyn,,Durant Manor,37.73754,-122.16532,Entire home/apt,185,21,10,5/31/24,0.34,1,358,0,
8.80019E+17,Cozy IBR Condo by the Lake - 15min train to SF,443432496,Catherina,,Lakewide,37.8018401,-122.2634613,Entire home/apt,104,18,6,1/6/25,0.23,2,266,1,
8.80427E+17,"Garden, Sweet#2",416186944,Francisco,,Gaskill,37.84181,-122.27733,Entire home/apt,90,2,8,10/20/24,0.3,2,98,1,
8.8136E+17,Peaceful 2BR Sanctuary,230670970,Jenuine,,Chabot Park,37.74849,-122.12856,Entire home/apt,276,3,0,,,10,89,0,
8.8186E+17,30 days or more Private room # 3 in Berkeley Ca,509471414,Eva,,Paradise Park,37.84909,-122.28424,Private room,68,30,0,,,1,364,0,
8.81988E+17,Beautiful Lake Merritt Too.,79318365,Brian,,Cleveland Heights,37.80507167,-122.2477912,Entire home/apt,159,3,13,9/13/25,0.7,2,297,8,
8.82655E+17,Oakland Jungalow Cabin Studio,22784517,Jeff,,Hawthorne,37.78031714,-122.2265487,Entire home/apt,106,1,85,9/17/25,4.11,1,225,37,
8.84299E+17,Spacious room in Longfellow Area,512565246,Samuel,,Longfellow,37.83077575,-122.2711037,Private room,67,1,0,,,1,365,0,
8.84387E+17,3 Rooms + 2 private baths in Victorian by the Lake,58051956,Alex,,Merritt,37.80012888,-122.2523983,Private room,,30,0,,,5,0,0,
8.89303E+17,Luxury Condo-Waterfront District,141398825,Sharon,,Old City-Produce And Waterfront,37.7962024,-122.2756237,Private room,71,90,0,,,1,358,0,
8.89349E+17,304 -Spacious 3B1B Upper Unit with Patio near Lake,227225802,Sisley,,Adams Point,37.81160038,-122.2557224,Entire home/apt,140,2,50,9/19/25,1.75,8,179,20,
8.90046E+17,"Beautiful North Oakland home, with cat (read more)",237262,Joscelin,,Bushrod,37.84753,-122.26925,Entire home/apt,200,3,8,7/30/25,0.29,1,7,4,
8.90067E+17,Cozy living room with nice view.,430961671,A,,Shafter,37.83848,-122.26102,Private room,76,1,0,,,2,268,0,
8.90067E+17,Central,430961671,A,,Shafter,37.84008,-122.26057,Private room,76,1,0,,,2,269,0,
8.91376E+17,GREAT VALUE bdrm apt close to downtown/freeway,438332794,Jeremy,,McClymonds,37.81434856,-122.2750701,Entire home/apt,85,1,56,9/3/25,1.99,4,348,27,
8.93051E+17,Private Unit Minutes from SF,53656544,Christine,,South Prescott,37.80359827,-122.2979058,Entire home/apt,191,5,29,8/23/25,1.1,2,320,15,
8.9343E+17,Unwind in Our Light-Filled Apt - NOBE,18646010,Marwa,,Paradise Park,37.84691,-122.28123,Entire home/apt,,2,0,,,1,0,0,
8.94634E+17,"Blueground | Oakland, pool, gym & w/d, nr Bart",107434423,,,Downtown,37.8064722,-122.2695026,Entire home/apt,,31,0,,,21,3,0,
8.9567E+17,Secluded Redwood Garden Bungalow,691445,LeighAnna,,Cleveland Heights,37.80301183,-122.2416859,Entire home/apt,100,30,15,8/6/25,0.56,2,24,9,
8.964E+17,"Clean cozy comfortable room, near Lake Merritt",69839354,Maya,,Clinton,37.79633811,-122.2460474,Private room,57,4,2,7/18/23,0.07,2,171,0,
8.99639E+17,victoria home near downtown oalkland!,183015582,Gloria,,Oak Center,37.8111365,-122.2882277,Entire home/apt,138,4,6,8/9/25,0.23,3,363,5,
9.00804E+17,Cozy Lake Merritt Studio,75810304,Reann,,Adams Point,37.81396965,-122.2534722,Entire home/apt,,1,25,1/20/25,0.92,1,0,6,
9.01669E+17,Elegant Suite - Cali King,91775254,Jira,,Hoover-Foster,37.82510967,-122.2755257,Private room,55,1,79,9/3/25,2.79,11,247,40,
9.01744E+17,Private Bedroom with a Full Shared Bath,6000066,Pooja Sharma,,Millsmont,37.7776563,-122.1789398,Private room,,1,23,7/1/25,1.39,3,138,19,
9.01772E+17,Welcome To Your Home.,443363923,Al,,Patten,37.78901306,-122.2200443,Entire home/apt,109,1,4,7/12/25,0.15,1,362,1,
9.03097E+17,Sunny Studio in the Heart of North Oakland,4871572,Myra,,Temescal,37.83124923,-122.2560766,Entire home/apt,133,1,21,9/13/25,0.88,1,234,17,
9.03815E+17,Beautiful suite with private entrance,20712581,Helen,,Bushrod,37.85139163,-122.2675567,Entire home/apt,87,1,60,9/18/25,2.15,1,349,21,
9.04459E+17,"Hiking, Biking & Bay Area Views!",79224327,Andrew,,Crestmont,37.80037816,-122.1768994,Entire home/apt,,2,45,8/8/24,1.63,1,0,0,
9.05304E+17,Sharp bedroom in a Victorian,2409932,Ligia,,Prescott,37.81268,-122.29474,Private room,51,1,92,9/8/25,3.32,1,319,36,
9.05358E+17,NEW! Charming 2B Home W/Kitchen/Parking/Nr Freeway,486668180,Sharon,,Peralta-Hacienda,37.78471092,-122.2169462,Entire home/apt,135,2,24,7/21/25,0.99,4,365,11,
9.06439E+17,2BR City Nest 13mins Walk to BART,128610607,Christine,,Oak Center,37.80707457,-122.2878471,Entire home/apt,106,1,57,9/18/25,2.1,5,319,43,
9.06638E+17,Montclair Garden Haven,2131465,Christine,,Montclair,37.8317063,-122.2124856,Entire home/apt,105,7,13,5/30/25,0.52,1,178,5,
9.07448E+17,Highland Haven (30 Day Min),9066945,Rajiv,,Trestle Glen,37.80340201,-122.2305016,Entire home/apt,108,30,0,,,1,167,0,
9.08808E+17,Oak Manor | Stylish 2BR Apartment – Walk to Shops,34007109,Lidan,,Oakland Ave-Harrison St,37.8173115,-122.2604925,Entire home/apt,115,1,22,5/17/25,0.79,2,247,5,
9.08924E+17,"Comfy 1bed/1bath guest suite, sunny and quiet yard",196926851,Leah Ngan,,Harrington,37.78637971,-122.2129378,Private room,59,20,20,3/17/25,0.75,4,237,2,
9.09609E+17,Romance on the water,517725991,Steven,,Old City-Produce And Waterfront,37.79506335,-122.2777499,Entire home/apt,396,2,3,9/15/23,0.11,1,359,0,
9.09623E+17,Soothing luxury treehouse retreat with Sonos,38648,Sheila,,Montclair,37.83488,-122.20067,Entire home/apt,238,2,10,7/29/24,0.38,1,179,0,
9.09856E+17,Pill Hill Premier 2 Bedroom,332219736,Marlene,,Pill Hill,37.81659576,-122.2658469,Entire home/apt,74,3,25,8/10/25,0.9,4,146,10,
9.10128E+17,Beautifully Designed 1BR Apartment Near Lake,32659525,Kai,,Merritt,37.79787,-122.25357,Entire home/apt,99,28,6,9/8/25,0.24,2,365,2,
9.10242E+17,West Oakland 3br/2ba top floor flat ideal for bus,304721494,HostWell,,Prescott,37.81087041,-122.2931673,Entire home/apt,185,1,9,8/10/25,0.38,8,268,3,
9.10789E+17,Private Oakland Suite in Gorgeous Setting,37834110,David,,Cleveland Heights,37.80590074,-122.2452374,Entire home/apt,156,2,2,10/1/23,0.08,1,116,0,
9.13541E+17,Sunlit West Oakland Gem,270122353,Kearra,,Ralph Bunche,37.8133,-122.27997,Entire home/apt,79,1,0,,,1,364,0,
9.13757E+17,Dimond Gem with Backyard Sauna,9051837,Tyler,,Oakmore,37.80385,-122.21389,Entire home/apt,140,20,0,,,1,258,0,
9.17421E+17,Urban Hillside Retreat - 1 Bedroom Suite,6135654,Joe,,Redwood Heights,37.80257332,-122.1903327,Entire home/apt,131,3,100,9/7/25,3.66,1,231,41,
9.1813E+17,"Head turning condo in gated community, Oakland",511235787,Shawnta',,Toler Heights,37.74945628,-122.1547926,Entire home/apt,182,1,1,6/30/23,0.04,1,364,0,
9.19427E+17,Affordable & Furnished Comfy Oakland Apt,34007109,Lidan,,Oakland Ave-Harrison St,37.8173115,-122.2604925,Entire home/apt,121,1,33,7/24/25,1.22,2,263,15,
9.19717E+17,Lovely Room in Verdant Victorian,58051956,Alex,,Cleveland Heights,37.80214,-122.2525,Private room,52,30,2,4/4/25,0.1,5,142,1,
9.19805E+17,Heauxtel (hōˈtel)   Serenity,10000979,Ansel,,Woodland,37.75361886,-122.1788025,Entire home/apt,83,2,154,9/1/25,5.7,1,242,59,
9.19811E+17,Huge Room in Lakeside Victorian,58051956,Alex,,Cleveland Heights,37.80210785,-122.2520291,Private room,63,30,2,10/15/23,0.08,5,189,0,
9.19935E+17,Sun-Drenched Room by the Lake,58051956,Alex,,Lake Merritt,37.80225672,-122.2543399,Private room,55,30,4,9/19/25,0.22,5,236,3,
9.2002E+17,D's Comfort Inn,521544915,Diana,,Eastmont,37.7623122,-122.1709574,Private room,73,15,0,,,1,269,0,
9.2013E+17,Perfect 2 Bedroom -Walk to UCB,1556814,Tamra,,Fairview Park,37.85262,-122.25993,Entire home/apt,225,14,0,,,13,192,0,
9.20505E+17,Maxwell Park Retro Retreat,16720601,Lakshmi,,Maxwell Park,37.7801961,-122.1911613,Entire home/apt,91,2,82,9/21/25,3.67,1,46,39,
9.22736E+17,Sweeping bay views 5 bedroom Oakland hills retreat,22865624,Julia,,Shepherd Canyon,37.82159723,-122.2011856,Entire home/apt,510,1,4,7/20/25,0.21,2,153,2,
9.23321E+17,Cozy Sunny Garden Getaway!,522421582,Amparo,,Cox,37.75101171,-122.1695745,Entire home/apt,123,1,108,9/22/25,4,1,350,45,
9.24006E+17,Oakland Waterfront Condo| Bay Trail | Alameda | SF,522579368,Brooke,,South Kennedy Tract,37.77222,-122.23277,Private room,50,30,8,8/16/25,0.48,1,351,4,
9.25572E+17,Cozy Garden Getaway,691445,LeighAnna,,Cleveland Heights,37.8047,-122.2414,Entire home/apt,100,2,33,9/1/25,1.21,2,83,13,
9.28913E+17,1-Bed with Captivating Views!,11105811,Winnie,,Lakewide,37.80351,-122.26217,Entire home/apt,,60,3,9/16/23,0.11,1,0,0,
9.29821E+17,West Oakland Oasis,24083282,Alesia,,McClymonds,37.8174394,-122.2801648,Entire home/apt,105,7,22,8/18/24,0.84,1,77,0,
9.30412E+17,In-law unit 1 BD 1 Bath with ALL amenities,197316111,Goli,,Las Palmas,37.7460405,-122.1600694,Entire home/apt,,1,3,8/12/23,0.11,1,0,0,
9.31188E+17,Chic Oakland 2 Bedroom Retreat,12502863,TiYanna,,Bancroft Business-Havenscourt,37.77075767,-122.1885826,Entire home/apt,,3,11,12/26/24,0.44,4,0,2,
9.32001E+17,NEW! Comfy 3BR/2BA home w/Gated Parking Nr Freeway,486668180,Sharon,,Peralta-Hacienda,37.78668575,-122.2170041,Entire home/apt,208,2,6,1/3/25,0.25,4,155,1,
9.32003E+17,NEW! Cozy 1BR SUITE w/Kitchen/Laundry/Nr Freeway,486668180,Sharon,,Peralta-Hacienda,37.78643949,-122.2167404,Entire home/apt,124,2,17,11/16/24,0.65,4,157,1,
9.32281E+17,Beautiful spacious room near Lake Merritt,69839354,Maya,,Clinton,37.79706696,-122.2452179,Private room,60,1,1,9/2/23,0.04,2,267,0,
9.3332E+17,Nest by GLK #402 - 2BR/2BA condo on Lake Merritt,525081794,May,,Adams Point,37.8093648,-122.2499818,Entire home/apt,226,2,2,5/18/25,0.27,4,265,2,
9.33339E+17,Nest by GLK #302 - 2BR/2BA condo on Lake Merritt,525081794,May,,Adams Point,37.8093648,-122.2499818,Entire home/apt,226,2,4,7/24/25,0.67,4,322,4,
9.34907E+17,"Bohemian Living in a Large, Two Bedroom Abode",83624504,Mirela,,Oakland Ave-Harrison St,37.81659,-122.26027,Entire home/apt,161,3,9,8/3/25,0.35,1,179,2,
9.35538E+17,Hillcrest Terrace- Luxury Views,72980186,Albert,,Forestland,37.83778,-122.18992,Entire home/apt,192,30,3,10/10/23,0.12,2,51,0,
9.36613E+17,Cute and Cozy house apartment,68562793,Michele,,Temescal,37.83433338,-122.2541934,Entire home/apt,102,2,28,6/10/25,1.06,2,289,14,
9.36772E+17,Relaxing Retreat: 3 Bedroom Overlooking the Bay,22865624,Julia,,Piedmont Pines,37.82031,-122.20102,Entire home/apt,272,2,38,8/19/25,1.7,2,242,19,
9.38333E+17,Apt in North Oakland/Emeryville,4115215,Chenea,,Longfellow,37.83574881,-122.2723513,Entire home/apt,118,1,0,,,1,89,0,
9.38383E+17,"The Oakasis: home w hot tub, garden, gym, parking!",62580288,Colby,,Santa Fe,37.83757386,-122.2722605,Entire home/apt,,2,6,5/26/24,0.23,1,0,0,
9.38704E+17,Backyard cozy cottage in Oakland,163037833,Sharon,,Lincoln Highlands,37.80266,-122.20169,Entire home/apt,40,60,1,5/10/25,0.22,2,189,1,
9.39389E+17,Huge 2Bdrm loft in heart of Oakland 10 min from SF,362231097,King,,McClymonds,37.82032034,-122.2824821,Private room,120,3,0,,,1,269,0,
9.39407E+17,"Cozy, stylish home-Toler Heights",15566206,Nneka,,Foothill Square,37.74778684,-122.1527813,Entire home/apt,209,30,28,8/22/25,1.07,1,81,14,
9.39894E+17,Modern Luxury Stay,526932554,Saddam,,Pill Hill,37.81909,-122.26843,Entire home/apt,130,2,18,4/4/25,0.86,1,86,2,
9.39903E+17,Cute and Cozy Oakland Condo (Garage Parking),526935160,Rutendo,,Old City-Produce And Waterfront,37.80143,-122.27687,Entire home/apt,108,2,89,9/1/25,3.35,1,65,37,
9.41368E+17,Gran Rosa,182067000,Kania,,Grand Lake,37.81605,-122.24806,Entire home/apt,169,2,66,9/14/25,2.54,1,132,26,
9.42266E+17,Cozy Home with Sunset Views,527530205,Patrice,,Harrington,37.7825045,-122.2179452,Entire home/apt,158,30,0,,,2,263,0,
9.43841E+17,Central 2BR by BART/Safe/Parking/30+ Day Discount!,6749536,Frances,,Temescal,37.82975,-122.26191,Entire home/apt,135,30,7,1/1/25,0.29,2,24,3,
9.4395E+17,Cozy Room/Walk 2 BART/SAFE/By SF/30+ Days Discount,6749536,Frances,,Longfellow,37.83005518,-122.2678304,Private room,66,1,4,1/14/25,0.19,2,43,2,
9.45648E+17,"Eclectic 3BR, 2BA Home | Bold Decor & Cozy Comfort",25599064,Kalkidan,,Peralta-Hacienda,37.78584,-122.21595,Entire home/apt,151,1,18,8/4/25,1.31,1,248,14,
9.47424E+17,victoria room /downtown oakland!,183015582,Gloria,,Oak Center,37.8111365,-122.2882277,Private room,65,4,0,,,3,364,0,
9.48815E+17,Hikers Lounge and Launching Pad,368018285,Gardner,,Upper Rockridge,37.84253,-122.22989,Private room,250,1,0,,,1,269,0,
9.49552E+17,Luxury king size bed washer and dryer  beautiful,529335216,Terry,,Paradise Park,37.84732425,-122.2840263,Entire home/apt,159,1,46,9/13/25,1.92,2,341,36,
9.51033E+17,Rustic Charm Retreat Oakland Near Highland,34009681,Charlaine,,Rancho San Antonio,37.79352067,-122.2409514,Entire home/apt,128,31,7,7/1/25,0.3,4,233,4,
9.51347E+17,Spacious Oakland Studio Oasis,6932997,Maritez,,Redwood Heights,37.7903,-122.18576,Entire home/apt,90,2,11,7/14/25,0.44,1,132,3,
9.52483E+17,[OAK Airport] Home in Bay Area (Private Parking),528155680,Qi Ping,,Bancroft Business-Havenscourt,37.77132796,-122.1889241,Entire home/apt,185,2,15,9/30/24,0.61,1,0,1,
9.52768E+17,Cozy Modern Studio Close to the Oakland Zoo,74766992,Hugo,,Foothill Square,37.74734,-122.15476,Entire home/apt,77,4,20,8/2/25,0.91,1,355,6,
9.53798E+17,Quiet Cottage on the Lane,29895934,Tom,,Oakmore,37.80673,-122.20778,Entire home/apt,122,3,17,7/20/25,0.66,1,165,4,
9.54504E+17,Luxe 3BR 2BATH Oakland Escape,530941586,Helen,,Ralph Bunche,37.81233022,-122.2795614,Entire home/apt,115,4,37,1/18/25,1.47,2,73,6,
9.54549E+17,Comfy suite in family home close to hospital/cafe,591750,Blaire,,Clinton,37.79447802,-122.2421633,Private room,51,2,12,8/4/25,0.48,1,83,3,
9.54553E+17,Tropical Oakland Oasis only 7 minutes from SF,9427655,Rob,,South Prescott,37.8049236,-122.2980617,Entire home/apt,135,2,98,9/18/25,3.96,1,241,56,
9.55271E+17,Neat Guest House in Dimond,504803066,Crystal,,Dimond,37.79978475,-122.2141729,Entire home/apt,70,2,13,2/3/25,0.5,3,84,4,
9.5569E+17,A Calm Oasis in Oakland,527530205,Patrice,,Harrington,37.78143,-122.21854,Entire home/apt,143,30,0,,,2,89,0,
9.561E+17,Fruitvale Area - Updated Hip 1Bedroom Private unit,68929857,Mehdi,,Fruitvale Station,37.77318,-122.2274,Entire home/apt,62,2,14,9/12/25,0.56,5,353,4,
9.59547E+17,Lil' Apartment by the Lake,4870355,Britt,,Adams Point,37.80912,-122.25595,Entire home/apt,,2,19,8/24/25,0.93,1,0,11,
9.61099E+17,2 Bed/1 Bath Stylish and Cozy Unit,529335216,Terry,,Golden Gate,37.84806,-122.28549,Entire home/apt,136,1,93,9/13/25,3.71,2,256,38,
9.61308E+17,Inviting & cozy guest suite near Lake Merritt,194372780,Braelyn,,Lynn-Highland Park,37.8039601,-122.2333663,Entire home/apt,98,2,48,9/3/25,2.36,1,350,16,
9.65284E+17,Quiet Retreat,403516256,Clara,,Maxwell Park,37.78067163,-122.1999805,Entire home/apt,135,3,3,8/1/25,0.22,1,269,2,
9.65858E+17,Oakland Hills Guesthouse Plus!,3458834,Ashley,,Eastmont Hills,37.77057423,-122.1577643,Private room,250,1,0,,,1,263,0,
9.66062E+17,Modern Cozy Oasis Sunlit Home,3514,Jennifer,,Upper Laurel,37.79517197,-122.1965996,Entire home/apt,126,3,41,6/21/25,1.66,7,237,15,
9.68176E+17,Quiet Apartment Near College Ave in Oakland,534191941,Ross And Gary,,Fairview Park,37.84652087,-122.254676,Entire home/apt,,30,2,1/1/25,0.09,1,17,1,
9.70624E+17,Victoria property/ Lake Merritt,56741210,Ting Yu,,Clinton,37.79546294,-122.2530577,Entire home/apt,89,30,4,8/11/24,0.17,1,172,0,
9.71306E+17,What you need it’s a cozy room,23869776,Sanelle,,Fremont,37.77272405,-122.2072591,Private room,38,7,3,6/10/25,0.13,4,89,2,
9.73339E+17,Relax in a lovely Oakland guesthouse,199780761,Supreya,,Redwood Heights,37.78456,-122.18104,Entire home/apt,92,1,11,9/13/25,0.86,1,354,9,
9.74062E+17,Amazing Space in a Pent House!,215412683,Sunny,,Merritt,37.79847689,-122.2549129,Private room,52,15,0,,,2,269,0,
9.74252E+17,Private Cottage - Oakland Foodie Central & SF,535741593,Aminta,,Longfellow,37.8351105,-122.2687451,Entire home/apt,141,3,44,7/31/25,1.82,2,137,25,
9.74517E+17,Welcome to my guest house!,456214841,Noah,,Shafter,37.84030461,-122.2636844,Private room,,1,0,,,1,267,0,
9.74848E+17,New & Modern Apt central location w garage parking,535885081,Kevin,,Pill Hill,37.81637274,-122.2641286,Entire home/apt,299,3,2,10/9/23,0.08,1,89,0,
9.75652E+17,Jungalo Guest Suite - New with MCM accents,5140432,Kristin,,Adams Point,37.81307,-122.25662,Entire home/apt,106,2,40,9/16/25,1.62,1,322,24,
9.75715E+17,Chic 2 bed great yard,530941586,Helen,,Golden Gate,37.84555,-122.28528,Entire home/apt,100,60,5,12/28/23,0.21,2,359,0,
9.76232E+17,Private hilltop 3-4 bd estate in Upper Rockridge,215417293,Laurie,,Upper Rockridge,37.84007,-122.23496,Entire home/apt,549,7,16,8/23/25,0.66,1,89,6,
9.79241E+17,Spacious 2 bdrm | living room + kitchen + laundry,17223105,Shari,,Upper Dimond,37.80239142,-122.2156021,Entire home/apt,149,2,17,9/10/25,0.7,5,256,14,
9.8209E+17,condo unit 2 in central Oakland,537465046,Xiuhong,,Clinton,37.79683078,-122.2453477,Entire home/apt,99,1,124,9/18/25,5.19,2,339,53,
9.83275E+17,Charming Guest Suite by Nature,25774114,Ali,,Montclair,37.83301,-122.20381,Entire home/apt,,2,14,11/29/24,0.58,1,0,3,
9.83663E+17,Beautiful Private 1-Bedroom,60385099,Hannah,,Bushrod,37.8483389,-122.263136,Entire home/apt,140,59,0,,,1,179,0,
9.84364E+17,Peaceful Private Retreat in Oakland w/ Sauna!,479409342,Ben,,Upper Dimond,37.80065108,-122.2091098,Entire home/apt,115,28,5,7/26/25,0.25,1,50,2,
9.85811E+17,Your Comfort Secured @ Oak Hill,506600447,Melody,,Redwood Heights,37.78738294,-122.1863039,Entire home/apt,82,31,10,9/13/25,0.41,1,267,7,
9.8768E+17,Cozy one bedroom,538716544,Kim,,Arroyo Viejo,37.76371552,-122.1767305,Entire home/apt,49,30,0,,,1,263,0,
9.88132E+17,Sweet and Cozy room,23869776,Sanelle,,Fremont,37.77254,-122.20716,Private room,45,7,8,4/25/25,0.34,4,364,2,
9.89089E+17,Queen Ensuite in Oakland Retreat,12502863,TiYanna,,Bancroft Business-Havenscourt,37.76937876,-122.1879828,Private room,,2,1,1/16/25,0.12,4,0,1,
9.89178E+17,Private Oakland Retreat,12502863,TiYanna,,Bancroft Business-Havenscourt,37.77057,-122.18972,Private room,,2,2,10/19/23,0.08,4,0,0,
9.89963E+17,ArtHaus Magnolia - Studio in West Oakland,263143710,Rishi Nath,,McClymonds,37.81676,-122.28473,Entire home/apt,75,30,2,11/1/24,0.09,11,218,1,
9.89997E+17,lake Merritt 4 Bed 4 Bath # 6A,83404177,Woudenesh,,Lakeshore,37.8150717,-122.2455807,Entire home/apt,315,3,4,8/18/25,0.36,7,255,4,
9.90741E+17,lake Merritt furnished 1 bed 1 bath,83404177,Woudenesh,,Lakeshore,37.81507484,-122.2455808,Entire home/apt,100,14,4,8/28/25,0.18,7,254,3,
9.91949E+17,Comfortable pleasant room,23869776,Sanelle,,Fremont,37.77257,-122.20706,Private room,36,7,11,7/14/25,0.52,4,327,6,
9.93067E+17,Lakeside retreat filled with art,5341174,Mary,,Cleveland Heights,37.80277,-122.25356,Entire home/apt,105,2,118,9/22/25,4.93,1,95,58,
9.93453E+17,Cozy Oakland Oasis: monthly stays & free cleanings,540007245,Michael,,Paradise Park,37.84628967,-122.2779571,Entire home/apt,169,30,3,7/26/24,0.14,1,207,0,
9.94339E+17,"Very private, great area, easy parking, laundry",6722695,Elliot,,Lakeshore,37.81663,-122.23636,Entire home/apt,128,20,0,,,28,203,0,
9.97194E+17,"Hidden Gem:Oakland Oasis, Gazebo & Dog friendly",540829012,Angela,,Fremont,37.77962,-122.20612,Entire home/apt,88,2,23,6/20/25,1.04,1,219,10,
9.97431E+17,Cheerful Cottage Near the City,1459885,Sophia,,Caballo Hills,37.77719759,-122.1598458,Entire home/apt,101,7,2,6/24/25,0.09,3,244,1,
9.98118E+17,Luxurious Temescal Retreat near UC-Berkeley,149641659,Alli,,Bushrod,37.84276,-122.26558,Entire home/apt,271,5,121,9/7/25,5.09,5,144,51,
9.98172E+17,Newly Remodeled Rockridge flat,6548896,Chloe,,Fairview Park,37.8506018,-122.2544034,Entire home/apt,172,13,31,8/15/25,1.33,2,53,10,
9.98543E+17,Mega-3 structure 9 bedroom 5 ba 20 mins to SF,89124429,Alice,,Laurel,37.79408,-122.2042,Entire home/apt,596,3,3,8/25/24,0.21,7,365,0,
9.98599E+17,Quiet private bedroom,6262971,Juan,,Upper Laurel,37.79413,-122.19901,Private room,36,2,2,1/4/24,0.09,1,81,0,
9.98665E+17,"Gorgeous, 3 BR house. Best area - FAST WI-FI!",6722695,Elliot,,Lakeshore,37.81687061,-122.2383093,Entire home/apt,450,21,0,,,28,269,0,
9.9918E+17,"Private, comfy 3 BR; Garage; big TV; Fast Wi-Fi",6722695,Elliot,,Bella Vista,37.80147,-122.23665,Entire home/apt,206,14,1,1/21/24,0.05,28,89,0,
9.9925E+17,Charming Oakland Home,480465869,Diego,,Hegenberger,37.7622201,-122.1892622,Entire home/apt,145,5,22,9/2/25,1.22,1,346,14,
1.00167E+18,"Luxury High-Rise Near SF | Fast Wi-Fi, Gym, Pool",358227461,Wilson,,Temescal,37.82921565,-122.2656023,Entire home/apt,143,30,5,9/9/25,0.29,3,308,4,
1.00286E+18,Spacious & Luxurious Home near UC Berkeley,149641659,Alli,,Bushrod,37.84234,-122.26403,Entire home/apt,736,3,21,8/10/25,0.95,5,138,9,
1.00445E+18,"Short Walk to Shops, the Lake, & Hospitals",181201247,Andrea,,Oakland Ave-Harrison St,37.81803828,-122.259013,Entire home/apt,115,60,4,8/26/25,0.23,1,178,1,
1.00513E+18,Urban Oasis: Relaxing Garden Studio,835416,Kate,,Upper Laurel,37.79709,-122.20025,Entire home/apt,105,10,18,3/18/25,0.79,1,242,5,
1.00515E+18,ArtHaus Magnolia - Studio in West Oakland,263143710,Rishi Nath,,McClymonds,37.8167269,-122.2844307,Entire home/apt,,30,0,,,11,24,0,
1.00525E+18,Stylish Temescal Retreat with Free Parking,118284891,Torrance,,Temescal,37.82937,-122.26173,Entire home/apt,164,2,24,7/21/25,1.05,2,240,8,
1.00585E+18,ADU Piedmont Side of Montclair,389578859,Greg,,Montclair,37.8246001,-122.2120266,Entire home/apt,136,3,8,7/26/25,0.36,1,188,3,
1.00659E+18,West Oakland Guest Suite,4548869,Brian,,Oak Center,37.80999312,-122.2858796,Private room,46,7,5,6/9/25,0.21,6,53,3,
1.00735E+18,Redwood view Apartment,114754213,Alexandra,,Oakland Ave-Harrison St,37.8191593,-122.2553454,Entire home/apt,125,2,9,8/16/25,0.52,1,245,6,
1.00764E+18,"Safe, clean, quiet studio (Close to SF, Hospitals)",2624699,Jennifer,,Cleveland Heights,37.80534129,-122.239001,Entire home/apt,80,2,101,9/15/25,4.43,1,139,50,
1.009E+18,Beautiful studio in Oakland Hills!,956040,Rosalyn,,Shepherd Canyon,37.83240299,-122.1918431,Entire home/apt,113,3,0,,,1,269,0,
1.01029E+18,New tiny home 5 min Oak airport/10 min drive BART,24338291,Andres,,Brookfield Village,37.7290436,-122.1869549,Entire home/apt,86,2,55,8/11/25,2.39,3,261,23,
1.0109E+18,"Parking, Private Yard. Fast Wi-Fi. Washer & Dryer.",7592606,Francisco Javier,,Sausal Creek,37.78939,-122.22199,Entire home/apt,,3,16,4/21/25,0.71,5,20,4,
1.01123E+18,Newly remodeled Rockridge studio,6548896,Chloe,,Fairview Park,37.8505403,-122.2544365,Entire home/apt,124,13,13,12/21/24,0.59,2,32,4,
1.01179E+18,"Hot-tub Getaway, Urban Elegance Awaits!",253130394,Brandon,,Highland Terrace,37.79366,-122.22933,Entire home/apt,,3,45,5/26/25,2.01,1,0,27,
1.01255E+18,Cozy boho nest hosted by Karrin,11607547,Karrin,,Piedmont Avenue,37.82210401,-122.2518259,Entire home/apt,,4,0,,,1,0,0,
1.01304E+18,Sunny One bedroom in Temescal,358111481,Jenny,,Shafter,37.83818752,-122.2652236,Entire home/apt,,7,6,2/3/25,0.26,1,0,1,
1.014E+18,Chambers home,301050358,Jessie,,Santa Fe,37.8448366,-122.2716778,Entire home/apt,223,2,2,12/27/23,0.09,2,176,0,
1.01535E+18,West Oakland Guest Room,4548869,Brian,,Oak Center,37.81007638,-122.2877539,Private room,46,3,11,8/30/25,0.48,6,23,3,
1.01612E+18,Sunny room in Oakland home,22175068,Lauren,,Upper Peralta Creek-Bartlett,37.79007,-122.21042,Private room,84,5,3,5/17/25,0.15,2,87,1,
1.01617E+18,nice2bed/1ba! W/dryer/parking,89124429,Alice,,Laurel,37.7931,-122.20364,Entire home/apt,102,2,3,3/4/24,0.13,7,334,0,
1.01687E+18,NEW! Home with EPIC views of the Bay Area!,71975,Oscar,,Redwood Heights,37.79161292,-122.1889183,Entire home/apt,136,2,26,8/17/25,1.19,2,110,10,
1.01743E+18,Victorian Near Down Town Oakland,172712455,Rhonda,,Oak Center,37.80532,-122.27992,Entire home/apt,70,90,0,,,1,362,0,
1.0177E+18,Comfy Studio with large Kitchen,37449962,Daniel,,Mosswood,37.82449,-122.26727,Entire home/apt,135,60,0,,,1,179,0,
1.01897E+18,Rockridge Home featured on HGTV,890942,Kelly,,Shafter,37.84164,-122.25565,Entire home/apt,,3,0,,,1,0,0,
1.0199E+18,Comfy sunset bedroom,196926851,Leah Ngan,,Peralta-Hacienda,37.78548121,-122.2169506,Private room,50,15,1,11/15/24,0.1,4,203,1,
1.01991E+18,Garden Oasis in Oakland Hills,25478758,Alana,,Millsmont,37.77814943,-122.1776128,Entire home/apt,154,3,2,10/21/24,0.15,1,364,1,
1.01997E+18,Sun Drenched Apartment with Prime Amenities,49464312,Anup,,Bushrod,37.84055925,-122.2683225,Entire home/apt,180,30,1,4/22/24,0.06,1,142,0,
1.02027E+18,The Modern Hideaway,966383,Rena,,Gaskill,37.84097097,-122.2788156,Entire home/apt,100,3,2,8/24/24,0.09,1,178,0,
1.02187E+18,Private Oakland Hills Guest Suite,463820707,Helen,,Redwood Heights,37.78903409,-122.1812589,Entire home/apt,95,1,21,8/30/25,1.17,1,245,9,
1.02285E+18,"3 bedroom 2 bath, laundry, & fast wifi",6722695,Elliot,,Cleveland Heights,37.80320232,-122.2382428,Private room,68,7,0,,,28,37,0,
1.02319E+18,"Central Bright & Big 3Br 2Ba, Parking & Jacuzzi!",16339912,Gabriel & Gabriella,,Longfellow,37.83548,-122.27587,Entire home/apt,176,7,4,8/31/25,0.69,1,28,4,
1.02508E+18,2 Blocks Walk to BART! 1 Stop to SF! Kitchen&W/D!,514043471,Mari,,Prescott,37.807595,-122.294309,Entire home/apt,82,2,23,9/8/25,1.01,3,260,14,
1.0251E+18,Private Kitchen/WD! PetsOK! DesirableNeighborhood!,514043471,Mari,,Durant Manor,37.74045,-122.16131,Entire home/apt,82,2,16,9/16/25,0.71,3,183,5,
1.02544E+18,Centrally Located-Patio & Garage,60698878,Isaac,,Oakland Ave-Harrison St,37.81826322,-122.2580373,Entire home/apt,160,14,0,,,1,79,0,
1.02553E+18,Boss Solutions/Traveling Nurses,315924444,Thomi,,Sausal Creek,37.78955358,-122.2239341,Private room,,1,0,,,1,269,0,
1.02583E+18,Comfortable Room OaklandDowntown,62858326,Nonny,,Downtown,37.80385,-122.27107,Private room,180,2,1,1/1/24,0.05,5,269,0,
1.02612E+18,Studio room with Breakfast and full kitchen,62858326,Nonny,,Downtown,37.80587,-122.27553,Private room,140,5,0,,,5,269,0,
1.02612E+18,Lake view property & breakfast,62858326,Nonny,,East Peralta,37.7892,-122.25389,Entire home/apt,120,7,0,,,5,364,0,
1.02612E+18,Trendy Hotel Room/vibrant area,62858326,Nonny,,Northgate,37.81237,-122.26894,Private room,126,2,2,1/1/25,0.09,5,269,1,
1.02754E+18,Lake Merritt Luxury Guesthouse with Dream Yard,10288335,Dayo,,Cleveland Heights,37.80568,-122.24295,Entire home/apt,,2,79,9/1/25,3.53,1,0,47,
1.02789E+18,Modern luxury house in Piedmont,2506843,Jon,,Montclair,37.82199,-122.21446,Entire home/apt,1400,4,0,,,1,269,0,
1.02922E+18,Gated Townhouse near O-Town Zoo,26076710,Khen,,Castlemont,37.75236,-122.16167,Entire home/apt,160,1,0,,,1,177,0,
1.03217E+18,Wisteria guest suite with Backyard access,196926851,Leah Ngan,,Peralta-Hacienda,37.78532285,-122.2154333,Private room,47,30,4,7/24/25,0.4,4,190,4,
1.03353E+18,The Blue Diamond,536453918,Robin,,Las Palmas,37.74840845,-122.1590175,Entire home/apt,91,1,0,,,1,171,0,
1.03425E+18,Chic Studio in Oakland Hills,192195300,Nedra,,Golf Links,37.7577081,-122.1499963,Entire home/apt,128,2,2,8/31/24,0.14,1,178,0,
1.03439E+18,Modern Craftsman 3 Bedroom Home w/ Teak Hot Tub,2974125,Jennifer,,Lakeshore,37.81791835,-122.2409301,Entire home/apt,443,4,23,8/4/25,1.08,1,137,13,
1.03503E+18,Guest Suite #2 in 2BR GuestHouse near Lake Merritt,547453778,Thao,,Ivy Hill,37.79976797,-122.2410144,Entire home/apt,65,1,33,8/25/25,1.56,1,28,21,
1.03707E+18,Cozy Boho Bungalow,12408305,Tanya,,Crocker Highland,37.81387,-122.23289,Entire home/apt,96,2,63,9/18/25,2.97,1,313,44,
1.03795E+18,Charming In-Law Unit with Private Entry,31464202,Raul,,Piedmont,37.82781293,-122.2443725,Entire home/apt,124,5,5,7/11/25,0.28,1,89,4,
1.03936E+18,Sunny Temescal Jewelbox Studio,112979939,Carl,,Temescal,37.8288974,-122.2564601,Entire home/apt,116,1,111,9/19/25,5.07,1,278,61,
1.03993E+18,Charming Craftsman in North Oakland/Berkeley,6645739,Jeppe,,Bushrod,37.8480736,-122.2667884,Entire home/apt,453,5,2,8/22/25,0.22,1,263,2,
1.04025E+18,Nice Rm (A)-Walk to Restaurants Bart,514031798,Wendy,,Golden Gate,37.84033137,-122.2839629,Private room,41,30,1,4/20/25,0.19,3,231,1,
1.04025E+18,Nice Rm (B)-Walk to Restaurants Bart,514031798,Wendy,,Golden Gate,37.83821835,-122.2834459,Private room,52,20,2,5/15/25,0.13,3,181,1,
1.04025E+18,Nice Rm (C)-Walk to Restaurants Bart,514031798,Wendy,,Golden Gate,37.83990611,-122.2831534,Private room,43,30,2,6/20/25,0.25,3,261,2,
1.04195E+18,Lord & Patrick House Bay Central,34927506,Philip,,Prescott,37.8072287,-122.2960498,Entire home/apt,198,3,20,9/21/25,1.09,1,327,18,
1.04209E+18,minimalist room in a zen home,426670823,Michael,,Bushrod,37.84418503,-122.2668542,Private room,48,1,0,,,1,269,0,
1.04341E+18,Gem on Lake Merritt (Full home),26529089,Alex,,Grand Lake,37.81835397,-122.2506535,Entire home/apt,135,1,1,5/8/25,0.21,2,226,1,
1.04499E+18,Garden Studio in the Laurel w/ wifi,550693907,Albert,,Upper Laurel,37.78776,-122.18999,Entire home/apt,62,1,7,6/28/25,0.35,1,283,1,
1.04751E+18,Beautiful room & private bathroom,498429374,Damola,,Fruitvale Station,37.77201,-122.22053,Private room,,30,1,2/11/24,0.05,3,20,0,
1.04788E+18,In the Heart of Piedmont Avenue,286423651,Ali,,Piedmont Avenue,37.82991,-122.24991,Entire home/apt,,1,4,3/2/24,0.19,1,0,0,
1.04818E+18,Spacious 1BR in Walkers Paradise,21963835,Arianna,,Rockridge,37.84569229,-122.2537391,Entire home/apt,,90,5,6/18/25,0.26,1,55,1,
1.04872E+18,Bumblebee Aug Sep Oct Reduced rate Week/Mo Discoun,284084679,Svetlana,,Clawson,37.8229416,-122.2857911,Entire home/apt,112,1,67,9/22/25,3.15,2,254,36,
1.04919E+18,Tranquil Garden-view Getaway,41486929,Starr,,Prescott,37.81220199,-122.2927803,Entire home/apt,103,1,0,,,1,269,0,
1.04934E+18,Quiet & Spacious Apt By The Lake,92187151,Patrick,,Cleveland Heights,37.80087267,-122.2510402,Entire home/apt,,2,0,,,1,0,0,
1.04957E+18,The Pink Castle,319415500,Hamerson,,Toler Heights,37.75699,-122.16138,Entire home/apt,180,1,2,2/18/24,0.1,1,225,0,
1.0497E+18,Serene Retreat: Private Room with Half Bathroom,551586717,Noah,,Fairfax Business-Wentworth-Holland,37.77237,-122.19943,Private room,43,4,3,8/4/24,0.16,13,152,0,
1.04994E+18,Foothill Rm2 Bunk 2 Top Bed- Men's Room,551586717,Noah,,Fairfax,37.77406,-122.19923,Shared room,18,4,4,8/31/25,0.28,13,80,2,
1.05004E+18,Condo with Pool + Secure Parking,9671447,Caleb,,Oakland Ave-Harrison St,37.81685253,-122.255161,Entire home/apt,98,28,0,,,2,30,0,
1.05016E+18,Foothill Room 5: Shared bedroom -Twin bed-Women's,551586717,Noah,,Fairfax Business-Wentworth-Holland,37.77174029,-122.1979913,Shared room,25,7,1,1/21/25,0.12,13,311,1,
1.05079E+18,House with ADU,121037716,Nicole,,Iveywood,37.74340987,-122.1615035,Entire home/apt,,1,12,1/4/25,0.56,3,0,3,
1.05182E+18,Renovated Temescal Craftsman - Available Jan 2025,290869,Priya,,Temescal,37.83557949,-122.255376,Entire home/apt,,365,0,,,1,173,0,
1.05584E+18,Private Room (#2) in Designer Chic Home,208540719,William,,Ivy Hill,37.80195951,-122.2427685,Private room,60,1,16,9/7/25,0.82,2,205,12,
1.05672E+18,1st Breakfast Included! Near UC Berkeley Big House,130143886,Yang,,Claremont,37.86034613,-122.2230085,Entire home/apt,,1,7,5/19/24,0.36,1,0,0,
1.05711E+18,Hemlock Room,550704371,Samantha,,Fairview Park,37.85231532,-122.2565187,Private room,124,2,1,8/31/24,0.08,3,208,0,
1.05711E+18,Maple Family Suite,550704371,Samantha,,Fairview Park,37.85244399,-122.2580385,Private room,206,2,7,8/20/25,0.38,3,209,3,
1.05711E+18,Aspen Room,550704371,Samantha,,Fairview Park,37.85254986,-122.2584679,Private room,113,2,11,9/22/25,0.61,3,192,1,
1.05888E+18,Casita de Roble,46807014,Karen,,Longfellow,37.83357,-122.27484,Entire home/apt,104,3,39,9/9/25,2.05,1,311,22,
1.0595E+18,Sunny studio near Piedmont Ave,199116,Kasper,,Mosswood,37.82351967,-122.2624818,Entire home/apt,66,3,28,7/25/25,1.33,1,145,13,
1.06044E+18,Charming house new Lake Merritt,554113756,Fannie,,Lakeshore,37.81728564,-122.2426542,Entire home/apt,236,7,5,9/7/25,0.3,1,269,3,
1.06053E+18,Gorgeous Flat in Montclair Hills,554134929,Jim,,Merriwood,37.83860891,-122.2065034,Entire home/apt,147,180,67,8/24/25,3.22,1,288,32,
1.06382E+18,6 mo.Sublet 1bed w/private bath,11295689,Alexis,,Ralph Bunche,37.8109215,-122.2781774,Private room,40,120,0,,,1,263,0,
1.0647E+18,Kolibrie Huis,59415335,Kristie,,Upper Dimond,37.7997824,-122.2044186,Entire home/apt,162,1,46,9/18/25,5.02,1,338,46,
1.06512E+18,Huge Private Bedroom in Duplex + Mins to SF,537968235,Anne,,Prescott,37.81027999,-122.2973921,Private room,72,28,0,,,4,269,0,
1.06513E+18,Spacious Bright Bedroom in Duplex + Mins to SF,537968235,Anne,,Prescott,37.81184,-122.29715,Private room,68,28,0,,,4,269,0,
1.06514E+18,Sunny Bedroom in Large Victorian + Mins to SF,537968235,Anne,,Prescott,37.81065023,-122.2976603,Private room,63,28,0,,,4,269,0,
1.06516E+18,Bright Bedroom in Victorian Home + Mins to SF,537968235,Anne,,Prescott,37.81193066,-122.2969539,Private room,59,28,0,,,4,269,0,
1.06752E+18,spare Room#1,433889284,Shaun,,Clinton,37.7953568,-122.2503004,Private room,43,1,2,2/29/24,0.1,1,173,0,
1.06753E+18,Casa Hunita-Railroad House,22383698,Christopher,,Pill Hill,37.82039854,-122.2689726,Entire home/apt,152,5,0,,,1,269,0,
1.06877E+18,Stylish Emeryville Retreat,334929,Matt,,Clawson,37.82421,-122.28676,Entire home/apt,90,29,2,2/20/25,0.24,1,246,2,
1.0699E+18,Oakland Mid-century modern,33787637,Andre,,Highland Terrace,37.79251776,-122.2307658,Private room,108,1,16,10/27/24,0.79,1,83,2,
1.07005E+18,Clean & Quiet Stay by Lake Merrit and DT Oakland!,556809973,Noah,,Oakland Ave-Harrison St,37.8182,-122.2594,Entire home/apt,152,2,47,9/7/25,2.53,3,322,37,
1.07417E+18,Modern view home - Oakland Hills,1470567,Laura,,Upper Rockridge,37.84704,-122.23427,Entire home/apt,893,1,3,6/21/25,0.21,1,256,2,
1.07464E+18,Modern Urban Oasis Close to SF.,348018429,Felix Gabriel,,Clawson,37.82427,-122.28819,Entire home/apt,170,2,9,8/31/25,0.49,1,317,3,
1.0749E+18,Townhouse In the Hills with a View,99006828,Timothy Arunah,,Hiller Highlands,37.8535,-122.22602,Entire home/apt,210,30,0,,,1,263,0,
1.07505E+18,Newly Remodeled Cozy 1bdrm close to BART,385903774,Kandyce,,Longfellow,37.8286622,-122.2730369,Entire home/apt,93,3,69,9/21/25,3.68,1,78,43,
1.0754E+18,Big Bay Hideaway ~ Fantastic Views of City Lights,128610607,Christine,,Clawson,37.825186,-122.2842441,Entire home/apt,184,1,63,9/19/25,3.34,5,341,45,
1.07576E+18,SF Bay Area - East Bay Estuary,65796508,Chris,,Produce And Waterfront,37.79004,-122.26733,Entire home/apt,73,14,3,8/23/24,0.17,1,38,0,
1.07634E+18,Hidden Gem in East Oakland,121037716,Nicole,,Durant Manor,37.74471281,-122.1599739,Entire home/apt,,1,4,4/21/24,0.2,3,0,0,
1.07689E+18,The Dream inn (rockridge),558584232,John,,Upper Rockridge,37.83913,-122.2489,Entire home/apt,101,1,63,9/9/25,3.26,1,343,31,
1.07989E+18,"safe, peaceful spacious bedroom",559324482,Fen,,Fairfax,37.77665462,-122.2007176,Private room,47,1,144,9/20/25,7.3,1,299,74,
1.07994E+18,"Downtown Oakland Studio, 6 Mi to Toll Plaza Beach!",126644773,Evolve,,Lakeshore,37.81509,-122.2456,Entire home/apt,92,30,0,,,12,266,0,
1.07994E+18,Charming Oakland Apartment Near Lake Merritt!,126644773,Evolve,,Lakeshore,37.81509,-122.2456,Entire home/apt,92,30,0,,,12,265,0,
1.07994E+18,"Cozy Oakland Studio Rental, 13 Mi to San Francisco",126644773,Evolve,,Lakeshore,37.81509,-122.2456,Entire home/apt,,30,0,,,12,0,0,
1.0806E+18,Spacious guest suite in Oakland,215917180,Meron,,Sequoyah,37.75992,-122.13946,Entire home/apt,162,2,15,8/10/25,0.8,1,173,6,
1.08072E+18,Awesome 2 Bedroom - Walk to UCB,1556814,Tamra,,Fairview Park,37.85253,-122.25983,Entire home/apt,180,15,1,5/31/25,0.25,13,49,1,
1.08224E+18,Private 1 Bedroom w/ natural light and patio,96029415,Lola,,Skyline-Hillcrest Estates,37.79036,-122.14728,Entire home/apt,100,2,29,9/19/25,1.48,1,239,13,
1.08278E+18,Commuter friendly 3bd/2ba,10109657,Elisabeth,,Clawson,37.82575401,-122.279015,Entire home/apt,163,21,0,,,1,245,0,
1.08371E+18,Rockridge Studio,342060920,Shilpi,,Upper Rockridge,37.84054,-122.24844,Entire home/apt,208,1,46,9/17/25,2.32,1,251,21,
1.08411E+18,Private Modern Studio,58265920,Olga,,Golf Links,37.75550855,-122.1512102,Entire home/apt,70,7,9,9/12/25,0.53,1,271,6,
1.08487E+18,Hollywood Gem W/Enhanced Privacy & Comfort+Parking,1592786,Julia,,Lockwood Tevis,37.76335,-122.1996,Private room,57,1,108,9/13/25,6.33,4,355,97,
1.08504E+18,Peaceful and Chic Remodeled Casita,96102841,Colm,,Allendale,37.78844593,-122.1996106,Entire home/apt,,2,20,4/30/25,1.05,1,0,8,
1.08587E+18,Guesthouse in Oakland Hills,8199004,Jaivardhan,,Chabot Park,37.7464242,-122.1211589,Entire home/apt,180,2,4,8/21/25,0.7,1,364,4,
1.08771E+18,Updated Private Oasis in North Oakland/Berkeley,5109504,Joyce,,Bushrod,37.84663698,-122.2624739,Entire home/apt,,30,12,6/8/24,0.64,1,0,0,
1.08841E+18,Gorgeous Mid-Century!,1508483,Laleh,,Redwood Heights,37.7953495,-122.1886328,Entire home/apt,383,1,0,,,1,37,0,
1.09006E+18,Cozy studio near Lake Merritt.,7851811,Viatcheslav A,,Clinton,37.7964624,-122.2498339,Entire home/apt,68,30,1,11/4/24,0.09,4,297,1,
1.09286E+18,Private ADU -Full Bath & Kitchen,121037716,Nicole,,Iveywood,37.74479444,-122.160401,Private room,,1,3,3/17/24,0.15,3,0,0,
1.09575E+18,Queen Bedroom Guest Suite #low ceilings,4548869,Brian,,McClymonds,37.81994254,-122.2792005,Private room,30,3,9,8/17/25,0.69,6,89,8,
1.09577E+18,Guest Suite w/ Private Entrance #Low Ceilings,4548869,Brian,,McClymonds,37.82118034,-122.2791293,Private room,1000,7,2,10/9/24,0.15,6,269,1,
1.09602E+18,Luxury Travelers Retreat with Breathtaking Views,20270674,Gina,,Millsmont,37.77728776,-122.1771238,Entire home/apt,135,2,42,9/17/25,2.24,4,236,28,
1.09753E+18,Studio Palace,388703234,Dashay,,Downtown,37.80296285,-122.2691164,Entire home/apt,102,1,107,9/22/25,5.61,1,246,59,
1.09814E+18,Lakeside Living,562987724,Yeisan,,Adams Point,37.81063053,-122.2597458,Entire home/apt,,1,27,3/6/25,1.45,1,127,9,
1.09927E+18,Gorgeous flat in prime location,112166621,Carolyn,,Fairview Park,37.8521947,-122.2539719,Entire home/apt,135,3,2,5/20/25,0.12,1,71,1,
1.10307E+18,Pet-Friendly Apartment: 1 Mi to Lake Merritt!,126644773,Evolve,,Lakeshore,37.8150871,-122.2456025,Entire home/apt,468,2,1,5/19/25,0.23,12,351,1,
1.10315E+18,"Art Studio-Cozy Library vibe, 300 sq ft",94681186,Eliza,,Jefferson,37.7795,-122.2091,Entire home/apt,90,2,40,9/21/25,2.12,1,112,14,
1.10651E+18,"Blueground | Oakland, gym, walk to dining & shops",107434423,,,Piedmont Avenue,37.8239,-122.25686,Entire home/apt,302,31,0,,,21,201,0,
1.10652E+18,Urban Escape! Relaxing Unit near the Oakland Zoo!,502000472,RoomPicks,,Piedmont Avenue,37.82909,-122.25522,Hotel room,179,1,0,,,8,359,0,
1.10906E+18,Chic & Cozy Oakland  Getaway,20420703,Rafael,,Oakmore,37.80843,-122.207,Entire home/apt,125,1,44,9/14/25,2.52,1,316,22,
1.11008E+18,Guest suite in Oakland with Private Entry,56529893,Soa,,Longfellow,37.83095,-122.27121,Entire home/apt,78,3,41,9/14/25,2.21,1,251,18,
1.1104E+18,Private cozy 1-BR in-law,2285166,Eva,,Laurel,37.7938493,-122.20336,Entire home/apt,,7,0,,,1,217,0,
1.11229E+18,Villa House with ADU,18738573,Alex,,Temescal,37.83292,-122.25637,Entire home/apt,266,14,0,,,1,365,0,
1.11249E+18,Luxury 1 Bedroom Apartment Near DownTown Oakland,459632194,Barry,,Oakland Ave-Harrison St,37.8186293,-122.2618258,Entire home/apt,236,2,11,10/19/24,0.7,1,133,2,
1.11382E+18,Charming Oakland Craftsman House,13570661,Kenya,,Glenview,37.80006972,-122.2217523,Entire home/apt,,1,0,,,1,0,0,
1.11465E+18,New! Yurt O'clock!,71975,Oscar,,Redwood Heights,37.79259,-122.18877,Entire home/apt,69,1,22,9/14/25,1.2,2,196,13,
1.11479E+18,Dreamy Oasis in Oakland,15836767,Olivia,,Paradise Park,37.84753814,-122.2836471,Entire home/apt,87,2,14,9/19/25,0.78,1,30,7,
1.11482E+18,Cozy minimalist,499668470,Justine,,Bushrod,37.84877,-122.26638,Private room,,24,12,8/13/25,0.66,2,0,6,
1.11625E+18,Near Fruitvale BART. Fast Wi-Fi. Work Station.,417381847,Oscar,,Sausal Creek,37.78615,-122.22392,Entire home/apt,67,3,11,4/14/25,0.71,2,267,3,
1.11638E+18,Stylish Charm Retreat Near Highland Hospital,34009681,Charlaine,,Highland Terrace,37.79406104,-122.2398934,Entire home/apt,87,31,6,12/1/24,0.34,4,269,2,
1.11669E+18,"Centrally located
W/D in unit, full kitchen",286339190,Joanna,,Hoover-Foster,37.82201,-122.2709,Entire home/apt,75,30,2,3/10/25,0.15,1,327,1,
1.11889E+18,Spacious Modern Artist Loft!,394723264,Kai,,McClymonds,37.82002,-122.2843,Entire home/apt,,1,0,,,1,0,0,
1.12206E+18,Nice Private room & bathroom in a house,498429374,Damola,,Fruitvale Station,37.77186719,-122.2222011,Private room,58,29,5,9/1/25,0.33,3,262,4,
1.12279E+18,Luxurious Cottage Retreat with Serene Garden,507255247,Hsi,,Shepherd Canyon,37.83313421,-122.1975384,Entire home/apt,237,1,39,8/27/25,2.33,2,341,22,
1.12333E+18,Hillcrest Terrace B - Bay Views,72980186,Albert,,Forestland,37.83778,-122.18992,Entire home/apt,,30,2,6/27/25,0.13,2,0,1,
1.12343E+18,Timeless Elegance: Elmwood 1BR,7933344,Margaret,,Fairview Park,37.85244264,-122.2536725,Entire home/apt,127,14,4,3/31/25,0.24,2,259,1,
1.12614E+18,Bayview House Jetted Hot Tub: Celestial Retreat,505297200,Henry,,Piedmont Pines,37.81842,-122.19039,Entire home/apt,121,2,49,9/7/25,2.79,1,205,31,
1.1263E+18,Oakland Hills Rm w/Gorgeous View,14268913,Mimi,,Toler Heights,37.75375,-122.15764,Private room,120,1,0,,,1,269,0,
1.12706E+18,Cozy Rockridge Craftsman,12029048,Marsha,,Rockridge,37.8416571,-122.2482175,Entire home/apt,248,4,7,9/11/24,0.42,1,267,0,
1.12845E+18,Cozy Room in a Ranch Style Home,111293856,Nicole,,Brookfield Village,37.7346,-122.19217,Private room,60,1,22,9/21/25,2.77,1,65,22,
1.12995E+18,"Cozy Sunsets in the Bay, Oakland",191280290,Rebeca,,Glen Highlands,37.84596,-122.2194,Entire home/apt,192,2,26,9/14/25,2.05,1,340,25,
1.13198E+18,"relaxing, comfortable get away",182453585,Ricky,,Paradise Park,37.84916,-122.28513,Shared room,64,1,1,9/7/24,0.08,2,269,0,
1.13212E+18,Hidden Gem,571671871,Major,,Millsmont,37.77299,-122.17041,Entire home/apt,202,28,17,12/30/24,0.99,1,146,5,
1.13275E+18,Bay windows in remodeled Victorian - Men Only,4859526,Danielle,,Clinton,37.79412787,-122.2485997,Private room,,3,10,9/15/25,0.57,6,0,3,
1.13343E+18,Cozy Modern Cottage,117392393,Shawn,,Laurel,37.79304995,-122.2064667,Entire home/apt,82,14,11,6/7/25,0.74,2,286,8,
1.13356E+18,Private Studio in Jack London!,263143710,Rishi Nath,,Old City-Produce And Waterfront,37.79770326,-122.2762835,Entire home/apt,89,30,1,5/19/25,0.23,11,111,1,
1.13371E+18,"Cozy, Rockridge, Home Bay views - Summer 2024",3805415,Glenn,,Upper Rockridge,37.84529053,-122.2438585,Entire home/apt,,45,0,,,1,0,0,
1.13583E+18,The Bay View Golfing King Size Sweet Home,485949593,Brendon,,Sequoyah,37.7605946,-122.1274248,Entire home/apt,199,2,43,9/21/25,2.57,1,332,28,
1.13766E+18,Fast Wi-Fi. Work Station. Cozy. Close to Bart.,417381847,Oscar,,Patten,37.78487003,-122.2220757,Entire home/apt,57,3,5,11/9/24,0.39,2,306,2,
1.1377E+18,425B Ground 3B1B Unit Gated Parking near Bart & FW,227225802,Sisley,,Mosswood,37.82409408,-122.2622865,Entire home/apt,91,2,32,9/1/25,1.87,8,168,22,
1.13838E+18,1BR Adams Point neighborhood !,29195991,Julie,,Oakland Ave-Harrison St,37.81687,-122.25448,Entire home/apt,,30,2,10/12/24,0.13,2,0,1,
1.14133E+18,The Animal Spirit Luxury Guest Suite Spa Hot Tub,368075897,Andrew,,Prescott,37.81250012,-122.2952676,Entire home/apt,120,2,52,8/29/25,3.08,1,157,36,
1.14353E+18,Sol & Luna Garden Getaway,3209090,Stacy,,Upper Laurel,37.79311205,-122.1976579,Entire home/apt,86,1,24,9/20/25,1.41,1,81,12,
1.14369E+18,Cozy Stay Near Lake Merritt & Bella Vista Area,523539024,Eric,,Lynn-Highland Park,37.79785518,-122.2351804,Entire home/apt,109,1,34,3/19/25,2,1,55,15,
1.14371E+18,"Safe, Sunny Sausal Creek Studio",265451128,Deborah,,Sausal Creek,37.78881949,-122.222298,Entire home/apt,108,2,2,5/28/24,0.12,1,88,0,
1.14587E+18,Sun-Filled 1912 Craftsman Home,8440463,Amina,,Temescal,37.83039,-122.26214,Entire home/apt,195,3,2,5/2/25,0.13,1,134,1,
1.14636E+18,“Suite Spot”,1592786,Julia,,Lockwood Tevis,37.76330077,-122.2005226,Private room,89,1,2,8/31/25,0.34,4,354,2,
1.14696E+18,"Blueground | Oakland, w/d, nr bakeries & bars",107434423,,,Northgate,37.8127364,-122.2676839,Entire home/apt,242,31,0,,,21,324,0,
1.14696E+18,"Blueground | Oakland, roof lounge, near dining",107434423,,,Waverly,37.81426,-122.26452,Entire home/apt,226,31,0,,,21,343,0,
1.14731E+18,Peaceful 2 Bedroom in Pill Hill,332219736,Marlene,,Pill Hill,37.81718294,-122.2659016,Entire home/apt,119,30,8,8/23/24,0.51,4,269,0,
1.14733E+18,Beautiful Detached Quiet Cottage,315279,Craig,,Oakmore,37.80894,-122.21347,Entire home/apt,,1,6,7/13/25,0.35,1,0,2,
1.14867E+18,Newly renovated 2 bedroom apt in Oakland Ca,575635915,Yordanos,,Highland Terrace,37.79149663,-122.2297997,Entire home/apt,113,3,2,8/19/25,1.28,1,232,2,
1.1494E+18,Backyard Casita,2755827,James,,Prescott,37.81062312,-122.299873,Entire home/apt,77,2,16,6/27/25,0.96,1,249,9,
1.14948E+18,New Everything-You-Need Studio in Prime Location,25136754,Suzanne,,Shafter,37.84343521,-122.2519621,Entire home/apt,108,1,42,9/20/25,2.54,9,237,33,
1.15024E+18,Charming Victorian Retreat,576006710,Vy Thuy Tuong,,Prescott,37.80996824,-122.3016989,Entire home/apt,253,1,85,9/23/25,5.39,1,283,65,
1.15091E+18,Happy Home: Your Sunny Escape,427501303,Happy,,Millsmont,37.77808,-122.17238,Entire home/apt,110,7,1,3/6/25,0.15,1,279,1,
1.15116E+18,The Willow Room - WOMEN ONLY,4859526,Danielle,,Clinton,37.79459,-122.24701,Private room,,5,5,9/1/25,0.3,6,1,2,
1.15178E+18,"Parkside Cottage - Charming Studio, 15 min to SF",20954857,Rachel,,Cleveland Heights,37.80096,-122.24874,Entire home/apt,113,2,14,1/12/25,0.86,1,32,6,
1.15447E+18,Beautiful house 5 min Oak airport/10min BART,24338291,Andres,,Brookfield Village,37.7290436,-122.1869549,Entire home/apt,124,3,18,8/12/25,1.09,3,170,14,
1.15463E+18,Sweet Creative Oasis,25154429,Bhavya Jessica,,Glenview,37.80547726,-122.2258876,Entire home/apt,69,7,0,,,1,172,0,
1.15468E+18,Beautiful Master Bedroom,135435839,Yoel,,Patten,37.78856,-122.21829,Private room,68,7,1,6/30/24,0.07,1,81,0,
1.15662E+18,Sparkling New 2BR near BART,128610607,Christine,,Acorn-Acorn Industrial,37.80619043,-122.2880477,Entire home/apt,138,1,53,9/10/25,3.31,5,337,34,
1.15664E+18,Bella Vista Cottage,574225357,Michelle,,Bella Vista,37.79864,-122.23827,Entire home/apt,104,2,28,9/1/25,1.73,1,31,17,
1.15666E+18,Cozy Apartment near Lake Merritt,264857329,Mateo,,Cleveland Heights,37.80187,-122.24816,Entire home/apt,,5,20,4/23/25,1.28,1,0,7,
1.15741E+18,Monk's Respite,18172004,Nathan,,Fairview Park,37.84885,-122.25831,Private room,,4,2,8/12/24,0.13,1,0,0,
1.15749E+18,Lake Merritt Living,106686416,Tara,,Adams Point,37.81078919,-122.2579458,Entire home/apt,,1,10,8/5/24,0.61,2,0,0,
1.15767E+18,Spacious 4BR Retreat w/ Large Living Rm & Kitchen,337618755,Xiuwen,,Highland Terrace,37.79330865,-122.2289091,Entire home/apt,227,2,15,9/1/25,0.98,2,154,9,
1.15781E+18,Just Like @ HOME,261856085,Raymundo,,Fremont,37.77432,-122.20528,Private room,43,1,2,8/24/24,0.13,1,269,0,
1.15884E+18,Cozy room W/ private bathroom,411713410,Tarell,,Bancroft Business-Havenscourt,37.76917,-122.18855,Private room,108,1,0,,,1,269,0,
1.1597E+18,Serene In-Law at Lake Temescal,13667917,Jennifer,,Upper Rockridge,37.84565393,-122.2334842,Entire home/apt,,30,0,,,1,0,0,
1.16041E+18,Rockridge garden hideaway,2645712,Colin,,Fairview Park,37.84560321,-122.2598854,Entire home/apt,158,14,1,7/31/24,0.07,2,112,0,
1.16116E+18,Psychedelic Tower of Power,127784411,Paul,,Downtown,37.80425934,-122.2712389,Entire home/apt,700,1,0,,,1,268,0,
1.1619E+18,Modern chic 2-bed 1-bath,33625425,Onesirosan,,Rancho San Antonio,37.79115765,-122.2389712,Entire home/apt,89,2,10,5/5/25,0.62,1,142,3,
1.16195E+18,The Oakland hills house.,366410370,Abdullah,,Lincoln Highlands,37.80853402,-122.1957768,Private room,,1,0,,,1,0,0,
1.16307E+18,Private room 四,473537977,Yunjiao,,Brookfield Village,37.7346996,-122.1871286,Private room,41,1,28,8/14/25,2,5,262,25,
1.16444E+18,Modern 2 beds 1 bath house near Lake Merritt,63488438,Nicole,,Cleveland Heights,37.80065153,-122.2491132,Entire home/apt,,1,24,2/10/25,1.65,8,0,13,
1.16708E+18,Premier Inn & Suites Queen Bed Non-Smoking,579875537,Abhishek,,Las Palmas,37.74506,-122.15653,Private room,67,1,0,,,3,256,0,
1.16709E+18,Premier Inn & Suites King Bed Non-Smoking,579875537,Abhishek,,Foothill Square,37.74653,-122.15481,Private room,67,1,0,,,3,256,0,
1.16709E+18,Premier Inn & Suites 2 Queen Beds Non-Smoking,579875537,Abhishek,,Foothill Square,37.74544,-122.15471,Private room,89,1,0,,,3,256,0,
1.17185E+18,Private Terrace  Entry &  Attached Bath,35967118,Peggy,,Grand Lake,37.81586,-122.24955,Private room,,1,0,,,1,0,0,
1.17331E+18,Newly Remodeled Guest House,514915864,Hanze,,Coliseum,37.7551187,-122.1971426,Entire home/apt,56,2,23,8/26/25,1.64,1,88,19,
1.17501E+18,New private home,285510,Melanie,,Bushrod,37.84993119,-122.2648009,Entire home/apt,153,2,34,9/7/25,2.52,1,121,28,
1.17585E+18,Your Pool Home Oasis Awaits,4392486,Simone Pereira Da Silva,,Redwood Heights,37.79419971,-122.1845375,Entire home/apt,345,7,6,3/15/25,0.4,1,21,5,
1.17612E+18,Wooded retreat deck life,11328778,Ryan,,Piedmont Pines,37.8248,-122.19322,Entire home/apt,231,5,0,,,1,89,0,
1.1762E+18,Chill Studio in Oakland,218315042,Atmagye,,Longfellow,37.82916904,-122.2740086,Private room,,1,0,,,1,268,0,
1.17711E+18,微 Private room $980/M,473537977,Yunjiao,,Brookfield Village,37.73464,-122.18665,Private room,42,1,13,8/29/25,0.85,5,69,11,
1.17712E+18,Oakland Hills (Montclair) 1 BR/Parking/W&D,1661862,Donna,,Forestland,37.8371798,-122.1926023,Entire home/apt,69,30,0,,,1,328,0,
1.17758E+18,Sunny Bungalow,219869,Elizabeth,,Ivy Hill,37.80078,-122.24491,Entire home/apt,179,180,0,,,1,269,0,
1.17993E+18,Room for rent by Highland Hospital,33226153,Benjamin,,Lynn-Highland Park,37.7992122,-122.2299636,Private room,62,3,2,7/7/24,0.13,1,70,0,
1.18156E+18,2 beds 1 bath cozy home near Lake Merritt,63488438,Nicole,,Ivy Hill,37.7994386,-122.2484688,Entire home/apt,123,1,11,8/11/25,0.74,8,358,4,
1.1822E+18,1 bed 1 bath cozy home near Lake Merritt,63488438,Nicole,,Ivy Hill,37.80013228,-122.2474064,Entire home/apt,94,1,0,,,8,176,0,
1.18362E+18,5 BRs 2 baths new duplex house near Lake Merritt,63488438,Nicole,,Ivy Hill,37.79903,-122.24735,Entire home/apt,380,1,3,8/24/24,0.22,8,51,0,
1.18497E+18,Glenview Beauty: 1bd retreat near Piedmont,78012300,Alexandra,,Trestle Glen,37.80477,-122.22851,Entire home/apt,167,2,26,9/15/25,2,1,167,25,
1.18558E+18,Stylish Furnished Downtown Retreat in Oakland,517579072,Aisha,,Downtown,37.80466,-122.26872,Private room,900,1,1,8/17/24,0.07,1,364,0,
1.18656E+18,Cozy SF Bay Studio Getaway w/ great amenities!,72416056,Audrey,,Jefferson,37.7786546,-122.2128921,Entire home/apt,89,2,60,8/28/25,3.94,1,349,27,
1.18805E+18,"Modern, Spacious, & Cozy Gem near Lake Merritt",4318179,Michelle,,Cleveland Heights,37.80116,-122.24846,Entire home/apt,342,2,7,6/26/25,0.98,1,179,7,
1.18914E+18,Studio in north Oakland,534682743,Thomas Charles,,Temescal,37.83233165,-122.26244,Entire home/apt,,2,44,4/4/25,2.96,1,0,30,
1.18919E+18,The Perfect Oakland Perch,353990,Jillian,,Grand Lake,37.8180623,-122.2473757,Entire home/apt,,4,8,4/8/25,0.54,1,0,3,
1.18945E+18,425A2-Upper 2B1B Unit Gated Parking near Bart & FW,573005127,Jianjun,,Mosswood,37.8260977,-122.2637669,Entire home/apt,98,2,38,9/8/25,2.63,1,156,30,
1.19011E+18,Combo 2BR 1bath near LakeMerritt,63488438,Nicole,,Ivy Hill,37.79905048,-122.2495327,Entire home/apt,,1,0,,,8,0,0,
1.19082E+18,3BR 1Bath near Lake Merritt,63488438,Nicole,,Ivy Hill,37.80014,-122.24789,Entire home/apt,,1,0,,,8,0,0,
1.19092E+18,Combo 4BR 2Bth near Lake Merritt,63488438,Nicole,,Ivy Hill,37.7983863,-122.2492352,Entire home/apt,256,1,0,,,8,81,0,
1.19501E+18,Cozy private apartment,97567648,Amber,,Piedmont Avenue,37.83255954,-122.2466203,Entire home/apt,86,5,29,6/30/25,1.98,1,243,19,
1.19593E+18,"Quiet space, great location!",43536253,Barbara,,Grand Lake,37.8179301,-122.247403,Entire home/apt,123,1,121,9/21/25,8.5,1,25,103,
1.19746E+18,Light-filled Oakland Sanctuary,55898872,Europa,,Hawthorne,37.78429,-122.22605,Entire home/apt,,1,0,,,1,0,0,
1.19846E+18,Oakland Hills Farmhouse Stunner + Game Room + A/C,28369509,One Fine BnB,,Skyline-Hillcrest Estates,37.78380654,-122.1434159,Entire home/apt,399,1,27,6/18/25,2.08,1,313,25,
1.20292E+18,"Private Guesthouse near Mills College, Oakland",2345986,Bibo,,Frick,37.77335831,-122.186492,Entire home/apt,86,1,4,2/23/25,0.33,1,235,3,
1.20295E+18,Contemporary 4BR Oasis | 2/2 unit |13 Mn from BART,128610607,Christine,,Oak Center,37.8078388,-122.2860564,Entire home/apt,253,1,1,5/17/25,0.23,5,224,1,
1.20444E+18,Cozy home on a hill in Oakland.,73671852,Kevin,,Eastmont Hills,37.77049,-122.16181,Entire home/apt,131,7,1,11/3/24,0.09,1,148,1,
1.20541E+18,The Maplette,354943611,Felicia,,Upper Peralta Creek-Bartlett,37.7936224,-122.2085027,Entire home/apt,,3,2,9/30/24,0.16,1,0,1,
1.20662E+18,Delightful Cottage with WiFi,41078858,Yolanda,,Redwood Heights,37.79366589,-122.1922348,Entire home/apt,,2,6,11/30/24,0.43,1,0,4,
1.20681E+18,1 -2 Bedrooms in 3-bedroom apart-t. Host lives in,284084679,Svetlana,,McClymonds,37.82215,-122.28506,Private room,64,1,8,9/18/25,0.59,2,348,7,
1.20811E+18,10 Minutes to SF,39325476,Albina,,South Prescott,37.80444,-122.2992,Private room,72,1,28,6/3/25,2.07,2,43,27,
1.20821E+18,The Original Room,30371408,Nate,,Temescal,37.83578075,-122.2616737,Private room,92,1,20,9/13/25,1.86,5,344,20,
1.21116E+18,1BDR In-Law Suite Near OAK & SFO/Mins to Coliseum!,484022396,Hilda,,Arroyo Viejo,37.76338324,-122.1789293,Entire home/apt,83,2,16,9/19/25,1.3,1,355,15,
1.2124E+18,Sunny Peaceful Private Stay,31300015,Mahendra,,Grand Lake,37.81658292,-122.2499581,Private room,64,2,13,8/29/25,1.09,1,347,13,
1.21241E+18,Tranquil Home in the Trees,548827127,Sylvie,,Woodminster,37.80792,-122.18473,Entire home/apt,118,30,3,9/5/25,0.3,1,364,3,
1.21317E+18,Piedmont cottage above garage,148154391,Dai,,Piedmont,37.82197904,-122.222893,Entire home/apt,320,1,0,,,1,364,0,
1.2142E+18,Victorian charm by Lake Merritt,46032667,Gary,,Clinton,37.79779613,-122.2517437,Entire home/apt,98,30,2,7/12/25,0.17,1,364,2,
1.21473E+18,"Sunny bright cozy quiet bedroom #3
with WiFi FW580",65831276,Wei,,Sheffield Village,37.73138,-122.13782,Private room,65,3,6,12/21/24,0.45,1,80,3,
1.21551E+18,Sunny & Private Room/Urban Oasis Backyard,3721218,Heather M,,Highland Terrace,37.79298859,-122.2279533,Private room,55,1,11,7/5/25,0.8,1,83,5,
1.21561E+18,Room #3: Private Room,551586717,Noah,,Fairfax,37.77355958,-122.1990253,Private room,50,7,0,,,13,339,0,
1.21623E+18,Cozy Oakland Home,469187550,Njeri,,Maxwell Park,37.77485954,-122.1952874,Entire home/apt,,2,5,10/7/24,0.37,1,0,1,
1.21685E+18,"Tranquil Aqua Abode Travel Professional w/
No Pets",398989768,Angela,,Hegenberger,37.76423912,-122.1856404,Entire home/apt,152,4,3,6/1/25,0.25,1,267,3,
1.21696E+18,*RARE Find* Industrial 2 bdrm loft BART Stop,594451350,Peter,,Prescott,37.81138,-122.2926,Entire home/apt,,2,4,1/26/25,0.33,1,0,4,
1.217E+18,Private home. Best area. Fast wifi. Laundry.,6722695,Elliot,,Lakeshore,37.81498747,-122.2365307,Entire home/apt,143,7,0,,,28,363,0,
1.217E+18,Urban to Cosmopolitan Cottage,594461089,Wilhelmina,,Millsmont,37.77626,-122.17247,Entire home/apt,,1,22,11/3/24,1.59,2,0,8,
1.21754E+18,BEST Area Walk To Hospitals/BART/Food/Restaurants!,491593379,Jesse,,Temescal,37.8338278,-122.2536934,Entire home/apt,80,30,2,8/31/25,0.68,1,120,2,
1.21822E+18,New Developed Gem in San Francisco/Emeryville/Berk,364985287,Varinder Singh,,McClymonds,37.82212211,-122.2843913,Entire home/apt,,2,24,9/19/25,1.85,4,347,23,
1.21853E+18,Calm Close Clean Convenient:,8693717,John,,Maxwell Park,37.7832065,-122.2007344,Entire home/apt,121,3,9,9/1/25,0.66,1,175,6,
1.21882E+18,"Designer Highrise Condo Near SF | Premier Gym, Spa",358227461,Wilson,,Downtown,37.80955,-122.26751,Entire home/apt,150,30,4,4/4/25,0.31,3,110,3,
1.21897E+18,Lakeside Luxe Stay: Perfect Bay Area Getaway,372413573,Joe,,Cleveland Heights,37.80454,-122.25083,Entire home/apt,358,5,12,9/18/25,1.12,1,307,12,
1.22031E+18,"Quiet Private Room- with 1/2 bath, near Amtrack",4415320,Laurie,,Golden Gate,37.83796,-122.28477,Private room,80,1,27,9/21/25,3.97,1,13,27,
1.22056E+18,"Gorgeous Oakland Hills getaway: views, tub, trees",11379132,Hoai,,Piedmont Pines,37.82063994,-122.1971481,Entire home/apt,,5,7,12/28/24,0.53,1,0,5,
1.2212E+18,Oakland Hills Bay View Retreat,29293802,Carolyn,,Montclair,37.83452,-122.20199,Entire home/apt,,7,2,7/29/25,0.88,1,0,2,
1.22142E+18,Professionally Furnished New Home San Francisco,364985287,Varinder Singh,,McClymonds,37.82086,-122.28433,Entire home/apt,349,20,1,9/27/24,0.08,4,359,1,
1.22253E+18,Lake Merritt View Retreat- 24/7 Concierge/Security,1463269,Dena,,Lake Merritt,37.80409,-122.26112,Entire home/apt,160,14,1,7/31/25,0.53,1,346,1,
1.22335E+18,Modern Hilltop Luxury Views,803877,Troy,,Claremont,37.85745,-122.2248,Entire home/apt,800,4,15,9/17/25,1.68,1,228,15,
1.22357E+18,4BR 2baths near Lake Merritt,63488438,Nicole,,Ivy Hill,37.80042,-122.24793,Entire home/apt,357,1,0,,,8,53,0,
1.22421E+18,Charming Central 3bd w/Hilltop Views and Office,139613,Matthew,,Lakeshore,37.81625312,-122.2407923,Entire home/apt,,20,0,,,1,0,0,
1.22443E+18,2 blocks to BART! 1 stop to SF! W/D! Central/Quiet,514043471,Mari,,Prescott,37.8090206,-122.2959079,Entire home/apt,90,28,11,9/19/25,0.83,3,349,7,
1.22465E+18,Upscale 3BR - New Construction,340536900,Chazz,,Bushrod,37.84275416,-122.2653361,Entire home/apt,300,28,0,,,2,129,0,
1.23055E+18,Spacious New Designer Home | 4BR/4.5BA Retreat,188644940,Nicole,,Adams Point,37.81181576,-122.250652,Entire home/apt,307,2,34,9/21/25,3.2,1,149,34,
1.23212E+18,A Wee Proper Cottage,27336225,Debra Lorraine,,Grand Lake,37.8186,-122.24913,Entire home/apt,141,2,42,9/19/25,3.34,1,304,36,
1.23239E+18,Skylight,182453585,Ricky,,Paradise Park,37.8491462,-122.2854973,Private room,38,1,0,,,2,364,0,
1.23278E+18,West Oakland Oasis (1),598623991,Andrea,,Hoover-Foster,37.8248877,-122.2740813,Entire home/apt,74,5,2,6/4/25,0.22,11,35,2,
1.23341E+18,West Oakland Oasis (2),598623991,Andrea,,Hoover-Foster,37.8247539,-122.2733997,Entire home/apt,74,30,4,7/26/25,0.35,11,274,4,
1.23592E+18,Charming 3bd 2ba purple palace!,7094685,Lynnea,,School,37.79614,-122.21227,Entire home/apt,101,3,0,,,1,112,0,
1.23661E+18,Fruitvale Area - Newly Updated Private Bed & Bath,68929857,Mehdi,,Fruitvale Station,37.77299,-122.226,Private room,67,1,7,7/13/25,0.56,5,298,6,
1.23701E+18,Jack Landon Sq. Beauty 1 bed -1 bath,68929857,Mehdi,,Produce And Waterfront,37.79039298,-122.2680108,Entire home/apt,95,28,4,8/25/25,0.37,5,359,4,
1.23716E+18,West Oakland Oasis (4),598623991,Andrea,,Hoover-Foster,37.82509581,-122.2735532,Entire home/apt,90,5,3,4/24/25,0.31,11,278,3,
1.23716E+18,West Oakland Oasis (5),598623991,Andrea,,Hoover-Foster,37.82366,-122.27555,Entire home/apt,74,5,5,6/17/25,0.42,11,338,5,
1.23717E+18,West Oakland Oasis (6),598623991,Andrea,,Hoover-Foster,37.82482,-122.27382,Entire home/apt,74,5,1,6/7/25,0.27,11,90,1,
1.23717E+18,Guest Studio in Adams Point,22312659,Derek,,Oakland Ave-Harrison St,37.81493,-122.25786,Entire home/apt,101,2,12,5/26/25,0.99,1,57,12,
1.23717E+18,West Oakland Oasis (7),598623991,Andrea,,Hoover-Foster,37.82413799,-122.2754829,Entire home/apt,75,5,6,9/15/25,1.4,11,362,6,
1.23718E+18,West Oakland Oasis (8),598623991,Andrea,,Hoover-Foster,37.82299566,-122.2737125,Entire home/apt,74,1,3,5/23/25,0.58,11,316,3,
1.23718E+18,West Oakland Oasis (9),598623991,Andrea,,Hoover-Foster,37.82311,-122.27338,Entire home/apt,74,1,6,6/29/25,0.49,11,358,5,
1.23719E+18,West Oakland Oasis (10),598623991,Andrea,,Hoover-Foster,37.8249227,-122.2737321,Entire home/apt,74,5,8,7/1/25,0.79,11,316,8,
1.23719E+18,West Oakland Oasis (11),598623991,Andrea,,Hoover-Foster,37.82499378,-122.2747208,Entire home/apt,74,1,7,9/18/25,0.7,11,275,7,
1.23719E+18,West Oakland Oasis (3),598623991,Andrea,,Hoover-Foster,37.82278528,-122.2746883,Entire home/apt,99,30,0,,,11,315,0,
1.23781E+18,BEST neighborhood in Rockridge! Walk to everything,666201291,Dustin,,Rockridge,37.8506,-122.2489,Entire home/apt,217,1,23,8/13/25,2.04,4,291,23,
1.23808E+18,Jack London Waterfront Unit,204123520,Jessica,,Produce And Waterfront,37.7903163,-122.268454,Entire home/apt,99,30,0,,,1,215,0,
1.23955E+18,Bayview Room - Hillview Estate,366580200,Corinne,,Merriwood,37.8555592,-122.2142394,Private room,100,3,0,,,1,363,0,
1.2401E+18,Upper Rockridge Luxury Mid-Century Escape,666201291,Dustin,,Upper Rockridge,37.83585,-122.22937,Entire home/apt,186,3,11,9/6/25,2.01,4,329,11,
1.24025E+18,"Large, Cozy Private Suite in Oakland Hills",99685402,Shailey,,Sequoyah,37.75941,-122.13839,Entire home/apt,84,2,7,9/4/25,0.71,7,179,7,
1.24067E+18,Charming Oakland Apartment,11131407,Jimmy,,Golden Gate,37.83983125,-122.2838833,Entire home/apt,158,1,0,,,1,351,0,
1.24245E+18,Casa California,48765910,Mira,,Maxwell Park,37.78051083,-122.1986298,Entire home/apt,101,3,18,12/25/24,1.45,1,266,16,
1.2425E+18,Condo with Pool + Secure Parking,9671447,Caleb,,Oakland Ave-Harrison St,37.81853668,-122.2546421,Entire home/apt,,30,1,1/13/25,0.12,2,29,1,
1.24258E+18,"Blueground | Oakland, free parking, a/c & w/d",107434423,,,Shepherd Canyon,37.8303525,-122.1963538,Entire home/apt,435,31,0,,,21,125,0,
1.24296E+18,Huge Bedroom with Private Bath,58051956,Alex,,Cleveland Heights,37.80231354,-122.2522757,Private room,68,30,0,,,5,263,0,
1.24361E+18,Live Close to Everything!,6966390,Eli,,Northgate,37.813747,-122.2689476,Entire home/apt,85,30,1,11/30/24,0.1,1,331,1,
1.24382E+18,Sunny Guesthouse 2bd/1bth  & Backyard Bliss,196926851,Leah Ngan,,Peralta-Hacienda,37.78557,-122.21565,Entire home/apt,93,30,0,,,4,278,0,
1.24419E+18,Heart of Oakland Condo Retreat,79595626,Jessica,,Downtown,37.80799,-122.26839,Entire home/apt,123,28,2,8/31/25,0.29,1,348,2,
1.24486E+18,Quiet Spacious Room,429849180,Temesgen Erabo,,Santa Fe,37.83962674,-122.2763193,Private room,,1,0,,,1,364,0,
1.24567E+18,3BDR luxe home in the hills with Bay Area views,55187955,Victory,,Millsmont,37.77502141,-122.1758174,Entire home/apt,,3,1,9/15/24,0.08,1,0,0,
1.24593E+18,Penthouse w/ large patio upstairs,443616949,DeAndra,,Lakewide,37.8054143,-122.2649899,Entire home/apt,215,1,1,5/19/25,0.23,2,364,1,
1.24678E+18,A Chill View,22868839,Qi,,Golf Links,37.7631264,-122.1622763,Entire home/apt,187,1,6,9/8/25,0.65,1,173,6,
1.24864E+18,Everything You Need and More,95188918,Shantelle,,Fruitvale Station,37.77165,-122.22014,Entire home/apt,,30,0,,,1,0,0,
1.24933E+18,"Lake Merritt, Piedmont, cozy launch point",1035012,Rebecca,,Oakland Ave-Harrison St,37.81873431,-122.2541148,Entire home/apt,149,3,9,8/20/25,0.74,1,46,9,
1.25114E+18,The Front Room,30371408,Nate,,Temescal,37.83599649,-122.2625814,Private room,69,1,18,7/21/25,1.54,5,302,18,
1.25183E+18,Se renta cuarto en apartamento,517928223,Daniel,,Seminary,37.76795,-122.19477,Private room,,1,0,,,1,364,0,
1.25184E+18,Sunny & Inviting 2-Bedroom Retreat in Oakland!,556809973,Noah,,Oakland Ave-Harrison St,37.81846423,-122.2590724,Entire home/apt,148,2,30,9/14/25,2.54,3,340,30,
1.25373E+18,The Alley Room,30371408,Nate,,Temescal,37.8365421,-122.2619405,Private room,,1,8,5/1/25,0.7,5,340,8,
1.25373E+18,The Window Room,30371408,Nate,,Temescal,37.83449118,-122.2612989,Private room,63,1,11,9/7/25,1.03,5,359,11,
1.25385E+18,Private room # 4 @FacesOasis,195751579,Bruce,,South Prescott,37.80325,-122.29634,Private room,60,1,0,,,12,83,0,
1.25424E+18,Lake Merritt Parks and Garden,49287694,Am,,Adams Point,37.8112647,-122.2571134,Entire home/apt,,3,0,,,2,363,0,
1.25454E+18,Beautiful Claremont Hills!,581800153,Iftikhar Khaleeq,,Claremont,37.85841957,-122.2390961,Private room,117,1,27,5/21/25,2.24,1,87,27,
1.25585E+18,Hillside Unit  2Beds 1Bath  with Bayview,292462267,Amelia,,Eastmont Hills,37.7703901,-122.1691524,Entire home/apt,89,50,0,,,1,116,0,
1.25687E+18,Panoramic Bay View Haven | Scenic Retreat,15438235,Xi,,Piedmont Pines,37.82192,-122.19732,Entire home/apt,285,30,6,9/21/25,0.66,2,203,6,
1.25764E+18,"Convenience, character & kittens",3691843,Jean,,Longfellow,37.8329258,-122.2693243,Private room,55,2,14,9/15/25,1.65,2,5,14,
1.25843E+18,Sequoyah Hills Nurse Retreat,256888705,Jennipher,,Sequoyah,37.7603,-122.14545,Entire home/apt,,30,0,,,1,364,0,
1.25904E+18,Relaxing oasis getaway,52824284,Brayner,,Millsmont,37.77762208,-122.1801933,Entire home/apt,189,2,24,8/4/25,2.11,1,352,24,
1.25976E+18,Tranquil Retreat (Spacious House!) Up to 3 Guests,275927395,Gabriella,,Hoover-Foster,37.81925328,-122.2739944,Private room,63,2,5,8/3/25,0.43,1,89,5,
1.26002E+18,4bed/1bath Oakland Home,4548869,Brian,,Oak Center,37.80992115,-122.2864756,Entire home/apt,107,2,21,9/7/25,2.16,6,166,21,
1.26023E+18,Cozy Bay Area Retreat,62297938,Joshua,,Toler Heights,37.75691693,-122.1601201,Entire home/apt,113,1,2,11/17/24,0.17,1,351,2,
1.26089E+18,"""Fantastic 5 BDR stay with Breathtaking Views""",5735798,Mpal,,Trestle Glen,37.8144,-122.23353,Entire home/apt,370,2,12,9/22/25,1.15,1,105,12,
1.2609E+18,Gorgeous 1908 Lake Merritt home,173879,Brian,,Adams Point,37.8133905,-122.2534942,Entire home/apt,,2,6,8/22/25,0.66,3,0,6,
1.26195E+18,“Silk meets Sakura”: A Smart Studio Hideaway,5983834,Cristian,,Castlemont,37.76249,-122.16493,Private room,90,1,128,9/17/25,10.97,1,45,128,
1.262E+18,Lake View Oasis,545759109,Jasmine,,Adams Point,37.80864567,-122.2540627,Entire home/apt,,2,5,5/4/25,0.84,1,0,5,
1.26242E+18,K1 | Private Room Near BART in Central Oakland,474861965,Echo,,Reservoir Hill-Meadow Brook,37.78774,-122.22921,Private room,38,2,16,9/18/25,1.84,3,62,16,
1.26255E+18,Mediterranean Bungalow,17348635,Collin,,Maxwell Park,37.77985348,-122.1940417,Entire home/apt,,14,0,,,1,0,0,
1.2631E+18,Luxury Living with Au Pair Unit,480613021,Riza Khalil,,Piedmont Avenue,37.82469918,-122.2530229,Entire home/apt,552,2,1,5/6/25,0.21,2,317,1,
1.26319E+18,Oakland Bungalow 15 min from SF,535741593,Aminta,,Longfellow,37.83606,-122.26983,Entire home/apt,123,3,5,8/24/25,0.45,2,125,5,
1.26389E+18,Lake Merritt Garden & Park Happy,49287694,Am,,Adams Point,37.81194,-122.25589,Entire home/apt,195,3,1,11/30/24,0.1,2,297,1,
1.26419E+18,Garden 1BR Near Everything,475482,Myra,,Santa Fe,37.8397067,-122.2737484,Entire home/apt,,1,2,10/21/24,0.17,1,0,2,
1.26688E+18,4 BR Designer Home w/ Hot Tub near SF UC Berkeley,367272912,Jess,,McClymonds,37.8218955,-122.2847185,Entire home/apt,381,1,7,9/15/25,0.8,9,297,7,
1.26753E+18,Private sunny studio,208994569,Kim,,Adams Point,37.81083288,-122.2508641,Entire home/apt,99,2,18,7/28/25,1.77,1,286,18,
1.26929E+18,Stylish Modern Loft: 7 Mins to UC Berkeley,7614738,Binundu,,Longfellow,37.83503,-122.2752,Private room,58,32,0,,,1,98,0,
1.27019E+18,Sunny 2 bdrm garden apartment,8116502,Kira,,Santa Fe,37.8398614,-122.2712046,Entire home/apt,,2,4,8/9/25,1.35,1,0,4,
1.27133E+18,Cozy Shared Men Room Twin Beds,551586717,Noah,,Fairfax,37.77339041,-122.1994653,Private room,30,7,1,2/28/25,0.14,13,360,1,
1.2719E+18,Lovely cozy small studio,658134287,Svetlana,,Caballo Hills,37.7756479,-122.1602025,Entire home/apt,200,1,0,,,1,364,0,
1.27331E+18,Oakland Apartment: 8 Mi to Dtwn!,126644773,Evolve,,Woodland,37.7525708,-122.1805248,Entire home/apt,92,30,2,3/20/25,0.24,12,356,2,
1.27331E+18,Newly built Luxe Quality Home in San Francisco,364985287,Varinder Singh,,Clawson,37.82257963,-122.2822027,Entire home/apt,268,2,9,6/8/25,0.83,4,363,9,
1.27336E+18,Qute Quiet Studio-Monthly only Thanx,34954637,Anthony,,Prescott,37.81058071,-122.2999171,Entire home/apt,80,30,0,,,1,365,0,
1.2743E+18,Downtown Oasis and Comfort,62858326,Nonny,,Downtown,37.80425106,-122.2753654,Entire home/apt,144,30,0,,,5,364,0,
1.27465E+18,Hide Away with US !,77266383,Iris Diana,,Lincoln Highlands,37.80148258,-122.2035204,Entire home/apt,55,30,1,3/15/25,0.15,1,362,1,
1.27569E+18,Delightful Open Concept Home,1459885,Sophia,,Lincoln Highlands,37.80575337,-122.2066523,Entire home/apt,57,7,4,8/1/25,0.85,3,198,4,
1.2757E+18,"Bright, Convenient Cottage  Near Parks and Shops",1459885,Sophia,,Lincoln Highlands,37.80507838,-122.2080603,Entire home/apt,60,7,13,9/4/25,1.34,3,314,13,
1.27765E+18,"Private unit in safe, serene neighborhood",656357368,Bora,,Upper Laurel,37.787887,-122.1912825,Entire home/apt,133,30,1,12/23/24,0.11,1,355,1,
1.27778E+18,"Large, modern studio in N Oakland, full kitchen",645509,Laura,,Bushrod,37.84047416,-122.2666626,Entire home/apt,111,2,41,9/11/25,4.09,1,344,41,
1.27797E+18,Newly built Home in SF/Oakland,364985287,Varinder Singh,,McClymonds,37.82221,-122.28436,Entire home/apt,270,15,1,3/29/25,0.17,4,359,1,
1.27847E+18,Studio Walk to BART,35424833,Brittney,,San Pablo Gateway,37.80712,-122.27565,Entire home/apt,74,7,10,8/23/25,1.06,5,55,10,
1.27848E+18,Delightful Cheap Room,459067808,Aaliyah,,Fremont,37.77076,-122.20686,Private room,39,7,4,6/17/25,0.82,3,298,4,
1.27849E+18,Beautiful 2 Bedroom  cottage home in the hills,321286051,Steven,,Eastmont Hills,37.77149,-122.15888,Entire home/apt,174,4,0,,,1,235,0,
1.27852E+18,Splendid and Inexpensive room,459067808,Aaliyah,,Fremont,37.77283107,-122.2058527,Private room,39,7,4,8/11/25,0.79,3,323,4,
1.27854E+18,Wonderful Affordable Room,459067808,Aaliyah,,Fremont,37.77079,-122.20594,Private room,39,7,3,3/2/25,0.27,3,364,3,
1.27918E+18,Fully Equipped & Cozy 4BR 3Ba | Few mins to SF!,598636638,Maricar,,Prescott,37.80816,-122.30276,Entire home/apt,128,1,27,8/28/25,2.52,4,5,27,
1.2798E+18,Moonlit serenity,293855829,Amanda,,Allendale,37.78971051,-122.2042086,Entire home/apt,113,1,6,9/13/25,1.24,1,341,6,
1.28065E+18,Warm and Cozy Oakland Guesthouse,3519336,Fatima,,Trestle Glen,37.81045055,-122.2405573,Entire home/apt,95,2,17,9/17/25,1.58,1,229,17,
1.28205E+18,"Rare,Newly Built 2
Bedroom Unit with Gated Parking",415120024,Jen,,Lynn-Highland Park,37.79604,-122.23608,Entire home/apt,,30,5,1/3/25,0.49,1,92,5,
1.2829E+18,Luxury Apartment on Bart,1172707,John,,Downtown,37.8033369,-122.2705843,Entire home/apt,135,3,0,,,1,83,0,
1.28404E+18,"Artsy 2BD Loft, Pool & H/tub",296866821,Afolasade,,Produce And Waterfront,37.79545,-122.26972,Entire home/apt,238,2,12,9/21/25,1.2,1,10,12,
1.2852E+18,Colorful Casa Colibrí,17636903,Ecaterina,,Bancroft Business-Havenscourt,37.76951,-122.18963,Entire home/apt,,3,0,,,1,0,0,
1.28648E+18,Chic ADU in Redwood Heights,261914943,Jeffrey,,Upper Laurel,37.78647,-122.18764,Entire home/apt,113,3,43,9/22/25,4.12,1,312,43,
1.28665E+18,Humble abode in West Oakland,23346089,Rahwa,,Acorn-Acorn Industrial,37.80471,-122.29411,Entire home/apt,95,1,0,,,1,145,0,
1.28735E+18,Quiet and cozy guesthouse,47796221,Laura,,Longfellow,37.8294644,-122.2748907,Entire home/apt,77,4,8,8/15/25,0.83,3,186,8,
1.28848E+18,Cute Quiet Studio OAK Airport,24338291,Andres,,Brookfield Village,37.7290436,-122.1869549,Entire home/apt,61,2,19,8/4/25,1.82,3,253,19,
1.29222E+18,Lovely bungalow in Maxwell Park!,352336,Heather,,Maxwell Park,37.78102,-122.19632,Entire home/apt,108,7,0,,,1,358,0,
1.29239E+18,Grand Lake Retreat 2bd/1ba Home Near Lake Merritt,469826326,Josh,,Grand Lake,37.8190947,-122.24528,Entire home/apt,127,1,19,7/25/25,1.89,4,112,19,
1.29295E+18,Sunny Montclair Retreat: Charming 3 Bedroom Home.,12237632,Tirtha,,Glen Highlands,37.84282122,-122.2206312,Entire home/apt,255,3,16,9/21/25,1.81,2,317,16,
1.29359E+18,Spacious Townhome,31117392,Christy,,Prescott,37.8144368,-122.2979059,Entire home/apt,160,30,0,,,1,83,0,
1.29389E+18,Modern cottage,662864655,Ofelia,,Millsmont,37.77763909,-122.1715527,Entire home/apt,129,2,10,9/13/25,1,1,302,10,
1.2953E+18,Quiet cottage in North Oakland,4327161,Steven,,Santa Fe,37.83801198,-122.2713411,Entire home/apt,89,1,14,9/9/25,1.91,1,302,14,
1.29568E+18,3 BR near Highland Hospital,206242099,Loron,,Tuxedo,37.79648591,-122.2328204,Entire home/apt,114,2,0,,,1,329,0,
1.29638E+18,"Quiet Room w/Tall Ceilings, Bay Windows, 6' Tub",1936623,D Trevor,,Bushrod,37.84293068,-122.2653155,Private room,75,3,1,4/7/25,0.17,4,179,1,
1.29716E+18,The Temescal Room,30371408,Nate,,Temescal,37.83506,-122.26059,Private room,79,1,7,8/31/25,0.98,5,329,7,
1.29802E+18,Charming Urban Retreat,127580793,Shauna,,Ralph Bunche,37.8137362,-122.2825921,Entire home/apt,82,2,9,9/3/25,1.03,1,159,9,
1.29858E+18,Charming Room - 2 mi to Berkeley,91775254,Jira,,Longfellow,37.82592,-122.27466,Private room,39,1,31,8/27/25,3.09,11,245,31,
1.30026E+18,Room 2: Bunk #2 Bottom Bed - Men's Room,551586717,Noah,,Fairfax Business-Wentworth-Holland,37.77203,-122.19764,Private room,,7,2,5/3/25,0.25,13,311,2,
1.30097E+18,"Private, artsy room in Cute Apartment",21237956,Marcelle,,Toler Heights,37.74967,-122.15831,Private room,,2,0,,,1,6,0,
1.30167E+18,Luxury Glenview Retreat with Stunning Amenities,666201291,Dustin,,Glenview,37.8044307,-122.2227462,Entire home/apt,239,1,21,8/11/25,2.28,4,290,21,
1.30241E+18,“Waterfront Views Everywhere”,378598708,Ebon,,Old City-Produce And Waterfront,37.79360896,-122.2745498,Entire home/apt,151,1,0,,,1,87,0,
1.30253E+18,"Charming 1BR Home, Walk to BART",367679365,Suppiya,,Fitchburg,37.75609784,-122.1885367,Entire home/apt,89,2,9,8/23/25,0.95,1,85,9,
1.30328E+18,Ivy Hill Apartment With a View,30740346,Cloee,,Cleveland Heights,37.80223577,-122.2439383,Private room,64,2,1,8/7/25,0.6,1,178,1,
1.30655E+18,Spectacular Views-Piedmont Pines,409386194,George,,Piedmont Pines,37.82095586,-122.1882185,Entire home/apt,189,2,25,4/29/25,2.74,1,173,25,
1.30837E+18,Sun-filled Temescal home,41635637,Gal,,Mosswood,37.82732279,-122.2626144,Entire home/apt,91,3,6,2/7/25,0.65,2,236,6,
1.30898E+18,Perch: a tiny house in the sky with views,173879,Brian,,Adams Point,37.8133905,-122.2534942,Entire home/apt,54,1,14,7/27/25,1.67,3,0,14,
1.31027E+18,"Glenview Gem, newly renovated!",666692257,Alyona,,Trestle Glen,37.8052334,-122.227635,Entire home/apt,143,3,14,9/20/25,1.57,2,159,14,
1.31041E+18,Cute Studio in Oakland!,438332794,Jeremy,,Hoover-Foster,37.8145624,-122.2738517,Entire home/apt,54,1,24,9/8/25,2.65,4,3,24,
1.31121E+18,Fully Equipped 8BR 6Ba | Few mins to SF,598636638,Maricar,,South Prescott,37.80712547,-122.3036904,Entire home/apt,265,1,9,8/24/25,1.65,4,187,9,
1.31124E+18,Private studio with kitchenette,594461089,Wilhelmina,,Millsmont,37.776054,-122.1714785,Private room,44,1,0,,,2,5,0,
1.31279E+18,Entire Home in Rockridge / Temescal,8106539,Leah,,Shafter,37.83746402,-122.2556041,Entire home/apt,171,2,12,9/12/25,1.31,1,314,12,
1.31314E+18,Home & Cottage | Large Families & Friends Group,478713477,Riza And Miguel,,Mosswood,37.82494,-122.26445,Entire home/apt,299,2,0,,,5,339,0,
1.31331E+18,condo unit 1 in central Oakland,537465046,Xiuhong,,Clinton,37.79855852,-122.2436049,Entire home/apt,105,1,19,8/31/25,2.66,2,163,19,
1.31336E+18,Modern Industrial House | 4BD/3BA | 1 Min to BART,598636638,Maricar,,South Prescott,37.8065485,-122.3029041,Entire home/apt,126,1,11,8/21/25,1.64,4,4,11,
1.31409E+18,Bright & Modern 1bd above 580hwy,129926078,Joseph Laurance,,Upper Laurel,37.78977127,-122.1904486,Entire home/apt,,1,0,,,1,0,0,
1.31757E+18,"Modern Guesthouse, private walkable & convenient",12563335,Denisse,,Fairview Park,37.84245,-122.25899,Entire home/apt,113,2,13,9/21/25,1.75,1,128,13,
1.31782E+18,"Redwood Hillmont Escape, Wellness, Views & Firepit",262072616,Michelle,,Millsmont,37.77465038,-122.1711809,Entire home/apt,315,2,30,9/7/25,3.45,4,61,30,
1.3191E+18,Luxurious 2BR with Astonishing Views,7056943,Christopher,,Claremont,37.85814901,-122.2356712,Entire home/apt,255,2,32,9/6/25,3.6,3,39,32,
1.32034E+18,"Newly Remodeled Charming Home, close to W.Oak BART",6233773,Harel,,Prescott,37.80844,-122.2987,Entire home/apt,152,1,23,9/14/25,2.54,2,344,23,
1.3206E+18,large comfortable house,240079508,Macy,,Bushrod,37.8461,-122.26765,Entire home/apt,,2,14,9/1/25,1.73,1,0,14,
1.32259E+18,10 Minutes to San Fran,39325476,Albina,,South Prescott,37.80535,-122.29958,Private room,58,2,2,2/8/25,0.24,2,43,2,
1.32341E+18,Cozy&Chic 1BR by the Lake-15min train to SF,443432496,Catherina,,Lakewide,37.80255,-122.26257,Entire home/apt,104,15,1,1/16/25,0.12,2,256,1,
1.32344E+18,Charming 1 bd +office w/extra bed | w/d | kitchen,31415280,Ariel,,Clinton,37.7958,-122.24061,Entire home/apt,149,1,1,9/4/25,1,2,173,1,
1.32491E+18,Private temescal getaway,41635637,Gal,,Mosswood,37.82672,-122.26483,Entire home/apt,85,1,12,9/10/25,1.43,2,33,12,
1.32566E+18,Chambers Comforts Home,283366253,Ramona,,Brookfield Village,37.73657,-122.18568,Entire home/apt,183,2,2,2/12/25,0.26,1,364,2,
1.32717E+18,Dimond District Haven,505474582,Ogbe,,Dimond,37.79897,-122.21286,Entire home/apt,95,3,1,8/7/25,0.6,1,143,1,
1.32848E+18,Cozy Private Entrance Studio,1461620,Jillian,,Frick,37.77268437,-122.1913645,Entire home/apt,88,1,36,9/20/25,5.37,1,348,36,
1.32925E+18,"Newly renovated, chic appartment",666692257,Alyona,,Trestle Glen,37.8062713,-122.2268019,Entire home/apt,171,3,1,9/6/25,1,2,179,1,
1.32931E+18,Claremont View,483625798,Capri,,Panoramic Hill,37.86088431,-122.241849,Entire home/apt,117,3,39,9/19/25,4.74,1,316,39,
1.32975E+18,Sunny Oakland Hills Cottage,25763927,Kelly,,Montclair,37.83422637,-122.2117174,Entire home/apt,158,3,17,9/24/25,2.26,1,266,17,
1.33163E+18,Modern Studio w/ Private Patio,492374807,Doriona,,Maxwell Park,37.7831344,-122.2001537,Entire home/apt,77,3,8,9/11/25,1,1,243,8,
1.33266E+18,Mid Century in-law on Piedmont Avenue,12305318,Brianne,,Piedmont Avenue,37.82766046,-122.2496065,Entire home/apt,,3,7,6/10/25,1.01,1,0,7,
1.33287E+18,Private Room Available for Rent,434024783,Khaliq,,Fairfax,37.77890323,-122.2044577,Private room,47,30,0,,,1,358,0,
1.33298E+18,Cozy 1 Bedroom in Montclair with Deck & Hammock,1836019,Lee,,Glen Highlands,37.8442279,-122.2166624,Entire home/apt,96,1,1,9/1/25,1,1,151,1,
1.33299E+18,Your Private Oasis in the Oakland Hills,45610488,Milt,,Chabot Park,37.74842046,-122.1374245,Private room,63,2,35,9/19/25,4.22,2,251,35,
1.33339E+18,Modern Coziness,672737902,Lakysha,,McClymonds,37.8203776,-122.2807851,Entire home/apt,278,1,0,,,1,364,0,
1.33372E+18,"Bright, Modern & Artsy Space",118284891,Torrance,,Temescal,37.8293705,-122.2617332,Entire home/apt,170,2,24,9/6/25,2.89,2,130,24,
1.334E+18,"Blueground | Oakland, AC, balcony, nr park",107434423,,,Shepherd Canyon,37.8309945,-122.1943397,Entire home/apt,390,31,0,,,21,262,0,
1.33487E+18,"Modern Grand Lake Retreat, Walk to BART & Lake",469826326,Josh,,Grand Lake,37.8187823,-122.2455129,Entire home/apt,114,1,14,8/10/25,1.74,4,259,14,
1.3349E+18,Grand Lake Retreat | Lake Merritt | BART | 1bd/1ba,469826326,Josh,,Grand Lake,37.8187823,-122.2455129,Entire home/apt,94,1,8,8/4/25,1.09,4,155,8,
1.33493E+18,To Ma Ro Gallery,7198631,Lisa,,Prescott,37.81072305,-122.2919543,Shared room,98,1,0,,,1,364,0,
1.33496E+18,1 Block from BART…Get Anywhere Fast!,439490307,Antonio,,Prescott,37.80601462,-122.2971066,Private room,77,1,5,9/17/25,1.36,1,179,5,
1.33497E+18,Charming 1Bedroom ADU in Oakland,551586717,Noah,,Fairfax Business-Wentworth-Holland,37.77205552,-122.1990241,Entire home/apt,88,4,0,,,13,266,0,
1.33615E+18,Charming 1933 Ridge-Top Home with Stunning Views,671970033,Tim,,Piedmont Pines,37.8234,-122.2,Entire home/apt,235,3,11,9/1/25,1.47,1,345,11,
1.33627E+18,Quiet bedroom with private bathroom,6201478,Irene,,Fairfax,37.77895053,-122.202993,Private room,41,4,1,2/1/25,0.13,3,295,1,
1.34083E+18,Comfortable Zen 2 Bedrm Retreat,556809973,Noah,,Oakland Ave-Harrison St,37.81673069,-122.260901,Entire home/apt,143,3,9,9/22/25,1.3,3,344,9,
1.34092E+18,Room 2: Bunk #1 Bottom bed - Men's Room,551586717,Noah,,Fairfax,37.77387269,-122.1993501,Private room,22,4,5,7/31/25,0.77,13,329,5,
1.34143E+18,Spacious and cozy all yours,674981860,Abrol,,Lakeshore,37.81473,-122.24261,Entire home/apt,91,10,0,,,1,89,0,
1.34154E+18,“Cozy 2BR/1BA Retreat,494390010,Stephen,,Bushrod,37.84022389,-122.265172,Entire home/apt,600,1,0,,,1,364,0,
1.34302E+18,Creative Oasis in Art & Nature,1654588,Savio,,Frick,37.77513382,-122.1872103,Private room,50,30,0,,,1,357,0,
1.34574E+18,Peaceful Beauty -5 Bedrooms -Gated Parking,1556814,Tamra,,Oak Center,37.8106101,-122.2867093,Entire home/apt,400,7,0,,,13,364,0,
1.34753E+18,Cozy Montclair Cottage - Views!,84081552,Natalie,,Merriwood,37.83779681,-122.2165897,Entire home/apt,,1,32,9/16/25,4.62,1,0,32,
1.34944E+18,Room 2: Bunk #1 Top Bed - Men's Room,551586717,Noah,,Fairfax,37.77342334,-122.1993708,Private room,18,1,2,5/31/25,0.44,13,343,2,
1.35389E+18,Relaxing Home w/ Hot Tub near SF,230670970,Jenuine,,Oak Center,37.81011,-122.28559,Entire home/apt,425,5,0,,,10,89,0,
1.3539E+18,Lovely Home Near SF,230670970,Jenuine,,Oak Center,37.81012,-122.2879,Entire home/apt,325,5,0,,,10,89,0,
1.35433E+18,Mediterranean Charm - 2 Bedroom/2 Bath Home,1556814,Tamra,,Oak Center,37.80981,-122.28771,Entire home/apt,225,5,0,,,13,296,0,
1.35464E+18,5 BR + Gated Off-Street Parking,230670970,Jenuine,,Oak Center,37.81092,-122.28775,Entire home/apt,600,7,0,,,10,89,0,
1.35533E+18,Rockridge Garden Studio with Hot Tub,698545,Julia,,Shafter,37.83798364,-122.254028,Entire home/apt,113,2,30,9/21/25,4.92,3,87,30,
1.3554E+18,Beautiful West Oakland home.,537983237,Chad,,Ralph Bunche,37.81283,-122.28207,Entire home/apt,336,1,0,,,1,364,0,
1.35587E+18,Lake Merritt Penthouse,110720616,Leslee,,Adams Point,37.80895831,-122.2546521,Entire home/apt,120,30,0,,,1,340,0,
1.35725E+18,Luxurious High Rise Apartment,542133157,Katie,,Temescal,37.82941,-122.26495,Private room,63,3,0,,,1,327,0,
1.36027E+18,Peaceful apartment w/ verdant gardens,3419611,Sundee,,Santa Fe,37.8442527,-122.272128,Entire home/apt,121,7,0,,,4,21,0,
1.36081E+18,"Blueground | Oakland, AC, gym & rooftop BBQ",107434423,,,Piedmont Avenue,37.823942,-122.2569668,Entire home/apt,294,31,0,,,21,320,0,
1.36081E+18,"Blueground | Oakland, AC, w/d, nr Mosswood Park",107434423,,,Piedmont Avenue,37.823942,-122.2569668,Entire home/apt,298,31,0,,,21,289,0,
1.36108E+18,Modern Downtown Oakland Stay | Steps to BART!,121372891,Wei,,Civic Center,37.80149357,-122.2696756,Private room,67,31,1,8/24/25,0.91,4,330,1,
1.36174E+18,Bunny House | Private Room w/ Ensuite Bath & AC,99685402,Shailey,,Sheffield Village,37.7353359,-122.1372567,Private room,111,4,6,8/15/25,1.09,7,174,6,
1.36265E+18,2981-Cozy 3BR Home w/ Yard & Parking near FWY 580,227225802,Sisley,,Upper Peralta Creek-Bartlett,37.79419673,-122.2120199,Entire home/apt,109,2,20,9/7/25,3.02,8,172,20,
1.36343E+18,Hideaway,43887935,Eleanor,,Glenview,37.80235,-122.22757,Entire home/apt,92,2,20,9/1/25,3.06,1,158,20,
1.36406E+18,Foothill Room 5 - Top bunk bed - Women's Room,551586717,Noah,,Fairfax,37.77380395,-122.1976277,Private room,20,1,2,6/16/25,0.39,13,106,2,
1.36408E+18,Foothill Room 5 - Bottom bunk bed - Women's Room,551586717,Noah,,Fairfax,37.77373005,-122.198124,Private room,20,1,1,3/15/25,0.15,13,0,1,
1.36417E+18,Hidden Oasis,510842155,Grissette,,Maxwell Park,37.78257308,-122.2016523,Entire home/apt,187,10,3,7/30/25,0.7,2,365,3,
1.36462E+18,Tangerine Hill,37797349,Stuti,,Cleveland Heights,37.80297,-122.23855,Private room,106,1,0,,,1,364,0,
1.3662E+18,Chic 3BD/2BA Emeryville/Oakland,73623727,Chun,,Longfellow,37.82653,-122.27329,Entire home/apt,163,2,5,9/1/25,0.75,1,37,5,
1.36646E+18,Quiet North Oakland Private Room+Bath,19695310,Cyrus,,Longfellow,37.8350877,-122.2715768,Private room,70,2,2,8/23/25,1.4,1,263,2,
1.36689E+18,"Dream Room in Historic Home, Woodsy Setting",268781,Pam,,Millsmont,37.7776063,-122.1802934,Private room,45,30,1,6/1/25,0.26,4,178,1,
1.36908E+18,Historic Craftsman Lovechild,46743791,Daiva,,Trestle Glen,37.81409035,-122.2343873,Entire home/apt,,3,13,8/31/25,2.79,2,0,13,
1.37149E+18,Newly Remodeled Prime location with  in-unit W/D,507873782,Ryan,,Waverly,37.8128892,-122.2635056,Entire home/apt,145,50,2,9/13/25,0.5,2,276,2,
1.37196E+18,On Water's Edge,447771856,Adedayo,,East Peralta,37.78743275,-122.2560458,Entire home/apt,159,2,2,6/25/25,0.46,1,363,2,
1.37268E+18,"Modern, Sunny Oasis near BART",6324960,Creighton,,Bushrod,37.83981,-122.26474,Entire home/apt,,5,0,,,1,0,0,
1.37395E+18,Peaceful Oasis By The Park,480864056,Abby,,Toler Heights,37.75133,-122.15424,Entire home/apt,121,1,7,9/14/25,1.08,2,359,7,
1.37431E+18,"Bright, Stylish, and Cozy home",4933856,Sakshi,,Ivy Hill,37.80049558,-122.2413152,Entire home/apt,,5,3,5/17/25,0.59,1,0,3,
1.37473E+18,ArtHaus Chestnut - New Studio in West Oakland,263143710,Rishi Nath,,McClymonds,37.8174057,-122.2819497,Entire home/apt,57,30,0,,,11,55,0,
1.37473E+18,ArtHaus Chestnut - New Studio in West Oakland,263143710,Rishi Nath,,McClymonds,37.8174057,-122.2819497,Entire home/apt,57,30,0,,,11,55,0,
1.37483E+18,Sunny 2 BR/1 BA Furnished House and Garden,163037833,Sharon,,Lincoln Highlands,37.802462,-122.2026662,Entire home/apt,95,145,0,,,2,296,0,
1.37545E+18,Home Away From Home SF Bay Area,390899309,Danielle,,Redwood Heights,37.79256,-122.18634,Entire home/apt,,15,0,,,1,1,0,
1.37635E+18,Cozy Urban Retreat Near Downtown,454594080,Khen,,Northgate,37.81406,-122.27026,Entire home/apt,119,1,20,8/3/25,3.14,2,244,20,
1.37683E+18,West O House | 8 min to SF,12065304,Aminah,,Prescott,37.81058,-122.30069,Entire home/apt,239,3,11,9/22/25,1.92,1,158,11,
1.37689E+18,Sun drenched home in N. Oakland,42832906,Araxi,,Oakland Ave-Harrison St,37.82214358,-122.2567225,Entire home/apt,221,3,4,8/24/25,0.98,2,68,4,
1.37916E+18,Sunny home near regional parks and coffee shops,164747,Sarah,,Upper Laurel,37.79406,-122.19431,Private room,87,6,0,,,1,78,0,
1.38005E+18,Spacious Oakland hills- 2 bedroom,55588089,Joelle,,Oakmore,37.81252869,-122.2062085,Entire home/apt,193,2,5,7/8/25,0.87,3,213,5,
1.38174E+18,"Beautiful, centrally located unit with W/D",507873782,Ryan,,Waverly,37.8128309,-122.2634877,Entire home/apt,105,50,3,9/13/25,0.85,2,243,3,
1.38266E+18,Room in Live/Work House+Yoga Spc,7797064,Natalia,,Clawson,37.82272287,-122.2882857,Private room,59,180,0,,,1,358,0,
1.3838E+18,Spacious Lakeshore District duplex,9667590,Joseph,,Cleveland Heights,37.80723845,-122.2444325,Entire home/apt,149,3,18,9/19/25,3.35,1,344,18,
1.38426E+18,Shared Room Bed 1A - Men Only,91775254,Jira,,Golden Gate,37.84524889,-122.2849312,Shared room,31,1,10,9/12/25,2.68,11,264,10,
1.38439E+18,Shared Room Bed 1B - Men Only,91775254,Jira,,Golden Gate,37.84543427,-122.2848929,Shared room,34,1,7,9/13/25,1.74,11,253,7,
1.38439E+18,Shared Room Bed 1C - Men Only,91775254,Jira,,Golden Gate,37.84585,-122.28661,Shared room,34,1,12,7/16/25,2,11,231,12,
1.38446E+18,Shared Room Bed 2B - Women Only,91775254,Jira,,Golden Gate,37.84588669,-122.2872313,Shared room,34,1,20,9/3/25,3.95,11,263,20,
1.38487E+18,$51.42 per nt per person w/7,46255594,Heidi,,Piedmont Avenue,37.8306516,-122.2514769,Entire home/apt,324,31,0,,,2,268,0,
1.38497E+18,3301A2-Modern 3B1B Near HWY Bay Bridge Shops &Food,227225802,Sisley,,Clawson,37.82351306,-122.2793419,Entire home/apt,95,2,6,8/16/25,1.27,8,361,6,
1.38499E+18,Cozy Room in Rockridge Oasis with Hot Tub,698545,Julia,,Temescal,37.83580597,-122.255724,Private room,,2,2,9/8/25,0.67,3,1,2,
1.38499E+18,Rockridge Getaway with Hot Tub,698545,Julia,,Shafter,37.83757383,-122.2555957,Entire home/apt,121,2,13,8/31/25,2.93,3,13,13,
1.38527E+18,"Compact Studio B: Monthly Saving, TV",474861965,Echo,,Harrington,37.78143829,-122.2162468,Entire home/apt,69,2,10,9/16/25,1.78,3,91,10,
1.38561E+18,Peaceful Urban Oasis Retreat in Peralta Creek,39362073,Morgan,,Upper Peralta Creek-Bartlett,37.79106253,-122.2109883,Entire home/apt,197,2,24,9/10/25,4.34,1,107,24,
1.38566E+18,Shared Room Bed 2A - Women Only,91775254,Jira,,Golden Gate,37.8457857,-122.2857451,Shared room,31,1,22,9/14/25,3.73,11,256,22,
1.38653E+18,Penthouselivingroom + largepatio,443616949,DeAndra,,Lakewide,37.8044,-122.26476,Private room,95,1,2,5/1/25,0.38,2,364,2,
1.38656E+18,Cozy West Oakland Room!,59837547,Anna,,South Prescott,37.8039657,-122.2995788,Private room,65,30,0,,,1,89,0,
1.38799E+18,Centrally Located in Grand Lake,49425420,Omar,,Grand Lake,37.81862738,-122.2485945,Entire home/apt,117,2,12,9/23/25,3.53,2,254,12,
1.38898E+18,"Blueground | Piedmont Pines, w/d, nr parks",107434423,,,Shepherd Canyon,37.8309945,-122.1943397,Entire home/apt,313,31,0,,,21,365,0,
1.38942E+18,The peaceful 2 bedroom,194724884,Ej,,Elmhurst Park,37.74674,-122.17538,Entire home/apt,67,2,8,8/31/25,1.97,2,81,8,
1.38988E+18,Pill Hill - Basement,332219736,Marlene,,Pill Hill,37.81771259,-122.2658918,Entire home/apt,108,1,6,9/5/25,1.89,4,83,6,
1.39012E+18,Brand New Luxury Studio - 3406,687639786,Kanwalpreet,,Bartlett,37.788092,-122.2136638,Entire home/apt,86,1,21,9/6/25,3.75,1,72,21,
1.39059E+18,The Tranquil Nook,4859526,Danielle,,Clinton,37.79442383,-122.2471466,Private room,48,3,7,9/18/25,1.58,6,5,7,
1.39304E+18,Sunny 2 Bedroom - 7 Mins to SF,1556814,Tamra,,Oak Center,37.80945253,-122.2876315,Entire home/apt,200,14,0,,,13,360,0,
1.39414E+18,"Blueground | Northgate-Waverly, rooftop bbq",107434423,,,Waverly,37.8142632,-122.2645148,Entire home/apt,242,31,0,,,21,281,0,
1.39457E+18,Sunny Apartment in Lakeside Victorian,15323498,Alex,,Merritt,37.80017,-122.25297,Entire home/apt,140,30,0,,,1,362,0,
1.39725E+18,K0 | Private Bath | Central Oakland | Near BART,474861965,Echo,,Reservoir Hill-Meadow Brook,37.78762,-122.2279,Private room,48,2,4,9/12/25,1.21,3,92,4,
1.39733E+18,Charming 2BD and 1 BA Pet Accepted Check descriptn,689502715,Carter,,Seminary,37.76533,-122.19898,Entire home/apt,115,2,0,,,1,359,0,
1.39879E+18,Remodeled two bed one bath Unit 3,318938165,Farzad,,Santa Fe,37.84467,-122.27073,Entire home/apt,166,5,4,8/16/25,1.36,2,360,4,
1.39947E+18,5brm Modern Home Near Cal | Walk 2 BART |,99685402,Shailey,,Bushrod,37.8482785,-122.26882,Entire home/apt,398,4,2,8/24/25,0.41,7,87,2,
1.39962E+18,Retro and Cozy Experience,566246397,Fizza,,Waverly,37.811759,-122.262409,Private room,114,1,1,5/20/25,0.23,1,364,1,
1.4008E+18,Nest by GLK #301 - 2Br/2BA condo on Lake Merritt,525081794,May,,Adams Point,37.80912351,-122.2501437,Entire home/apt,226,2,3,8/14/25,0.57,4,323,3,
1.40109E+18,Luxurious Temescal Retreat near UC Berkeley,149641659,Alli,,Bushrod,37.84345142,-122.265288,Entire home/apt,,2,2,6/8/25,0.39,5,0,2,
1.40113E+18,theLondonSpa- private room,28029924,Rozh,,Produce And Waterfront,37.79398087,-122.2703737,Private room,120,5,0,,,1,364,0,
1.40225E+18,"North Oakland 
2 bedroom 2 bath Craftsman",2209150,Connie,,Gaskill,37.84195,-122.28004,Entire home/apt,94,2,9,7/27/25,2.33,1,76,9,
1.40227E+18,Sunny Garden Guesthouse,4200411,Cecilia,,Allendale,37.7876826,-122.2051365,Entire home/apt,116,2,6,9/20/25,1.45,1,81,6,
1.4023E+18,Three Bedroom Beauty-Mins to SF,1556814,Tamra,,Oak Center,37.81156,-122.28693,Entire home/apt,280,5,0,,,13,364,0,
1.40373E+18,Spacious. Centrally Located 2B/1b,510842155,Grissette,,Lynn-Highland Park,37.8029566,-122.2360604,Entire home/apt,125,7,0,,,2,365,0,
1.40383E+18,studio privado,672839624,Daniel,,Rancho San Antonio,37.78927,-122.24342,Entire home/apt,81,2,4,9/7/25,1.12,2,269,4,
1.40403E+18,Cozy Luxe Hillside Escape in Upper Rockridge,466585058,Sarah,,Upper Rockridge,37.84376,-122.24154,Entire home/apt,135,6,4,7/28/25,0.77,1,81,4,
1.40445E+18,Beautiful Artistic Gem with Garden Patio,666201291,Dustin,,Fairview Park,37.8492154,-122.2551538,Entire home/apt,338,4,3,8/19/25,0.82,4,220,3,
1.40447E+18,The Rosewood Retreat,4859526,Danielle,,Clinton,37.79466,-122.24718,Private room,,3,3,7/28/25,0.74,6,1,3,
1.40684E+18,Honey comb hideout,669214835,Jackie,,Elmhurst Park,37.7469116,-122.1734624,Private room,78,1,0,,,1,365,0,
1.40731E+18,Private room in lake view condo,4511309,Benjamin,,Adams Point,37.8111318,-122.2559914,Private room,70,30,0,,,1,358,0,
1.4076E+18,cozy house,356628755,Luis,,Lynn-Highland Park,37.79924,-122.23046,Private room,60,5,1,5/6/25,0.21,2,364,1,
1.40877E+18,Apartment by Lake Merritt,69543968,Raquel,,Clinton,37.79701571,-122.2507177,Entire home/apt,70,14,1,7/24/25,0.47,1,87,1,
1.40977E+18,Furnished contemporary unit.,560419288,Vince,,Oakland Ave-Harrison St,37.82183561,-122.2586931,Entire home/apt,176,3,2,7/21/25,0.46,1,332,2,
1.40981E+18,cottage and cozy home.,457894489,Eloisa,,Iveywood,37.74336,-122.16128,Entire home/apt,130,2,0,,,1,327,0,
1.41444E+18,Urban Retreat Unit A,507795192,Velisa,,Oak Center,37.80726,-122.2795,Entire home/apt,209,1,2,8/10/25,1.05,3,289,2,
1.41455E+18,Stunning 4BR/3BA Retreat,391701095,Yihua,,Oakmore,37.81498562,-122.2063388,Entire home/apt,322,2,10,8/24/25,2.73,1,63,10,
1.4146E+18,Montclair Mountain House Getaway,16344149,John,,Merriwood,37.84642799,-122.2103973,Entire home/apt,576,2,6,8/17/25,1.41,1,204,6,
1.41552E+18,Sunset Suite,254646994,Ashley,,Northgate,37.81439,-122.26547,Entire home/apt,180,1,0,,,1,364,0,
1.41839E+18,Cozy Suite + Private Bath in Oakland Hills,49820911,Vuthy,,Golf Links,37.7609089,-122.1546637,Entire home/apt,55,28,2,8/16/25,0.5,1,32,2,
1.41844E+18,Room 1 Red Bed 1 @ FacesOasis,195751579,Bruce,,South Prescott,37.80315876,-122.2952598,Shared room,27,1,0,,,12,364,0,
1.41851E+18,Spacious Victorian Home + Sleeps 16 + MINS TO SF,230670970,Jenuine,,North Kennedy Tract,37.77891008,-122.2344367,Entire home/apt,625,5,0,,,10,89,0,
1.41909E+18,The Cozy Abode,245340301,Alonya,,Frick,37.77272,-122.18622,Entire home/apt,113,4,3,8/15/25,1.58,2,142,3,
1.41959E+18,Victorian Home Mins to SF,230670970,Jenuine,,Prescott,37.80974,-122.2961,Entire home/apt,525,5,0,,,10,89,0,
1.41959E+18,Cozy Victorian Home + Mins to SF,230670970,Jenuine,,North Kennedy Tract,37.77716,-122.23441,Entire home/apt,400,5,0,,,10,269,0,
1.41966E+18,Sunny and spacious 3 bdrm house,993133,Tamara,,Lynn-Highland Park,37.798317,-122.235365,Entire home/apt,136,3,1,7/12/25,0.39,1,267,1,
1.41981E+18,Room 3 Yellow 3 @ FacesOasis,195751579,Bruce,,South Prescott,37.8053,-122.29653,Shared room,28,1,0,,,12,89,0,
1.41985E+18,Urban Retreat Unit B,507795192,Velisa,,Oak Center,37.80724912,-122.2790268,Entire home/apt,160,1,3,8/23/25,0.87,3,288,3,
1.42011E+18,4 Br 2 Bath Victorian Apartment+ Mins to SF,230670970,Jenuine,,Prescott,37.8117715,-122.298308,Entire home/apt,525,5,0,,,10,89,0,
1.42117E+18,Room 3 Yellow Bed 2 @ FacesOasis,195751579,Bruce,,Acorn-Acorn Industrial,37.80439995,-122.2943865,Shared room,28,1,5,8/27/25,1.19,12,359,5,
1.42125E+18,Welcome to Your Lovely Home away From Home,6233773,Harel,,Prescott,37.80794131,-122.2998433,Entire home/apt,226,2,15,9/14/25,3.75,2,317,15,
1.42136E+18,Beautiful modern studio apartment,80368963,Daniel,,Seminary,37.76631,-122.19825,Entire home/apt,,60,0,,,1,0,0,
1.42246E+18,Modern family home with cats,14847683,Milo,,Longfellow,37.83303149,-122.2692929,Entire home/apt,200,1,1,6/15/25,0.29,2,175,1,
1.42408E+18,Sunny Casita in Rockridge,1272555,Amy,,Shafter,37.84291786,-122.2543617,Entire home/apt,205,1,8,9/13/25,1.89,2,169,8,
1.42442E+18,happy welcome home tica.,182918881,Jacqueline,,Prescott,37.8130568,-122.2982175,Private room,75,1,0,,,1,89,0,
1.42497E+18,Cozy Room in West Oakland Duplex - full bed,431532707,Shawn,,Prescott,37.81134,-122.29927,Private room,47,1,10,8/31/25,2.4,5,14,10,
1.42521E+18,Chic 2BR in Temescal – Walk to BART&Cafes |Dogs OK,99685402,Shailey,,Temescal,37.83275931,-122.263221,Entire home/apt,143,2,6,8/24/25,1.88,7,343,6,
1.42536E+18,Garden Guesthouse,735993,Nissa,,Clinton,37.79582912,-122.2486985,Entire home/apt,98,2,4,9/14/25,1.1,1,353,4,
1.42687E+18,"Designer Loft w Private Garden, Walk to Waterfront",7918569,Sonja,,Old City-Produce And Waterfront,37.79588431,-122.2712679,Entire home/apt,185,5,4,9/19/25,1.3,1,144,4,
1.42689E+18,Quiet 1BR Retreat Near SF,52322228,Paul,,Maxwell Park,37.77941708,-122.1908554,Entire home/apt,98,1,9,9/1/25,3.07,1,360,9,
1.42692E+18,ArtHaus Chestnut - New Studio in West Oakland,263143710,Rishi Nath,,McClymonds,37.81741,-122.28195,Entire home/apt,57,30,0,,,11,56,0,
1.42791E+18,Cozy Room in West Oakland Duplex - twin bed,431532707,Shawn,,Prescott,37.80945,-122.30065,Private room,43,1,10,9/2/25,2.54,5,86,10,
1.42863E+18,Cozy West Oakland Duplex - entire place,431532707,Shawn,,Prescott,37.80943,-122.30064,Entire home/apt,90,14,1,7/21/25,0.45,5,89,1,
1.42872E+18,Self Contained Urban Retreat,299207115,Odessa,,Arroyo Viejo,37.76029,-122.17935,Entire home/apt,204,4,0,,,3,88,0,
1.42873E+18,Fresh 1BR Getaway Plus Parking,127634363,Hanae,,Paradise Park,37.84548,-122.28265,Entire home/apt,,6,0,,,1,319,0,
1.42939E+18,Tranquil getaway in Forestland,6237556,Lisa Anne,,Forestland,37.84257,-122.20065,Entire home/apt,112,2,11,9/21/25,3.44,1,112,11,
1.42999E+18,The NOBE Abode,4333615,Winn,,Santa Fe,37.84411991,-122.2723807,Entire home/apt,148,2,3,8/12/25,1.76,1,126,3,
1.4305E+18,Cozy West Oakland Camper Home,431532707,Shawn,,Prescott,37.81140653,-122.2994475,Entire home/apt,58,3,0,,,5,89,0,
1.43088E+18,Sunny Sanctuary in East Oakland!,5062811,Mira,,Bancroft Business-Havenscourt,37.76897631,-122.1878423,Private room,47,1,4,9/20/25,1.05,2,30,4,
1.43121E+18,Private room 䅰,473537977,Yunjiao,,Brookfield Village,37.73637224,-122.1867753,Private room,42,1,7,8/24/25,1.83,5,269,7,
1.43135E+18,Modern Downtown Oakland Apt w/ bath - 5th floor!,121372891,Wei,,Downtown,37.80236062,-122.270065,Private room,62,30,1,8/31/25,1,4,365,1,
1.43202E+18,ArtHaus Chestnut - New Studio in West Oakland,263143710,Rishi Nath,,McClymonds,37.8174057,-122.2819497,Entire home/apt,57,30,0,,,11,38,0,
1.43202E+18,ArtHaus Chestnut - New Studio in West Oakland,263143710,Rishi Nath,,McClymonds,37.8174057,-122.2819497,Entire home/apt,57,30,0,,,11,55,0,
1.43555E+18,North Oakland Garden Retreat,15493940,Jody,,Bushrod,37.846242,-122.2668288,Entire home/apt,,30,0,,,1,19,0,
1.43571E+18,Private Bath & Secluded Modern Comfort Bright,21741734,Sang Hoon,,Leona Heights,37.79574,-122.18137,Private room,81,2,10,9/21/25,2.68,1,353,10,
1.43637E+18,Good Stay,672839624,Daniel,,Rancho San Antonio,37.79058,-122.24538,Entire home/apt,134,3,6,9/1/25,1.75,2,361,6,
1.43644E+18,Remodeled two bed one bath Unit 4,318938165,Farzad,,Santa Fe,37.8450709,-122.2713615,Entire home/apt,180,5,0,,,2,347,0,
1.43647E+18,Accessible King Room in Boutique Hotel,434182021,Ayana,,Chinatown,37.80149,-122.27115,Private room,,1,0,,,10,163,0,
1.43649E+18,Charming and Convenient,463776936,Anna,,Prescott,37.81097,-122.30063,Entire home/apt,80,1,0,,,1,345,0,
1.43804E+18,Charming 1BR Near Highland Hospital & Lake Merritt,551586717,Noah,,Lynn-Highland Park,37.80014,-122.23249,Entire home/apt,107,3,2,8/23/25,1.13,13,359,2,
1.43842E+18,Cozy Single Bed in Living Room,431532707,Shawn,,Prescott,37.81078,-122.29871,Shared room,43,1,8,9/13/25,2.22,5,58,8,
1.43855E+18,Spacious Tudor Home | 3BR + In-Law Suite + Hot Tub,70961080,Mario,,Upper Dimond,37.7986308,-122.2034154,Entire home/apt,173,5,0,,,1,363,0,
1.44011E+18,Lakeview sunset oasis,122240667,Kate,,Lake Merritt,37.80779,-122.24954,Entire home/apt,206,3,2,8/11/25,1.18,1,354,2,
1.4402E+18,Merritt View Flat,15873476,Clare,,Cleveland Heights,37.80708,-122.24832,Entire home/apt,136,3,2,6/29/25,0.65,1,84,2,
1.44166E+18,Oakland Gem,12866834,Becca,,Redwood Heights,37.79923,-122.19455,Entire home/apt,69,30,0,,,1,283,0,
1.44247E+18,Relaxing suite + private deck in paradise spot,453358348,Carmen,,Lincoln Highlands,37.8047,-122.19613,Entire home/apt,97,30,5,8/19/25,2.05,3,362,5,
1.44454E+18,Private room/bath in a house,498429374,Damola,,Fruitvale Station,37.77110216,-122.2209125,Private room,50,30,0,,,3,266,0,
1.44506E+18,Bright Apt Luxe • King Bed • Near UC Berkeley & SF,206989629,Dima,,Longfellow,37.8316727,-122.268515,Entire home/apt,126,2,15,9/24/25,5.56,2,146,15,
1.44575E+18,Lake Merritt Oasis,91716784,Lori,,Cleveland Heights,37.8043,-122.24324,Entire home/apt,130,2,33,9/20/25,12.07,1,160,33,
1.44641E+18,Fully Equipped 8BR 6Ba | Few mins to SF,598636638,Maricar,,South Prescott,37.80742,-122.30391,Entire home/apt,265,1,5,8/16/25,2.17,4,189,5,
1.44645E+18,Cozy Downtown Oakland Apt on 5th floor,121372891,Wei,,Chinatown,37.801,-122.2715,Private room,,30,0,,,4,0,0,
1.44651E+18,Private Guest Suite with Deck,58373066,Rosesharon,,Highland Terrace,37.79492,-122.23793,Entire home/apt,,2,15,9/19/25,8.04,1,73,15,
1.44675E+18,Sunny Work-Ready 1BR w/ Gated Parking!,4859526,Danielle,,Clinton,37.79316,-122.24866,Entire home/apt,125,5,3,7/14/25,1.03,6,24,3,
1.44937E+18,Stylish Studio ADU,399857,Magali,,Gaskill,37.84103,-122.27943,Entire home/apt,102,2,15,9/22/25,4.95,1,29,15,
1.44995E+18,Modern Comfort: Lake Merritt Edition,90380986,David,,Lakewide,37.80884,-122.25659,Entire home/apt,303,31,1,9/7/25,1,2,364,1,
1.45171E+18,Oakland Oasis - Bed A - Men Only,91775254,Jira,,Bartlett,37.78793,-122.2136009,Shared room,31,1,9,9/19/25,3,11,263,9,
1.45172E+18,Oakland Oasis - Bed B - Men Only,91775254,Jira,,Peralta-Hacienda,37.78861213,-122.214769,Shared room,36,1,7,9/15/25,3.89,11,268,7,
1.45172E+18,Oakland Oasis - Bed C - Men Only,91775254,Jira,,Peralta-Hacienda,37.78768087,-122.2147992,Shared room,31,1,7,9/1/25,2.59,11,298,7,
1.45173E+18,Oakland Oasis - Bed D -Men Only,91775254,Jira,,Bartlett,37.78826519,-122.212738,Shared room,37,1,3,9/1/25,1.61,11,363,3,
1.45228E+18,Cozy condo w/ amazing view over the city,430616557,Keisha,,Waverly,37.81246,-122.26524,Entire home/apt,147,2,7,9/22/25,2.88,1,71,7,
1.45298E+18,Stylish 1BR • King Bed • Near SF & UC Berkeley,206989629,Dima,,Longfellow,37.831675,-122.2685158,Entire home/apt,128,2,10,9/22/25,4.05,2,332,10,
1.45478E+18,Family-Friendly Modern Tudor w/Sweeping Views,204288,Theresa,,Montclair,37.8325784,-122.2072707,Entire home/apt,341,3,1,8/22/25,0.86,1,87,1,
1.4551E+18,"Lovely condo, steps to Piedmont Ave!",6391646,Sheila,,Piedmont Avenue,37.8243,-122.25429,Entire home/apt,111,2,3,8/3/25,1.34,1,251,3,
1.45516E+18,Nest by GLK #404 - 3BR/2BA condo on Lake Merritt,525081794,May,,Adams Point,37.8093778,-122.2499935,Entire home/apt,280,2,0,,,4,305,0,
1.45524E+18,Room 3 yellow Bed 4@ FacesOasis,195751579,Bruce,,South Prescott,37.80295732,-122.2959244,Shared room,26,1,0,,,12,355,0,
1.45542E+18,Gorgeous Rockridge Bungalow,14080773,Ken,,Shafter,37.8369346,-122.2535512,Entire home/apt,,7,0,,,1,0,0,
1.45584E+18,Bright & Bold Twin Room w/ desk,4859526,Danielle,,Clinton,37.79424,-122.24689,Private room,,3,1,7/14/25,0.41,6,0,1,
1.45647E+18,"Blueground | Civic Center, view, nr Lake Merritt",107434423,,,Civic Center,37.8018717,-122.2666278,Entire home/apt,155,30,0,,,21,216,0,
1.45723E+18,ArtHaus Ninth - Brand New Studio in Old Oakland,263143710,Rishi Nath,,Old City-Produce And Waterfront,37.802724,-122.279019,Entire home/apt,71,30,1,9/1/25,1,11,257,1,
1.45723E+18,ArtHaus Ninth - Brand New Studio in Old Oakland,263143710,Rishi Nath,,Old City-Produce And Waterfront,37.802724,-122.279019,Entire home/apt,69,30,0,,,11,240,0,
1.45747E+18,Cozy Downtown Oakland Studio Near BART,121372891,Wei,,Civic Center,37.80122,-122.26967,Private room,58,31,1,9/2/25,1,4,364,1,
1.45753E+18,Safe Clean 3+2 Nurse Approved,222294108,Kimbrely Nicole,,School,37.79718,-122.21283,Entire home/apt,203,10,0,,,1,364,0,
1.45883E+18,Harrison St. New studio walk to Lake Merritt !,68929857,Mehdi,,Oakland Ave-Harrison St,37.81724,-122.25465,Entire home/apt,72,2,8,9/7/25,3.43,5,308,8,
1.45884E+18,Private Zen Den | Bus to BART + SF,49967315,Juanita,,McClymonds,37.8165,-122.28208,Private room,86,2,7,8/18/25,3,1,83,7,
1.45895E+18,True View home in Montclair (Oakland Hills/SF),705521302,Chris,,Montclair,37.8365421,-122.2023524,Entire home/apt,452,2,1,9/14/25,1,1,147,1,
1.45946E+18,Quiet & Cozy Lakeshore Home,2353090,Samie,,Lakeshore,37.81255512,-122.2437006,Entire home/apt,104,2,1,8/9/25,0.63,1,327,1,
1.45967E+18,"Charming, well-located Craftsman",35435962,Erin,,Fairview Park,37.8466101,-122.2588086,Entire home/apt,293,7,0,,,1,252,0,
1.45974E+18,Zen Room in Peaceful Flat - Walk to BART,1556814,Tamra,,San Pablo Gateway,37.81066365,-122.2710177,Private room,75,21,1,7/21/25,0.45,13,156,1,
1.45976E+18,Roomy 3BR Oasis by Zoo & Trails,12405012,Christian,,Golf Links,37.76027,-122.15535,Entire home/apt,196,3,0,,,1,173,0,
1.45989E+18,2 Bedroom Flat.,294724077,Melsons,,Cleveland Heights,37.80322736,-122.2510058,Entire home/apt,149,2,2,8/23/25,1.5,3,359,2,
1.46171E+18,Victorian Home 4BD 2Bath + Mins to SF + Parking,706329731,Aron,,Prescott,37.80964434,-122.2965881,Entire home/apt,211,28,2,7/16/25,0.77,5,365,2,
1.46177E+18,Victorian Duplex + Sleeps 6 + Parking + Mins to SF,706329731,Aron,,North Kennedy Tract,37.77886288,-122.2346768,Entire home/apt,133,28,0,,,5,365,0,
1.46177E+18,Entire Duplex + 7 BD + Parking + Mins to SF,706329731,Aron,,North Kennedy Tract,37.77837,-122.23254,Entire home/apt,350,28,0,,,5,365,0,
1.46228E+18,"Full Luxury Condo: 2 Beds, 3 Baths, Garage, 5 Beds",225231640,Sarit,,McClymonds,37.81562,-122.27894,Entire home/apt,226,30,0,,,1,358,0,
1.46328E+18,1BR | 1BA w/ Iconic Bay Views,706774651,Paul,,Piedmont,37.81294,-122.21696,Entire home/apt,111,30,0,,,1,325,0,
1.46332E+18,Golden Gate Views | 4BR Gem in Upper Rockridge,81938418,Lorena,,Upper Rockridge,37.83774,-122.22411,Entire home/apt,970,4,0,,,1,353,0,
1.46355E+18,Convenient 4BR Stay Near BART & Downtown,486668180,Sharon,,Pill Hill,37.82282,-122.26466,Entire home/apt,250,2,1,9/8/25,1,4,352,1,
1.4637E+18,"Cozy 2 Beds,Free Wifi,Free Parking",702166080,Ada,,East Peralta,37.7854,-122.24414,Hotel room,,1,0,,,8,352,0,
1.4637E+18,Cozy Queen Bed ADA|Free Parking|TV,702166080,Ada,,East Peralta,37.78364549,-122.2429913,Hotel room,105,1,1,8/6/25,0.59,8,337,1,
1.4637E+18,"Relaxing ADA Queen Bed,Free Parking",702166080,Ada,,East Peralta,37.78541037,-122.2432365,Hotel room,88,1,0,,,8,351,0,
1.46394E+18,Peaceful Hillside Guesthouse,706944016,Benjamin,,Shepherd Canyon,37.83442511,-122.1931081,Entire home/apt,115,1,17,9/21/25,7.18,1,50,17,
1.46479E+18,Spacious Two Queen Beds Room,702166080,Ada,,East Peralta,37.78508353,-122.2450419,Hotel room,91,1,1,8/13/25,0.68,8,346,1,
1.46479E+18,Spacious King Bed Room,702166080,Ada,,East Peralta,37.78498,-122.24362,Hotel room,123,1,0,,,8,350,0,
1.46479E+18,Spacious Two Queen Beds Room,702166080,Ada,,East Peralta,37.78516,-122.24565,Hotel room,80,1,0,,,8,319,0,
1.46535E+18,Spacious Victorian home + Mins to SF + Parking,706329731,Aron,,North Kennedy Tract,37.77911,-122.23449,Entire home/apt,193,28,2,7/18/25,0.83,5,356,2,
1.46552E+18,Modern 2BR Near Lake Merritt,19473537,Georgia,,Oakland Ave-Harrison St,37.81414,-122.25983,Entire home/apt,134,3,0,,,4,313,0,
1.46555E+18,Cozy apt with equipped kitchen,590116099,Yash,,Oakland Airport,37.73586713,-122.2153006,Private room,170,1,0,,,1,364,0,
1.4677E+18,Affordable Shared Room Twin Beds For Men,551586717,Noah,,Fairfax Business-Wentworth-Holland,37.77176,-122.19909,Private room,30,7,0,,,13,354,0,
1.4699E+18,HighEnd Oakland Hills Guesthouse,195251028,Soheil,,Shepherd Canyon,37.82967,-122.19747,Entire home/apt,74,30,0,,,1,348,0,
1.47037E+18,Spacious Sunny Hideaway,12502863,TiYanna,,Rancho San Antonio,37.7894,-122.2449,Entire home/apt,184,30,0,,,4,87,0,
1.47095E+18,Queen Bed Non-Smoking,707472618,Tyra,,Las Palmas,37.74506,-122.15513,Hotel room,107,1,0,,,3,256,0,
1.47095E+18,2 Queen Beds Non-Smoking,707472618,Tyra,,Foothill Square,37.74710101,-122.1569752,Hotel room,121,1,0,,,3,256,0,
1.47095E+18,King Bed Non-Smoking,707472618,Tyra,,Foothill Square,37.74663,-122.15662,Hotel room,110,1,0,,,3,256,0,
1.47117E+18,Spacious Beautiful 3br 2ba Home,599744460,Jessica,,Woodland,37.7521116,-122.1845492,Entire home/apt,258,2,3,9/7/25,3,1,177,3,
1.47164E+18,"Blueground | Civic Center, view, nr Lake Merritt",107434423,,,Civic Center,37.8018717,-122.2666278,Entire home/apt,174,30,0,,,21,18,0,
1.4732E+18,OAK -14th-West - cozy 2BR wd,304721494,HostWell,,Prescott,37.81137597,-122.2943723,Entire home/apt,123,1,1,8/6/25,0.59,8,353,1,
1.47414E+18,Peaceful Room in Huge Flat,1556814,Tamra,,San Pablo Gateway,37.81229,-122.27257,Private room,78,21,0,,,13,365,0,
1.4751E+18,Bay house with views,33393866,Vanessa,,Toler Heights,37.75077,-122.15933,Entire home/apt,96,1,3,9/11/25,1.91,2,78,3,
1.47607E+18,Cozy Modern Guest House in North Oakland,710353199,Lakisha,,Gaskill,37.84053,-122.2783,Entire home/apt,134,2,8,9/18/25,5.22,1,246,8,
1.47692E+18,Wood Street Lofts,111818221,Nishant,,Prescott,37.81595,-122.29627,Entire home/apt,122,2,4,9/21/25,2.67,1,353,4,
1.47766E+18,Stylish 1BR by Lake Merritt • Walk to DT & BART,19473537,Georgia,,Oakland Ave-Harrison St,37.81444,-122.26058,Entire home/apt,95,27,1,9/15/25,1,4,279,1,
1.47828E+18,Urban 2 BR Haven with Garden Patio near Downtown,19473537,Georgia,,Oakland Ave-Harrison St,37.8151715,-122.2594585,Entire home/apt,116,19,1,8/22/25,0.86,4,353,1,
1.47833E+18,Gated 2BR Hillside Retreat w/ Views nr UC Berkeley,186760359,Christian,,Upper Rockridge,37.85058,-122.23673,Entire home/apt,556,3,0,,,2,260,0,
1.4784E+18,Modern Sun-filled Guest Retreat - New Listing,2363401,Nathalie,,Fairview Park,37.8521276,-122.2556181,Entire home/apt,110,3,3,9/20/25,2.14,1,132,3,
1.47845E+18,Sept-Nov rental in Glenview,3136436,Alicia,,Glenview,37.8069648,-122.2170488,Entire home/apt,98,30,0,,,2,176,0,
1.47851E+18,Toler Heights Home,33393866,Vanessa,,Toler Heights,37.7526,-122.15915,Private room,96,1,0,,,2,84,0,
1.47985E+18,One bedroom penthouse.,562988202,Jeremy,,Grand Lake,37.81627,-122.25055,Entire home/apt,86,1,0,,,1,43,0,
1.47991E+18,Serene East Bay Home in the Hills,9645027,Beth,,Piedmont Pines,37.82905,-122.1889,Entire home/apt,220,3,2,9/19/25,2,3,141,2,
1.48061E+18,Oakland Hills Modern 5BR Retreat – Great Location,6559015,Tarush,,Upper Rockridge,37.83426,-122.22064,Entire home/apt,495,2,0,,,2,263,0,
1.48068E+18,2BD/2BA near UC Berkeley| Fire Pit| Outdoor Dining,149641659,Alli,,Bushrod,37.84515663,-122.2655626,Entire home/apt,297,3,4,9/11/25,3,5,227,4,
1.48152E+18,"Entire 2BR Home | Fast Wi-Fi, Driveway, Near BART",594201585,Bohao,,Castlemont,37.7524917,-122.1623868,Entire home/apt,119,4,0,,,3,88,0,
1.482E+18,Spacious King Bed Room,702166080,Ada,,East Peralta,37.78373,-122.24335,Private room,88,1,0,,,8,352,0,
1.482E+18,Queen Bed Retreat,702166080,Ada,,East Peralta,37.78524961,-122.2452252,Private room,91,1,0,,,8,345,0,
1.48277E+18,West Oakland Joy,712194830,Robert,,Prescott,37.80791,-122.29805,Private room,73,30,0,,,2,179,0,
1.48301E+18,Beautiful view private rooftop,712255558,Ruben,,Mosswood,37.82797,-122.2671,Entire home/apt,,2,1,9/14/25,1,1,364,1,
1.48348E+18,West Oakland Cheer,712194830,Robert,,Prescott,37.80776,-122.29991,Private room,60,30,0,,,2,163,0,
1.48354E+18,Rockridge Retreat,20589517,Vanessa,,Shafter,37.8389,-122.25352,Entire home/apt,229,4,0,,,1,263,0,
1.48384E+18,Work-Ready Studio | Kitchen + Wi-Fi | Near BART,594201585,Bohao,,Castlemont,37.75153,-122.16313,Entire home/apt,59,3,2,8/30/25,1.54,3,360,2,
1.48423E+18,"Scenic Hilltop Stay Gorgeous views, modern comfort",48346259,Roberto,,Upper Laurel,37.78767,-122.18877,Entire home/apt,131,2,0,,,1,265,0,
1.48522E+18,Luxury Golden Gate Bayview SF Sunset & City Lights,301906968,Sophina,,Caballo Hills,37.78463,-122.16412,Entire home/apt,1547,3,0,,,1,355,0,
1.48585E+18,LUX Highrise 1bd Penthouse level,247278372,Luis,,Waverly,37.81315,-122.26324,Entire home/apt,138,2,0,,,1,75,0,
1.48635E+18,Urban Retreat with Deck & Easy BART Access,186760359,Christian,,Oak Center,37.81163,-122.28609,Entire home/apt,358,5,0,,,2,296,0,
1.48732E+18,Spacious Oakland Hills Room | Private Bath,4847102,Angela,,Oakmore,37.80821,-122.20639,Private room,92,2,0,,,1,87,0,
1.48774E+18,Family getaway in Oakland,194724884,Ej,,Upper Peralta Creek-Bartlett,37.79003,-122.20698,Entire home/apt,114,2,0,,,2,4,0,
1.48855E+18,1000 sf 1 br in Rockridge - 1/2 block off college!,29387386,Mark,,Rockridge,37.84720127,-122.2533736,Entire home/apt,113,2,0,,,2,302,0,
1.48915E+18,Convenient Designer Home,1873530,Alvin,,Bushrod,37.85142,-122.26741,Entire home/apt,183,4,0,,,2,152,0,
1.48987E+18,One Bedroom share common area.,350751476,Shijin,,Seminary,37.7677458,-122.2007483,Private room,45,1,2,9/17/25,2,1,364,2,
1.48997E+18,"Charming, Cozy, Sun-Filled Home",428189665,Kara,,Glenview,37.80795,-122.2166,Entire home/apt,95,2,0,,,1,0,0,
1.49002E+18,Sunny and creative room.,711613024,Kathleen,,Cleveland Heights,37.80353,-122.24515,Private room,65,1,0,,,1,319,0,
1.49007E+18,"Sunny, Cozy, & Private 1BR Cottage close to BART",31943449,Yingtong,,Longfellow,37.82696,-122.2721,Entire home/apt,108,5,0,,,1,339,0,
1.49015E+18,Pill Hill Charm- Steps to Telegraph & Downtown #3,35424833,Brittney,,Pill Hill,37.82107,-122.26735,Entire home/apt,140,14,0,,,5,164,0,
1.49074E+18,Cozy studio centrally located,497154976,Vanessa,,Golden Gate,37.84364185,-122.2856184,Entire home/apt,123,1,0,,,1,289,0,
1.49081E+18,"Sunny, Spacious Home w/ Sauna",1537797,Noga,,Shepherd Canyon,37.83569388,-122.1925575,Entire home/apt,320,3,0,,,1,361,0,
1.4915E+18,Downtown Broadway Space,34951045,Dwayne,,Downtown,37.80825,-122.27045,Entire home/apt,200,25,0,,,2,364,0,
1.49153E+18,"Sunny, Spacious & Green Loft",10338997,Ingrid,,Clawson,37.8232,-122.28525,Entire home/apt,,5,0,,,1,0,0,
1.49184E+18,Casa de las Mariposa y Colibris,64303518,Karen,,Sausal Creek,37.7881,-122.22236,Entire home/apt,135,2,5,9/16/25,5,1,8,5,
1.49279E+18,Grand Lake Luxury | Newly Remodeled | Free Parking,469826326,Josh,,Grand Lake,37.81784,-122.24509,Entire home/apt,104,1,0,,,4,318,0,
1.49355E+18,Bright Boho 2BR Retreat w/ Views,134272997,Nathaniel,,Oakland Ave-Harrison St,37.81461,-122.25857,Entire home/apt,123,19,1,9/19/25,1,1,334,1,
1.49385E+18,6BR Home Near Downtown Oakland & BART,337618755,Xiuwen,,Highland Terrace,37.79190316,-122.2334205,Entire home/apt,283,2,0,,,2,154,0,
1.49395E+18,Bungie by the Lake!,106686416,Tara,,Adams Point,37.81100415,-122.2600032,Entire home/apt,81,1,0,,,2,346,0,
1.49443E+18,New! Private Garden Bungalow _ Introductory Rate!,26139697,LauraLe,,Piedmont Avenue,37.83136,-122.24504,Entire home/apt,124,3,0,,,2,353,0,
1.49504E+18,cottage home with a view,63311645,Fitzroy,,Eastmont Hills,37.77209,-122.1667,Entire home/apt,103,1,0,,,1,177,0,
1.49517E+18,"Quiet, light-filled 2br/2bath",145896786,Josh,,Oakland Ave-Harrison St,37.8170015,-122.2568012,Entire home/apt,129,1,1,9/2/25,1,1,359,1,
1.49568E+18,ADU For 4 Guests + 2 Car Spacious Parking,180389257,Adam,,Arroyo Viejo,37.7589852,-122.1840837,Entire home/apt,86,1,5,9/19/25,5,1,200,5,
1.49589E+18,Fully Equipped 8BR 6Ba | Few mins to SF,240049975,Raymon,,Prescott,37.8081099,-122.3031202,Entire home/apt,259,1,0,,,2,6,0,
1.49604E+18,Oasis Overlooking Lake Merritt,99058976,Christopher Devin,,Cleveland Heights,37.8057945,-122.2461347,Entire home/apt,250,14,0,,,1,239,0,
1.49609E+18,City Escape: Modern 1BR Downtown,565608390,Ricardo,,Downtown,37.81109,-122.27013,Entire home/apt,110,1,0,,,1,360,0,
1.49718E+18,Entire house in Oakland,62670956,Eric,,Bushrod,37.84551,-122.26576,Entire home/apt,122,4,1,9/21/25,1,1,340,1,
1.49728E+18,Master BR+attached private bath,473537977,Yunjiao,,Frick,37.77129,-122.18514,Private room,53,2,0,,,5,362,0,
1.49796E+18,New 2bed in Uptown Oakland!,20862310,Joshua,,Northgate,37.81538,-122.2702,Entire home/apt,110,1,0,,,2,354,0,
1.49812E+18,Affordable Stay | Near BART | Full Kitchen Access,594201585,Bohao,,Reservoir Hill-Meadow Brook,37.78619,-122.22633,Private room,41,3,0,,,3,20,0,
1.4995E+18,Mid-Century Modern Escape,117392393,Shawn,,Upper Peralta Creek-Bartlett,37.7938068,-122.2074086,Entire home/apt,140,3,2,9/19/25,2,2,347,2,
1.50034E+18,"Work & Play: Office, Walker’s paradise, Pets ok",23919446,Emily,,Bushrod,37.84016,-122.26651,Entire home/apt,72,30,1,9/12/25,1,1,257,1,
1.50119E+18,Boutique House near Piedmont Ave with Covered Deck,25355,Andrew,,Oakland Ave-Harrison St,37.8178,-122.2599,Entire home/apt,141,3,0,,,1,72,0,
1.50165E+18,Allura Oakland Your Private Sanctuary in the City,191464,Michael,,Mosswood,37.825943,-122.2636453,Entire home/apt,117,2,0,,,1,307,0,
1.5019E+18,Modern Comfort: Oakland Hills Edition,90380986,David,,Sequoyah,37.7703,-122.13169,Entire home/apt,282,31,0,,,2,364,0,
1.50251E+18,Cozy King Bed|Pool|Free Parking,709308486,Yamilet,,East Peralta,37.78505,-122.24393,Hotel room,104,1,0,,,1,334,0,
1.50264E+18,Wellness Retreat in Oakland,13850659,Maritza,,Frick,37.7717,-122.18692,Entire home/apt,165,3,0,,,1,122,0,
1.50314E+18,"Stylish 1BR Temescal Retreat, Walk Everywhere",17796515,Jordan,,Mosswood,37.82612,-122.26111,Entire home/apt,80,28,0,,,1,333,0,
1.50406E+18,"World Class, Private Bay View Cottage",5278018,Kira,,Eastmont Hills,37.76956,-122.16208,Entire home/apt,100,15,0,,,1,358,0,
1.50463E+18,Bright apartment near Lake Merritt & Lakeshore,507168539,Todd M,,Cleveland Heights,37.80601987,-122.2422133,Entire home/apt,111,60,0,,,1,359,0,
1.50519E+18,Private Bath Private Entry,393525644,Peggy,,Grand Lake,37.81536,-122.24838,Private room,51,1,0,,,1,352,0,
1.50533E+18,The Den,297681323,Josh,,Oakland Ave-Harrison St,37.81608,-122.25865,Private room,78,3,0,,,1,364,0,
1.5066E+18,Private room 紫,473537977,Yunjiao,,Brookfield Village,37.73616,-122.18523,Private room,45,1,0,,,5,269,0,
1.50731E+18,"Charming, comfortable, sunny, Mediterranean casa",7450071,Mally,,Piedmont Pines,37.81872,-122.20208,Entire home/apt,180,30,0,,,1,112,0,
1.50809E+18,Parkview Luxury Getaway,480864056,Abby,,Toler Heights,37.75181704,-122.1535664,Entire home/apt,128,1,0,,,2,365,0,
1.50811E+18,Updated 1Br 1Ba in happening Uptown Oakland!,20862310,Joshua,,Northgate,37.81368,-122.27003,Entire home/apt,97,1,0,,,2,224,0,
1.50814E+18,Cozy One bedroom in Oakland with a yard.,11686590,Demi,,Maxwell Park,37.77743,-122.18979,Entire home/apt,81,5,0,,,1,1,0,
1.50948E+18,"Oakland Hills Modern 3BR, 2 Bath – Great Location",6559015,Tarush,,Upper Rockridge,37.83466,-122.21954,Entire home/apt,368,3,0,,,2,82,0,
1.50964E+18,Private Room + Ensuite | Walk to BART | Monthly OK,693234935,Xiangpeng,,Bushrod,37.8337,-122.26651,Private room,51,2,1,9/22/25,1,3,92,1,
1.50968E+18,Room B Near BART | Easy SF & Berkeley Access,693234935,Xiangpeng,,Longfellow,37.83476,-122.26855,Private room,44,2,0,,,3,362,0,
1.50973E+18,Room C Near BART | Easy SF & Berkeley Access,693234935,Xiangpeng,,Longfellow,37.83322,-122.26685,Private room,44,2,0,,,3,84,0,
1.51025E+18,spacious 2-bedroom apartment with ample of light,1005100,Jeroen,,Adams Point,37.81037,-122.25825,Entire home/apt,114,1,0,,,1,358,0,
1.51053E+18,Little Valentine House near the Oakland Zoo,234352,Sarah,,Eastmont Hills,37.7743933,-122.163473,Entire home/apt,180,2,0,,,1,2,0,
1.51061E+18,Great 2 Bedroom near Laurel District Oakland,20991619,Alex,,Allendale,37.78782,-122.20804,Entire home/apt,103,30,0,,,1,363,0,
1.51097E+18,Cody house with safe area,181525591,Kim,,Allendale,37.7911,-122.20501,Entire home/apt,152,3,0,,,1,365,0,
1.51173E+18,Happy Garden Glamper,25043598,Lukas,,Eastmont Hills,37.76994389,-122.1634634,Private room,99,1,0,,,2,286,0,
1.51272E+18,Views - Private Bathroom- -Gym - Swimming pool!,388860976,Aida,,Lakewide,37.80506,-122.26594,Private room,67,90,0,,,1,362,0,
1.51376E+18,Victorian 4BD Home Mins to SF,706329731,Aron,,Prescott,37.80975327,-122.2961197,Entire home/apt,239,5,0,,,5,365,0,
1.51418E+18,Converted garage with twin bed and private bath,719905804,Alex,,Golden Gate,37.8426,-122.28471,Private room,40,1,0,,,1,360,0,
1.51467E+18,Perfect urban oasis in the heart of Oakland !,714501187,Andre,,Temescal,37.83605,-122.26275,Entire home/apt,199,1,0,,,1,365,0,
1.51529E+18,Cozy blue,39752165,Brian,,Hegenberger,37.76343,-122.18637,Entire home/apt,92,1,0,,,1,351,0,
1.51615E+18,Oakland Hills Retreat,188021704,Babak,,Woodminster,37.80468,-122.18574,Entire home/apt,250,1,0,,,1,344,0,
1.5169E+18,Lovely Resort in Adams Point,41193895,Dora,,Oakland Ave-Harrison St,37.81671,-122.2546,Entire home/apt,100,30,0,,,1,173,0,
