id,name,host_id,host_name,neighbourhood_group,neighbourhood,latitude,longitude,room_type,price,minimum_nights,number_of_reviews,last_review,reviews_per_month,calculated_host_listings_count,availability_365,number_of_reviews_ltm,license
12651,Private entrance/walk to Stanford,49735,Laurel,,Unincorporated Areas,37.43171,-122.19829,Entire home/apt,200,31,149,5/15/21,0.78,4,269,0,
55301,Private Cottage with Chef's Kitchen & Washer/Dryer,261070,Shannon,,Menlo Park,37.46201,-122.15243,Entire home/apt,137,2,93,9/13/25,0.54,1,335,21,
72211,3 BR Home on Vineyard nr Palo Alto & Stanford,101491,William,,Portola Valley,37.3878,-122.20206,Entire home/apt,459,3,164,9/18/25,0.94,1,293,22,
92921,Tranquil Private Garden. Private Room/Bath in Home,499362,David,,Atherton,37.47632,-122.18583,Private room,99,2,476,3/9/25,2.72,1,263,4,
123653,Beautiful 4BR Home by Stanford Univ,617641,Mary Jane,,Atherton,37.4597,-122.19563,Entire home/apt,800,20,11,8/4/17,0.06,2,363,0,
170293,"Clean, Cozy & Convenient Private Room",424098,Timothy Michael,,San Carlos,37.51267,-122.25994,Private room,100,2,133,7/26/25,0.77,1,90,4,
175322,Large 2-story House Near Beach,838172,Kevin,,Half Moon Bay,37.45712,-122.43771,Entire home/apt,295,30,0,,,1,0,0,
236882,Lovely room near Stanford  for 1,617641,Mary Jane,,Atherton,37.46251,-122.1971,Private room,95,25,158,3/17/25,0.95,2,320,3,
312514,"Quiet , Private Studio / Cottage",1605211,Chris,,Redwood City,37.48141,-122.24523,Entire home/apt,113,3,430,9/22/25,2.6,1,306,31,
335840,"Cozy & comfortable room2, Baylands",1336368,Richetta And Ra,,East Palo Alto,37.46742,-122.1308,Private room,136,2,15,7/26/25,0.09,3,362,1,
342311,Sweet Studio -SF Peninsula,1440686,Johanna And Bob,,San Carlos,37.5093,-122.26645,Entire home/apt,117,3,187,11/21/24,1.13,1,198,2,
429212,Ocean View Master Suite Moss Beach,1821283,Brenda Marie,,Unincorporated Areas,37.52865,-122.51479,Private room,168,30,14,5/28/17,0.09,3,224,0,
546284,1bed Apt with Parking and Views of SF City & Ocean,1221565,Lisa,,Daly City,37.70294,-122.45501,Entire home/apt,,30,81,9/24/22,0.55,2,0,0,
617211,Modern Studio Apartment - South San Francisco,1921058,Philip,,South San Francisco,37.66259,-122.42252,Entire home/apt,144,2,454,8/18/25,2.88,1,327,20,
624038,Cute 2-bedroom Cottage nr Stanford,49735,Laurel,,Unincorporated Areas,37.43199,-122.19859,Entire home/apt,243,10,113,8/9/25,0.71,4,51,1,
631807,PRIVACY & COMFORT in Foster City!,3142166,Michelle,,Foster City,37.56152,-122.25987,Entire home/apt,72,5,41,9/14/25,0.26,1,209,10,
633412,"SFO,Bart,Walk to Downtown-Gem!",3153014,Lisa Myshall,,Burlingame,37.57957,-122.34964,Private room,85,1,467,11/19/23,3.01,2,274,0,
634347,TreeTops OceanView Retreat_HotTub_Month/LongTermOk,2270239,Annette,,Unincorporated Areas,37.51219,-122.46381,Entire home/apt,503,2,110,8/3/25,0.69,1,145,8,
664068,Life House,3354031,Marky,,Unincorporated Areas,37.52248,-122.34724,Entire home/apt,675,15,63,12/5/22,0.41,2,365,0,
676279,Best location in SF Bay Area,3259970,Hye Jin,,San Mateo,37.54158,-122.29632,Entire home/apt,150,30,10,8/10/25,0.37,1,267,3,
706437,Tree-top studio--walk to Stanford,49735,Laurel,,Unincorporated Areas,37.43024,-122.19717,Entire home/apt,122,13,146,8/28/25,0.94,4,51,11,
760743,Garden unit SF Peninsula,3381955,Nuala,,San Bruno,37.61949,-122.41676,Entire home/apt,95,90,300,5/29/22,1.93,2,315,0,
789518,Spectacular Ocean View Ocean Colony,25729267,Sonia,,Half Moon Bay,37.43028,-122.43763,Entire home/apt,1400,2,45,7/12/25,0.4,1,339,7,
808914,Paloma Cottage under a tree,2441782,Brian,,Burlingame,37.58169,-122.36466,Entire home/apt,119,4,264,9/2/25,1.7,1,186,17,
834958,Beautiful Cottage next to Stanford & Sand Hill Rd,4358242,Amanda,,Unincorporated Areas,37.43476,-122.20706,Entire home/apt,304,4,92,8/14/25,0.6,1,319,8,
842458,Views Galore-like a treehouse. Private entrance,1905172,Cath,,Unincorporated Areas,37.47255,-122.26414,Private room,130,31,98,8/24/25,0.63,13,282,2,
896948,fully furnished 1bed rental w/ bath,4784899,Jane,,Menlo Park,37.45686,-122.18524,Private room,96,1,69,8/10/25,0.45,1,251,2,
902703,"Beautiful, Quiet Woodside Estate for Rent",4824967,Dexter Corwin Jr,,Woodside,37.45005,-122.24651,Entire home/apt,421,7,4,9/24/24,0.03,1,29,0,
912970,Halekipa Beautiful Guest Home w designated parking,4899769,David,,South San Francisco,37.65573,-122.41299,Entire home/apt,183,2,214,9/1/25,1.43,2,352,9,
926837,A Travelers Rest in Redwood City,1119862,Josh,,Redwood City,37.47735,-122.24064,Entire home/apt,90,30,162,7/4/25,1.08,1,92,1,
955458,Cozy Studio Apt in Ideal Location,5190612,Stacey,,Atherton,37.46136,-122.19484,Entire home/apt,100,45,31,7/25/25,0.79,1,306,9,
1019374,Exec Room in home nr Stanford Hospital/Sand HillRd,5612106,La,,Unincorporated Areas,37.42926,-122.19288,Private room,367,31,16,4/22/25,0.19,4,365,1,
1118487,Sunny Garden Cottage in Redwood City,6138568,Carolyn,,Redwood City,37.4681,-122.22121,Entire home/apt,117,30,19,12/2/24,0.14,1,242,2,
1144231,"Small cottage bedroom, beautiful home",6273404,Annelène,,Unincorporated Areas,37.47518,-122.19537,Private room,44,30,294,6/20/20,2.18,3,129,0,
1190922,"Modern home w/patio, walk to Palo Alto",6510205,Sara,,Menlo Park,37.45733,-122.1561,Entire home/apt,226,4,41,9/7/25,0.3,2,6,9,
1206736,Family Holiday Special - San Mateo House,6592212,Monika,,San Mateo,37.5799,-122.33063,Entire home/apt,267,3,18,8/9/16,0.12,1,345,0,
1211198,Life Home,3354031,Marky,,Unincorporated Areas,37.52333,-122.34731,Entire home/apt,750,4,16,5/22/17,0.11,2,365,0,
1237101,Beautiful Studio Apartment,4901047,Jeff & Christy,,Redwood City,37.45721,-122.25617,Entire home/apt,,1,137,8/18/19,0.92,1,0,0,
1260686,"Spacious 3BR  townhouse, convenient to so much!",1905172,Cath,,Redwood City,37.46281,-122.22562,Entire home/apt,393,31,4,8/13/22,0.05,13,359,0,
1270828,Home away from home in wonderful Burlingame,4069703,Lynn,,Burlingame,37.58134,-122.33639,Entire home/apt,139,3,451,9/15/25,3.04,1,251,30,
1290326,Artsy Beach House for the weekend?,2739273,Chris,,Half Moon Bay,37.47908,-122.44294,Entire home/apt,328,2,213,8/10/25,1.43,1,361,6,
1397728,"Private, Cozy, and Oh What A View",1905172,Cath,,Unincorporated Areas,37.47131,-122.26648,Private room,66,31,51,8/13/24,0.35,13,364,0,
1480111,[intern welcome] great location,4142181,Dawei,,San Mateo,37.54158,-122.3044,Private room,55,31,4,9/29/18,0.04,7,365,0,
1488615,Fully equipped 3 bedroom home (Long term discount),374382,Sung,,Redwood City,37.53597,-122.25309,Entire home/apt,152,30,76,8/1/25,0.52,1,308,4,
1550926,Cute private cottage near Stanford Univ and trails,8260546,Gita,,Woodside,37.42154,-122.25038,Entire home/apt,106,7,29,7/27/25,0.22,1,267,1,
1610066,Le Cottage Aubergine (Burlingame - San Mateo),8354894,Andrew,,San Mateo,37.57384432,-122.3382994,Entire home/apt,126,3,24,9/21/25,1.59,2,192,19,
1618244,[intern welcome] great location,4142181,Dawei,,San Mateo,37.54372,-122.30486,Private room,55,31,1,8/10/23,0.04,7,365,0,
1618250,intern welcome - quiet cottage convenient location,4142181,Dawei,,San Mateo,37.54334,-122.30615,Private room,55,30,5,8/8/25,0.04,7,365,1,
1620295,Private Room in Belmont (w/views),8620052,Homeira,,Belmont,37.52694,-122.28872,Private room,80,1,53,9/16/25,0.36,1,50,14,
1672827,Cottage near downtown Palo Alto,703440,Bob,,Menlo Park,37.458008,-122.154358,Entire home/apt,142,2,408,9/17/25,2.79,1,220,38,
1673486,Enjoy our library bedroom,8858695,Mubaraq,,Belmont,37.51691,-122.31836,Private room,59,1,4,12/4/14,0.03,1,0,0,
1696483,Family Friendly great for 2 familys,8959433,Christine,,San Bruno,37.62107,-122.43252,Entire home/apt,266,2,202,8/11/25,1.83,1,347,11,
1700196,"Private Studio near SFSU , SF, and BART",6458540,John,,Daly City,37.70084,-122.48889,Entire home/apt,154,1,393,9/20/25,2.69,2,162,8,
1778252,Private Room in Luxury Townhome #2,168728,Laura,,East Palo Alto,37.46199,-122.13616,Private room,89,21,26,11/1/23,0.19,1,329,0,
1857408,"Private, cozy bedroom near SFO",202111,Derrick,,Burlingame,37.5867,-122.38762,Private room,,3,0,,,1,0,0,
2089441,"Private Apartment, 1st floor of 3 story house",10665012,Laura,,Woodside,37.439411,-122.238609,Entire home/apt,120,1,215,1/22/23,1.6,1,232,0,
2142354,New studio apt--walk to Stanford,49735,Laurel,,Unincorporated Areas,37.43063,-122.19832,Entire home/apt,,28,111,6/27/25,0.78,4,51,4,
2212570,A historic home with a pool and garden,1506185,Peter,,Burlingame,37.5809,-122.33471,Entire home/apt,390,30,1,8/14/19,0.01,1,83,0,
2282095,Modern BR with Private Bath close to Downtown RWC,107954,Kara,,Redwood City,37.47675,-122.22586,Private room,82,5,92,9/5/25,0.65,1,42,7,
2285366,Lovely Parisian Room & Private Bath,11674990,Paula,,Unincorporated Areas,37.46967,-122.16239,Private room,139,1,270,9/23/25,1.91,1,54,19,
2299551,Luxury 1 br Condo near Stanford,10789323,Aline,,Atherton,37.46489,-122.20498,Entire home/apt,119,30,25,8/6/20,0.18,1,365,0,
2304383,Private Bedroom in Downtown Burlingame,11768748,Joyce,,Burlingame,37.57758,-122.347,Private room,,3,3,1/22/22,0.04,1,0,0,
2381210,"Huge Suite w/ own bathroom, patio, dining, office",11853903,Todd,,East Palo Alto,37.46444,-122.13819,Entire home/apt,94,90,419,6/16/25,3.02,1,303,11,
2566174,Charming Oceanview Moss Beach,11487122,Nancy,,Unincorporated Areas,37.51451,-122.51008,Entire home/apt,223,2,332,8/24/25,2.37,1,212,16,
2583020,"10Nice Room Near Meta, Stanford, G00gle.",83197933,Huirong,,East Palo Alto,37.45709,-122.13278,Private room,81,4,11,9/4/25,0.11,6,183,1,
2667129,"Bright, smartly furnished home perfect for you ❤️",4943390,Michael,,San Carlos,37.50591,-122.28109,Entire home/apt,206,1,78,8/31/25,1.14,1,110,9,
2709053,Sweet and Soulful Retreat,7581650,Valerie,,Redwood City,37.47467,-122.24562,Private room,65,30,26,11/5/23,0.19,2,303,0,
2841690,"Cozy & Comfortable Room3, Baylands",1336368,Richetta And Ra,,East Palo Alto,37.46762,-122.12908,Private room,136,2,16,6/21/25,0.12,3,362,1,
2889893,Little Cottage on the Hill,919088,Radhia,,Hillsborough,37.57712,-122.37166,Entire home/apt,118,2,945,9/13/25,6.82,1,218,90,
3030046,Sleep in a boat. Fabulous house,1905172,Cath,,Unincorporated Areas,37.47062,-122.26676,Private room,81,31,26,7/26/25,0.19,13,281,1,
3093034,Modern San Francisco Bay home,3282321,Charlotte,,Burlingame,37.58494402,-122.342362,Entire home/apt,475,5,5,7/2/25,0.19,1,96,1,
3167740,Cozy & Comfortable,7581650,Valerie,,Redwood City,37.47608,-122.24752,Private room,54,30,25,10/13/23,0.2,2,277,0,
3194869,"Spacious & Pretty, near SFO",1032362,I.Q.,,San Carlos,37.50439,-122.28152,Private room,73,4,82,9/6/25,0.6,1,328,4,
3279585,Very private 2BR/1BA bordering San Francisco,9317268,Carol,,Daly City,37.69546,-122.47553,Entire home/apt,175,2,214,9/14/25,1.56,1,218,19,
3292043,"Private entrance, private room, private bathroom!",16631661,Janet,,Unincorporated Areas,37.46472,-122.17104,Private room,115,6,156,8/31/25,1.15,1,363,4,
3383950,GREAT PLACE FOR A GREAT PRICE,17072428,Malcolm,,Daly City,37.70579,-122.453,Private room,,1,0,,,1,0,0,
3577748,Charming Private Studio Near SFO,1250027,Jae,,Millbrae,37.60054,-122.40905,Entire home/apt,95,1,1225,9/4/25,9.06,2,241,82,
3636699,Craftsman Bungalow in Silicon Valley,18340596,John,,Redwood City,37.4873,-122.24475,Entire home/apt,333,2,113,8/24/25,1.02,1,171,6,
3638801,Oceanfront Views - Steps to the Beach,6384956,Stefan,,Unincorporated Areas,37.21531,-122.4077,Entire home/apt,563,3,186,9/7/25,1.37,1,111,30,
3720237,[intern welcome] with private bath/great location,4142181,Dawei,,San Mateo,37.54381,-122.30413,Private room,80,31,2,8/23/14,0.01,7,365,0,
3822252,"Warm, Welcoming ""The Mission"" Room",19363764,Dennis,,San Mateo,37.57627,-122.30992,Private room,84,5,110,8/15/25,0.82,3,84,3,
3843683,"Sunny, Quiet, Separate Studio in Private Home",19811568,Anne Leahy,,Menlo Park,37.4448,-122.18988,Entire home/apt,162,3,269,9/5/25,1.99,1,142,20,
3987869,Cozy Two Bedroom Downtown Redwood City Apartment,12305081,Diego,,Redwood City,37.48197,-122.22233,Entire home/apt,,2,209,3/4/20,1.57,1,0,0,
4015691,Garden view room in beautiful home,6273404,Annelène,,Unincorporated Areas,37.4758,-122.1967,Private room,38,30,309,5/23/20,2.3,3,129,0,
4069642,cozy 2 bedroom with SF views,10452839,Radu,,Brisbane,37.67705,-122.40408,Entire home/apt,,30,140,9/11/24,1.04,3,267,0,
4110458,Modern Stanford/Palo Alto Guest House,723831,Steve,,Portola Valley,37.39364,-122.20183,Entire home/apt,272,4,91,6/17/25,0.68,1,324,3,
4112109,Charming room with private entrance,6273404,Annelène,,Unincorporated Areas,37.47692,-122.19635,Private room,35,30,132,7/24/20,0.99,3,39,0,
4113736,"Modern 2BR with SF & Bay Views, Near Airport",10452839,Radu,,Brisbane,37.67728,-122.40317,Entire home/apt,,30,21,7/23/17,0.16,3,267,0,
4121064,"Sunny, Quiet, ""The Palm"" Room",19363764,Dennis,,San Mateo,37.57528,-122.31195,Private room,69,4,134,9/23/24,1,3,52,0,
4223873,Spacious Full House 10 Minutes from The Mission,7443497,Tam,,Daly City,37.70184,-122.46738,Entire home/apt,475,3,232,9/22/25,1.75,1,319,15,
4236150,Large private room in single family,21983659,Jodi,,Hillsborough,37.56015,-122.33558,Private room,200,1,4,4/5/23,0.03,1,365,0,
4259057,"2BR 2BA modern apt near Faceb, Stan",1103761,William,,East Palo Alto,37.46156,-122.14638,Entire home/apt,203,30,104,9/2/19,0.78,1,284,0,
4264514,1 bedroom with private bath in a large house.,22137102,Neela,,Hillsborough,37.57912,-122.36152,Private room,122,1,49,9/15/22,0.41,1,365,0,
4271153,Beach House near Downtown San Francisco,14673199,Elena,,Pacifica,37.59348,-122.50986,Entire home/apt,670,3,113,8/31/25,0.94,1,318,5,
4288187,Small Beach Cottage Near the Coastal Trail,4153841,Guliz,,Half Moon Bay,37.45408,-122.43539,Entire home/apt,171,1,675,8/27/25,5.06,4,218,56,
4288241,"1B/1Ba $150 Night
私人助理服务Personal assistantService",14860718,Henry,,San Bruno,37.61314968,-122.4029604,Private room,138,1,0,,,2,361,0,
4474503,$1625/mo Private Bed/Bath Room monthly discount,7920029,Deborah,,San Mateo,37.53201,-122.28906,Private room,100,30,23,5/1/25,0.21,2,56,2,
4700511,Lagoon Room#2 West - Beautiful & Private Entry!,24297973,Dulce,,Foster City,37.56599,-122.26135,Private room,126,1,189,9/17/25,1.45,2,324,8,
4740436,Quiet 3ba/2ba HOUSE with backyard orchard. 🏡,4134260,Henry Vi,,San Mateo,37.56369,-122.2941,Entire home/apt,248,2,217,8/16/25,1.65,2,267,17,
4775799,Silicon Valley Oasis | 3BR Modern Style w/ AC,10722933,Winnie,,San Mateo,37.55058,-122.28876,Entire home/apt,402,2,25,9/21/25,0.34,1,75,13,
4863217,| Private Spacious Studio near SF |,22267913,Henry,,Daly City,37.70483,-122.46457,Entire home/apt,65,30,169,9/1/24,1.32,5,326,0,
4863273,||| Cozy 1Bd Apt near San Francisco |||,22267913,Henry,,Daly City,37.70535,-122.46334,Entire home/apt,80,30,245,7/19/25,1.89,5,247,1,
4924159,Private Room in Luxury Condo (Downtown San Mateo),25363016,Mary,,San Mateo,37.56673,-122.32844,Private room,,30,0,,,1,0,0,
4987700,Quiet Private PV Studio Suite Near Stanford,25713714,Dennis,,Unincorporated Areas,37.39729,-122.19543,Entire home/apt,,31,21,10/7/19,0.18,1,0,0,
5048002,The Artist's Garden Studio close to San Francisco,2830611,Rosanna,,Brisbane,37.68126678,-122.4039459,Entire home/apt,127,30,138,7/12/25,1.09,1,347,1,
5107728,Secluded Ocean View Apartment / Hot Tub,26393319,James,,Unincorporated Areas,37.5308,-122.51419,Entire home/apt,213,3,383,9/17/25,2.96,1,149,34,
5170921,1 Bdr Cabana just west of Stanford,24620845,David,,Portola Valley,37.3856,-122.19824,Entire home/apt,213,3,206,9/16/25,1.59,1,273,20,
5192458,Heart of Silicon Valley Studio/Cottage,6887379,Jimena,,Unincorporated Areas,37.45905,-122.26525,Entire home/apt,140,2,217,8/27/25,1.67,3,316,29,
5200357,Spacious room/Queen in beautiful home close to SFO,26901685,Angela,,Burlingame,37.58815,-122.37013,Private room,77,30,244,9/8/25,1.9,3,162,25,
5336254,Comfy Queen in beautiful home,26901685,Angela,,Burlingame,37.58858,-122.37045,Private room,73,30,239,9/11/25,1.86,3,268,21,
5433483,Stanford Graduation- Quiet Home 3 miles 2 Stanford,7128506,Rosalie,,Portola Valley,37.37327,-122.21883,Entire home/apt,1000,30,0,,,1,250,0,
5481567,Coastal retreat or romantic getaway,28427828,Helen,,Unincorporated Areas,37.50786,-122.47052,Entire home/apt,170,2,287,7/20/25,2.3,1,77,2,
5482020,Charming cottage style near RWC,4406833,Edward,,Redwood City,37.48231,-122.23237,Private room,98,30,142,8/23/25,1.13,1,267,2,
5511096,Cottage bedroom in secluded garden,8158669,Karine,,Unincorporated Areas,37.46958,-122.20916,Entire home/apt,91,1,106,9/16/25,0.92,2,158,8,
5547474,Tree house retreat near Stanford - 3BR + offices,6348686,Barbara,,Portola Valley,37.37173,-122.21414,Entire home/apt,625,30,0,,,1,104,0,
5620902,The Squid Cave,19363764,Dennis,,San Mateo,37.57694,-122.31064,Private room,66,5,78,8/16/25,0.63,3,152,4,
5668845,Private Guest House on family property,14364859,Tricia,,Atherton,37.45306,-122.20707,Entire home/apt,249,2,89,8/12/25,0.7,1,177,11,
5713658,"Room in a Spacious House!
Full-size Bed",24298119,Linda,,Redwood City,37.45504545,-122.2347585,Private room,87,5,3,8/11/25,0.65,2,204,3,
5837361,Awesome 1Bd by SF & SFO!,27891895,Wenhao,,San Mateo,37.54651,-122.28405,Entire home/apt,270,3,19,9/15/17,0.16,2,365,0,
5863928,Bright home atop Silicon Valley,6887379,Jimena,,Unincorporated Areas,37.459,-122.26412,Entire home/apt,389,3,24,7/25/25,0.2,3,291,2,
5916440,Not Available,30725121,Brian,,Daly City,37.69344,-122.49399,Private room,150,3,20,1/1/20,0.16,1,179,0,
5965661,Historic House in Downtown Pescadero!,4097852,Lisa,,Unincorporated Areas,37.2554,-122.38296,Entire home/apt,316,2,52,9/7/25,0.42,2,73,13,
5979232,"Spacious home, great views and beautiful garden",13799720,Rich,,Unincorporated Areas,37.4676,-122.26453,Entire home/apt,394,2,103,9/8/25,0.83,2,31,3,
6019003,Luxurious Contemporary Design Palo Alto/ Stanford,23788249,Anne-Flore,,Menlo Park,37.43066,-122.19629,Entire home/apt,866,2,86,9/18/25,0.85,1,260,8,
6054230,"Mission style, w. Pool, Hot tub, walk to downtown",6510205,Sara,,Menlo Park,37.45547,-122.15705,Entire home/apt,800,5,59,8/10/25,0.47,2,84,7,
6077649,2 Bedroom Home Away from Home,31546583,Melanie,,Burlingame,37.58539,-122.36234,Entire home/apt,170,3,212,9/7/25,1.68,1,306,8,
6104715,spacious living room at great location,4142181,Dawei,,San Mateo,37.54218,-122.30602,Private room,65,31,2,8/15/15,0.02,7,365,0,
6121131,good room at great location,4142181,Dawei,,San Mateo,37.54345,-122.30638,Private room,70,31,2,5/30/15,0.02,7,365,0,
6274785,❤️Charming Best Location 2B/2B Near SFO,23939312,Kenny,,San Mateo,37.54625,-122.2825,Entire home/apt,255,30,241,8/25/25,2.31,6,362,13,
6278530,"Exceptional Value-close to SFO, Welcome Valkyries!",32638642,Jamesanne,,Brisbane,37.68277,-122.39837,Entire home/apt,,2,460,3/30/25,3.67,1,161,22,
6314796,Coastal Garden Retreat,32852593,Reese,,Pacifica,37.58296,-122.4955,Entire home/apt,128,2,28,7/19/24,0.22,1,267,0,
6425944,Hilltop house with amazing San Francisco views,33532518,Irene,,Daly City,37.70451,-122.43533,Entire home/apt,218,1,452,9/16/25,3.63,1,37,34,
6481748,Bright modern 3BR/2.5BA home in Silicon Valley,33872060,Shawna,,San Carlos,37.50665,-122.2786,Entire home/apt,443,2,17,5/11/25,0.14,1,55,2,
6482160,Unique and private one bedroom home,33875596,Amnon,,Unincorporated Areas,37.47611,-122.1881,Entire home/apt,135,30,339,9/19/25,2.7,2,335,6,
6493972,Palo Alto Private Studio 2 miles: Meta & Stanford,52835,Elisa,,East Palo Alto,37.4636,-122.14953,Entire home/apt,129,1,5,8/24/25,0.04,1,364,1,
6543184,Studio Rm/Ensuite Bath/Priv Entry/Near Train&Town,1858786,Allison,,San Carlos,37.50089,-122.2628,Private room,105,4,217,9/2/25,1.73,2,357,17,
6544492,Peaceful room overlooking the Bay,15770452,Anna,,Unincorporated Areas,37.46297,-122.27259,Private room,105,1,154,9/7/25,1.23,1,77,22,
6553652,Studio Rm-Priv Bath & Entrance-10 min walk 2 train,1858786,Allison,,San Carlos,37.50146,-122.26252,Private room,95,4,190,9/6/25,1.51,2,280,19,
6652991,Cozy private guesthouse near Stanford,34822532,Helen,,East Palo Alto,37.46719,-122.13824,Entire home/apt,101,1,1023,9/19/25,8.17,1,291,32,
6690793,"8Nice Room Near Stanford, Meta, G00gle",83197933,Huirong,,East Palo Alto,37.4593,-122.13058,Private room,76,4,10,8/9/25,0.1,6,195,1,
6805619,Private bedroom near Sfo,34632270,Wilson,,South San Francisco,37.66593,-122.42603,Private room,,10,30,12/6/23,0.25,1,0,0,
6812976,Private 800+ sq ft suite near SFO w/Grand Piano!,35608054,John,,Millbrae,37.60188,-122.41365,Entire home/apt,,2,87,10/10/22,0.95,1,0,0,
6813381,Lovely and Private Sunny Room ~ Downtown Pescadero,4097852,Lisa,,Unincorporated Areas,37.25336,-122.3828,Private room,129,2,12,7/28/19,0.1,2,73,0,
6958622,"Charming cottage, walk to Caltrain",2994886,Kate,,Redwood City,37.49245,-122.23633,Entire home/apt,130,1,621,9/21/25,4.98,1,227,54,
7021422,Big Peaceful Room In SF Bay near Train & Downtown,36804444,Eric,,San Carlos,37.50834,-122.26635,Private room,65,2,236,9/18/25,1.9,3,316,11,
7114010,"Top SV choice quiet, easy, yard:  work, live relax",34099019,Jennifer,,Redwood City,37.46904,-122.25237,Entire home/apt,123,7,52,8/26/25,0.42,1,184,8,
7133058,Cozy Lagoon Room#1  - Great views & Private entry!,24297973,Dulce,,Foster City,37.566,-122.26121,Private room,117,1,230,9/17/25,1.86,2,361,12,
7480740,Sterling Ridge,3876955,Wendy,,Woodside,37.44105,-122.25799,Private room,196,2,45,7/20/24,0.36,2,365,0,
7540590,Soak up the Serenity on the Patio of a Charming Cottage,37882247,Teri,,Redwood City,37.47172,-122.24304,Entire home/apt,95,3,333,8/15/25,2.7,1,180,33,
7623799,"Business-Friendly 2/1. 
Walk to Caltrain/Downtown.",39992392,Susan,,San Mateo,37.572865,-122.324982,Entire home/apt,189,2,39,8/24/25,0.98,1,118,24,
7652018,Quiet In law unit-private entrance,35164925,Jeffrey & Susan,,Unincorporated Areas,37.44528,-122.23023,Private room,169,3,15,4/8/24,0.12,1,365,0,
7672518,Ground Floor Bedroom w/Lagoon View,36016414,Supatra,,Foster City,37.54753,-122.25926,Private room,86,3,66,9/13/25,0.54,1,227,6,
7676172,Spectacular San Francisco Bay & City Views,40308298,Shujane,,Belmont,37.52557,-122.29554,Private room,71,3,11,8/31/25,0.11,2,178,3,
7716903,Stunning views 3b/3b San Mateo Home,22024640,Lee,,San Mateo,37.528,-122.30267,Entire home/apt,313,3,213,8/8/25,1.74,1,324,8,
7775645,Newly Designed Cottage | Spacious & Quiet,32659525,Kai,,Unincorporated Areas,37.46931,-122.16395,Entire home/apt,189,10,21,5/31/25,0.54,1,125,4,
7803606,Silicon Valley Retreat (Week/Month discount),5779201,Sophia,,Redwood City,37.47165,-122.25835,Private room,77,1,50,1/7/25,0.45,2,364,1,
7903621,Walk to Stanford Palo Alto Menlo Pk,41659421,Nancy,,Menlo Park,37.45462,-122.15688,Entire home/apt,100,31,267,8/16/25,2.18,1,166,4,
7940669,1. Masterbedroom with lake view from sunny balcony,37850778,Li,,Redwood City,37.53513,-122.24956,Private room,,90,10,8/9/25,0.08,4,65,2,
8045903,4br/3ba Beautiful Home with Great location!,8395679,Alicia,,San Carlos,37.50204,-122.27056,Entire home/apt,552,7,7,7/16/25,0.07,1,312,2,
8087695,Menlo Park  2 Bedr Cottage,42709602,Richard,,Menlo Park,37.44162,-122.17854,Entire home/apt,279,3,130,8/12/25,1.14,1,146,12,
8108016,Large Remodeled Room w/Private Bathroom Sf BayArea,36804444,Eric,,San Carlos,37.51044,-122.26514,Private room,79,2,229,8/23/25,1.88,3,353,19,
8268197,The Captain's Quarters,43596585,Ab,,Unincorporated Areas,37.50459,-122.48972,Entire home/apt,384,2,219,9/22/25,1.79,1,274,18,
8385301,Luxurious Apt 10 mins - Stanford Uni /PA downtown,11951485,Zubin,,East Palo Alto,37.45338,-122.12786,Entire home/apt,132,30,13,7/12/25,0.12,1,191,1,
8392556,Entire house for families：Steps to the beach!,44219706,Jennifer,,Unincorporated Areas,37.49426,-122.45864,Entire home/apt,479,2,160,9/7/25,2.24,1,329,19,
8501746,"Modern room & loft, private entrance",24367599,Steve,,San Bruno,37.62582,-122.41947,Entire home/apt,69,2,987,9/19/25,8.12,1,51,76,
8555238,Carmelita Creek House,45033270,Sean,,San Carlos,37.50083,-122.26513,Entire home/apt,225,3,238,8/22/25,2.15,1,240,24,
8613628,"Spacious 3BR Home| Near - SF Bay, Meta & Stanford",15007608,Ce,,East Palo Alto,37.46791,-122.13137,Entire home/apt,237,2,86,7/18/25,0.72,1,256,14,
8672898,Private room with private bathroom near SFO,5154324,Lana,,Millbrae,37.59414,-122.4012,Private room,59,5,60,7/29/25,0.5,1,182,4,
8781428,Cozy studio near Stanford,43979381,Julie,,East Palo Alto,37.4635964,-122.1287185,Private room,84,5,7,5/20/25,0.26,2,110,1,
8821741,"Hidden French Gem for Fam/Biz~near Caltrain,SFO",29639326,Yuanyuan,,Belmont,37.51882,-122.27873,Entire home/apt,167,1,376,9/11/25,3.76,1,192,26,
8830898,On top of the world with spectacular Bay/City View,40308298,Shujane,,Belmont,37.52391,-122.29345,Private room,71,3,8,9/6/25,0.07,2,175,1,
8848646,1250 sq feet house 5 mins from SFO airport,18762801,Bill,,San Bruno,37.62773,-122.4056,Entire home/apt,184,1,293,9/18/25,2.63,1,254,10,
8860669,Lovely Craftsman Bungalow,33528866,Amy,,Burlingame,37.57948,-122.34119,Entire home/apt,,2,175,9/12/25,1.45,1,44,23,
8867853,Master Bedroom - Walk / Bike to META/Amazon/nearby,5067807,Ram,,Menlo Park,37.47306,-122.15658,Private room,85,3,9,9/17/25,0.59,1,249,6,
8973748,SAN MATEO FAMILY HOME欢迎入住！,46893766,Dong,,San Mateo,37.57514,-122.32727,Entire home/apt,108,2,96,8/22/25,0.81,1,260,4,
9002217,2. Lake View Room in Waterfront Home,37850778,Li,,Redwood City,37.53545,-122.24956,Private room,65,30,7,8/10/25,0.06,4,87,1,
9002919,3. Park View Room in Waterfront Home,37850778,Li,,Redwood City,37.53545,-122.24956,Private room,65,30,9,8/9/25,0.08,4,344,2,
9013549,Panoramic Views of Silicon Valley,34214396,Ruth,,San Carlos,37.50827,-122.27625,Entire home/apt,450,30,56,7/29/23,0.47,2,249,0,
9031007,Excellent in Valparaiso,32778843,Gil,,Unincorporated Areas,37.43537,-122.20366,Entire home/apt,,3,0,,,1,0,0,
9064797,Large In-law room / suite,47282067,Tina,,Foster City,37.53721,-122.26818,Entire home/apt,549,2,0,,,1,180,0,
9136990,Sanitized Private Bedroom/shared bath.$1595/mo,7920029,Deborah,,San Mateo,37.53407,-122.28656,Private room,50,30,19,10/20/23,0.18,2,181,0,
9174641,Quiet Private Backyard Studio with own Entrance,47744932,Peng Tin,,San Mateo,37.56335,-122.30056,Entire home/apt,115,2,40,9/17/25,0.34,1,364,7,
9351677,❤️A Luxurious 3B/2B with Air Conditioning,23939312,Kenny,,San Mateo,37.54637,-122.283,Entire home/apt,485,30,191,7/29/25,1.78,6,350,8,
9464977,Private bedroom in Foster City (3),49048931,Jason,,Foster City,37.55294,-122.24894,Private room,34,16,37,9/14/24,0.33,4,178,0,
9494608,Large studio 2 mi from downtown Palo Alto,43125938,Christian,,East Palo Alto,37.45501,-122.13316,Entire home/apt,,60,0,,,1,0,0,
9508927,Private In-Law Unit,49274049,Lynda,,Half Moon Bay,37.44026,-122.43089,Private room,144,1,676,9/7/25,5.77,1,341,49,
9510467,Hummingbird Cottage garden suite,26336285,Dana,,Daly City,37.70258,-122.46659,Entire home/apt,99,4,234,9/7/25,1.95,1,267,18,
9545436,HMB Oceanfront Home w/ View of Pillar Point Harbor,49433410,Norman,,Unincorporated Areas,37.50457,-122.4879,Entire home/apt,,2,165,5/7/23,1.39,1,0,0,
9598167,4BD City View Vacation House 美景别墅,49677042,Tony,,Unincorporated Areas,37.69383,-122.47686,Entire home/apt,218,2,479,9/16/25,4.09,1,135,57,
9678285,Guest home in El Granada,2600757,Melanie,,Unincorporated Areas,37.50145,-122.46474,Entire home/apt,180,2,25,7/6/25,1.12,1,153,11,
9809337,Ultimate Cottage Getaway 5 minutes to SFO Airport!,50523476,Pamela,,San Mateo,37.57247,-122.32293,Entire home/apt,358,1,0,,,1,365,0,
9809925,CORONADO APT  I. Major Monthly Discounts 1.,30545092,Ralph,,Unincorporated Areas,37.50278,-122.47158,Entire home/apt,253,3,3,3/19/25,0.03,4,90,1,
9925496,Artist's ocean view retreat,34329354,Terry,,Unincorporated Areas,37.59174,-122.51106,Entire home/apt,365,1,536,9/14/25,4.53,1,78,55,
9927352,Cool Private Room ;OBS: CHECK OUT 1,49444995,Cleusenir,,South San Francisco,37.64188,-122.45063,Private room,,30,100,11/25/18,0.84,2,0,0,
9953594,Home sweet home,1126048,Margareth & Marcos,,San Mateo,37.5592,-122.32032,Private room,101,1,49,6/11/22,0.42,3,0,0,
9956930,"Beautiful House in Menlo Park, Bedroom 1",51165658,Gurinder,,Unincorporated Areas,37.46837,-122.16477,Private room,145,2,31,6/25/24,0.28,3,203,0,
10061311,A QUIET LARGE FRESH LIVING ROOM,49444995,Cleusenir,,South San Francisco,37.64181,-122.44882,Private room,,1,12,3/24/18,0.1,2,0,0,
10062494,2BR/1BA House Big Backyard Walk to Dntwn&Cal-Train,33605146,Rony,,San Carlos,37.50987,-122.26029,Entire home/apt,216,15,57,7/24/24,0.49,1,208,0,
10121275,"4-5 bedrm, 4-5 bath luxury home with pool, hot tub",44799882,Matt,,Burlingame,37.57802,-122.39133,Entire home/apt,895,3,3,7/26/25,0.07,5,349,2,
10250014,Stylish Separate Loft/Cottage Walk to Redwood City,46858016,Anne,,Redwood City,37.48406,-122.24309,Entire home/apt,156,1,556,9/19/25,4.7,1,263,37,
10260266,Super clean gated property (new construction),52750248,Wan Hong,,San Mateo,37.57341,-122.32476,Entire home/apt,340,3,142,8/12/25,1.3,2,359,15,
10329859,Gorgeous 2 bdroom/parking/weekly Housekeeping,15032418,Gregory,,Hillsborough,37.54352,-122.35513,Entire home/apt,266,30,87,9/14/25,0.75,1,74,9,
10340515,Guest House in Serene Hillsborough,19307963,Daniel,,Hillsborough,37.57674,-122.36361,Entire home/apt,,1,0,,,1,0,0,
10388973,SF private Unite with parking.,29902656,Zack,,Daly City,37.68822,-122.46288,Private room,88,2,356,8/12/25,3.06,6,88,3,
10391007,Vibrant & Clean One Bedroom House in Redwood City☀️,53495207,Chris,,Unincorporated Areas,37.4695,-122.20988,Entire home/apt,166,30,106,7/28/25,2.12,2,142,10,
10467127,Relax in Old World Charm: Nurses discount,53937744,Alex,,Burlingame,37.583,-122.3737,Private room,100,1,203,9/17/25,1.72,2,179,6,
10503669,Burlingame Hills Gem- 1Bdr,16746040,Marina,,Unincorporated Areas,37.5786,-122.38729,Entire home/apt,149,30,46,12/24/24,0.39,1,345,1,
10521394,Family Friendly House,54236960,Rebecca And Jerome,,Redwood City,37.47059,-122.24225,Entire home/apt,367,3,22,6/18/24,0.19,1,355,0,
10559413,Charming Studio,54460644,Gracie,,Redwood City,37.48573,-122.2476,Entire home/apt,190,1,199,9/19/25,1.73,2,363,13,
10572641,Montara Ocean View  Suite,54536447,James,,Unincorporated Areas,37.53726,-122.51585,Entire home/apt,167,2,232,9/14/25,2.1,1,342,19,
10594810,Vintage Trailer in Menlo Park,13342990,Soni,,Menlo Park,37.46106,-122.162541,Private room,68,1,336,9/19/25,2.87,1,160,27,
10597505,Rm Burlingame Nurses discountClose to Hospital/SFO,53937744,Alex,,Burlingame,37.583,-122.3737,Private room,100,1,51,6/7/25,0.47,2,89,3,
10616101,Beautiful Beach House steps from the Beach,11071025,Teresa And Glenn,,Unincorporated Areas,37.50007,-122.46282,Entire home/apt,300,4,87,8/10/25,0.81,1,221,11,
10629664,OCEAN views in SAN FRANCISCO Bay Area & RV PARKING,54867976,Marci,,Pacifica,37.632885,-122.482079,Entire home/apt,375,1,78,7/13/25,0.67,1,267,3,
10649215,Large 3 Bedroom House in South SF,20805656,Nadra,,South San Francisco,37.64738,-122.43282,Entire home/apt,,4,33,7/1/22,0.28,1,0,0,
10656746,Baytree Bungalow.,2632332,Christopher,,San Carlos,37.50083,-122.25765,Private room,90,2,276,9/10/25,2.42,1,161,25,
10661189,Cozy Private Room Close to Airport & Downtown SF,48540029,Franco,,South San Francisco,37.6469,-122.45676,Private room,,1,0,,,3,0,0,
10674950,"Spacious, Private, Studio Guesthouse",55141694,Stephanie,,Atherton,37.46716,-122.19344,Entire home/apt,230,2,147,9/17/25,1.25,1,6,7,
10704572,Daly City Bunk-bed style # 1,29902656,Zack,,Daly City,37.68822,-122.46288,Shared room,35,3,105,6/14/25,0.9,6,365,4,
10705003,FURNISHED Gorgeous Views and Prime Location,13832870,International,,San Mateo,37.54932,-122.33948,Entire home/apt,343,30,0,,,1,330,0,
10705404,Comfy bed in Shared room # 2,29902656,Zack,,Daly City,37.68822,-122.46288,Shared room,39,3,64,8/21/25,0.59,6,344,9,
10730701,Modern French Country Style Home,55430504,Yonten,,Menlo Park,37.43633,-122.19274,Entire home/apt,798,3,183,8/10/25,1.6,4,350,19,
10731085,Large Home with great location,8480790,Liz & Eric,,Redwood City,37.46976,-122.23951,Entire home/apt,,3,4,5/19/17,0.04,1,0,0,
10746664,"Cottage near dwntwn Palo Alto, Stanford, Face-book",27925111,Lesley,,Menlo Park,37.4598,-122.15332,Entire home/apt,259,3,152,8/11/25,1.3,1,145,4,
10755975,Redwood Forest Casita,18600100,Kimberly,,Redwood City,37.48677,-122.24929,Entire home/apt,,2,2,8/10/22,0.04,1,0,0,
10767456,"Quiet, lovely 3BR home in San Carlos",18174151,Ann,,San Carlos,37.49695,-122.25333,Entire home/apt,309,4,93,8/21/25,0.8,1,21,5,
10770889,★ Warm & Cozy  ★ Big Closet ★ W/D ★ Dog ★,2147340,Lydia,,Redwood City,37.4749,-122.23105,Private room,66,30,87,6/19/25,0.76,1,297,2,
10808594,4500 sq. 5x4. Great location.,55954872,Eric,,Unincorporated Areas,37.57398,-122.39056,Entire home/apt,,3,0,,,1,0,0,
10809377,The best house near SFO,36728879,Janet,,Daly City,37.65223,-122.46259,Entire home/apt,127,1,555,9/18/25,4.76,1,114,78,
10810430,"2 Bedroom Home, Parking and Views of SF and Ocean!",1221565,Lisa,,Daly City,37.7022,-122.45631,Entire home/apt,239,30,10,1/15/19,0.11,2,362,0,
10825215,Super Bowl! City AND Beach-Modern!,56050648,Kristen,,San Bruno,37.63633,-122.46224,Entire home/apt,,2,0,,,1,0,0,
10835923,Modern Stanford Studio Within Easy Reach of Tech G,25171215,Juergen,,East Palo Alto,37.46181,-122.13545,Entire home/apt,,2,309,5/25/25,2.84,4,0,2,
10840300,Large private master suite in beautiful setting,13799720,Rich,,Unincorporated Areas,37.46634,-122.26465,Private room,180,2,17,2/27/20,0.19,2,179,0,
10876903,Garden Cottage in Pedro Point,31226760,Jim,,Pacifica,37.59239,-122.50804,Entire home/apt,,30,22,1/19/18,0.21,1,0,0,
10887585,Beautiful Quiet Redwood City Home,814060,Gerson R,,Redwood City,37.4704,-122.25344,Entire home/apt,336,1,21,5/24/24,0.18,1,365,0,
10929696,Executive Dream House (Sleeps 8-13),56662619,Ernesto & Judy,,Redwood City,37.48708,-122.2204,Entire home/apt,268,1,214,8/21/25,1.85,2,289,15,
10994257,Room near SFO/Bart/SF/Airport,37850705,Rakesh & Menuka,,Daly City,37.69376,-122.46068,Private room,,25,352,2/1/20,3,1,0,0,
11018668,"Le Petit Manoir, RWC, CA, 1 BR, 1 Gst, $97/nt",17681737,Sharon,,Redwood City,37.54305,-122.23859,Private room,,3,29,7/19/19,0.26,1,0,0,
11021251,"Long Term Guests-By SFO, BART, CalTrain",57187699,Sonja,,San Mateo,37.56022,-122.3296,Private room,131,31,53,8/23/25,0.47,2,89,2,
11062868,Single Room Available in Daly City,57295961,Angelita,,Daly City,37.67457,-122.48418,Private room,,1,0,,,1,0,0,
11145178,Walking distance to Stanford. Quiet,1592310,Baris,,Menlo Park,37.42797,-122.19697,Private room,155,1,108,9/18/25,0.94,3,342,20,
11158249,West Menlo Park Luxurious Executive Home 4050sqft,58028335,Mehrdad,,Unincorporated Areas,37.43577,-122.2046,Entire home/apt,533,1,236,9/4/25,2.73,2,307,26,
11223588,"Long Term-Private bed/bath. SFO, BART, Train",57187699,Sonja,,San Mateo,37.56021,-122.3301,Private room,100,31,29,8/9/25,0.25,2,180,1,
11227417,"Private Room, Pool and View in a Beautiful House",58513388,Monica,,San Carlos,37.51244,-122.27899,Private room,99,2,11,7/20/21,0.11,1,87,0,
11283610,Got Stanford?,30494927,Thomas,,East Palo Alto,37.46008,-122.12946,Private room,55,30,14,3/31/25,0.12,2,232,2,
11373063,House share near Stanford,30494927,Thomas,,East Palo Alto,37.46014,-122.1297,Private room,56,2,20,9/2/25,0.18,2,235,1,
11422689,Home Sweet Home 1,1126048,Margareth & Marcos,,San Mateo,37.56017,-122.31919,Private room,91,1,43,5/9/22,0.46,3,0,0,
11438354,Delightful Villa Near Stanford,60107331,Keith,,Menlo Park,37.44551,-122.18136,Entire home/apt,,60,0,,,1,0,0,
11498738,Spacious room,60562592,Oswaldo,,East Palo Alto,37.46666,-122.14714,Private room,70,1,169,9/19/24,1.46,4,313,0,
11590540,Beautiful 1 BD at Central Peninsula,27891895,Wenhao,,San Mateo,37.54135,-122.29459,Entire home/apt,290,2,1,5/22/16,0.01,2,361,0,
11638165,Separate entry room near Stanford,61690079,Teresa,,Woodside,37.4369,-122.23427,Entire home/apt,140,1,455,9/16/25,3.94,1,255,27,
11769801,Highly Rated! Mod Cottage on Urban Farm,251101,Sarah,,East Palo Alto,37.46337,-122.149,Entire home/apt,284,2,267,8/15/25,2.96,1,345,21,
11827107,Room furnished,60562592,Oswaldo,,East Palo Alto,37.4673,-122.1481,Private room,72,1,114,9/18/25,0.98,4,359,2,
11926424,Charming family house in a Great location,47740927,Leonid,,Belmont,37.53391,-122.26687,Entire home/apt,450,14,12,12/30/18,0.11,1,132,0,
12068682,Master Bedroom For 2 guests with Spacious Bathroom,64663043,Lea,,San Carlos,37.48276,-122.26145,Private room,92,2,361,3/8/20,3.13,1,301,0,
12175787,Walk to downtown Palo Alto!,65417806,Noel,,Menlo Park,37.45746,-122.14943,Entire home/apt,1188,2,20,10/27/24,0.18,1,338,1,
12288248,Two Room Suite with Waterview,37850778,Li,,Redwood City,37.53495,-122.24956,Private room,90,30,1,5/7/22,0.02,4,87,0,
12290839,Large Master Bedroom with Private Bathroom,35338481,Josephine,,Daly City,37.66761,-122.47033,Private room,63,30,72,8/29/23,0.63,1,365,0,
12519145,BRAND NEW Designer 2bedroom 1Bath 6mins to SFO.,53876151,Xueyi,,Millbrae,37.60257,-122.41776,Entire home/apt,196,31,8,2/16/20,0.07,1,270,0,
12525192,Bayview Executive Villa | 5BR | Pool | Near SFO,14091111,Carissa,,Burlingame,37.58487,-122.39266,Entire home/apt,855,3,171,7/19/25,1.51,3,258,10,
12543356,Private Room For Two. Near Stanford,1592310,Baris,,Unincorporated Areas,37.42976,-122.19691,Private room,144,1,84,8/31/25,0.74,3,340,10,
12577505,home SUITE home in San Mateo,6330481,Sherry,,San Mateo,37.56435,-122.28568,Entire home/apt,161,30,14,8/9/25,0.12,1,327,2,
12681582,Quiet 2 Bd/2 Ba Cottage w/ Lg Garden- Sanitized,92529,Joanie,,Unincorporated Areas,37.47837,-122.19857,Entire home/apt,370,3,61,9/21/25,0.55,1,347,13,
12743195,* 2BR REMODEL w/ Vaulted Ceilings *,5196269,JT On Behalf Of,,Redwood City,37.47244,-122.22975,Entire home/apt,430,1,0,,,1,365,0,
12753877,"Walk to beach, 20 mins to San Mateo",603144,Craig & Meggie,,Half Moon Bay,37.45789,-122.43921,Entire home/apt,,30,47,3/12/23,0.41,1,0,0,
12783229,Creekside serenity,69565913,Ginger,,Unincorporated Areas,37.41576,-122.19005,Entire home/apt,155,30,183,9/11/25,1.78,1,88,3,
12808843,Woodsy Silicon Valley Cottage,29570261,Hilary,,Unincorporated Areas,37.34445,-122.1997,Entire home/apt,177,3,206,9/22/25,1.81,1,220,19,
12810714,Studio near Harbor/Half Moon Bay,25045872,Leigh Ann,,Unincorporated Areas,37.50523,-122.47536,Entire home/apt,101,1,482,9/19/25,4.23,1,336,49,
12856328,Secluded Woodside mountain home,70232098,Gerlinde,,Unincorporated Areas,37.44555,-122.3335,Entire home/apt,,7,0,,,1,0,0,
12887607,Lovely house by the bay with free parking,70438642,Yun,,Foster City,37.54514,-122.27627,Entire home/apt,428,2,167,9/16/22,1.47,1,207,0,
12991169,The Atherton Estate Near Stanford,22124692,Jason,,Atherton,37.44072,-122.21473,Entire home/apt,,2,34,9/10/20,0.3,1,0,0,
13063428,Business Traveler’s Silicon Valley Oasis,72366362,Jennivine,,San Mateo,37.54234,-122.3051,Private room,65,30,22,8/10/24,0.29,1,349,0,
13238460,Private Room For One. Near Stanford and SLAC,1592310,Baris,,Menlo Park,37.42852,-122.19697,Private room,142,1,109,9/17/25,0.98,3,140,13,
13295302,Elegant & Convenient RWC Studio,56662619,Ernesto & Judy,,Redwood City,37.48555,-122.22042,Entire home/apt,118,1,124,7/27/25,1.11,2,301,5,
13315944,Detached Guest House With Views,36051777,Emily,,Unincorporated Areas,37.47700568,-122.2559721,Entire home/apt,151,2,176,6/8/24,1.57,1,157,0,
13318126,A cozy cottage in the middle of Silicon Valley.,71126657,Becky,,Redwood City,37.48209,-122.18894,Private room,67,3,98,3/8/25,0.87,1,127,5,
13347921,* Beachfront Paradise * with Direct Beach Access,75648966,Susan,,Unincorporated Areas,37.49582,-122.46148,Entire home/apt,663,2,315,9/7/25,2.82,1,320,29,
13377335,Luxury 3br/2.5ba Resort-Like Living Year Round!,76003031,Carissa,,Foster City,37.54481,-122.26046,Entire home/apt,,25,16,8/6/17,0.14,1,0,0,
13437202,Newly renovated Spanish Style 2BR/2.5BA Near Town,650456,Raziel,,Burlingame,37.58379,-122.36152,Entire home/apt,,2,179,10/29/23,1.6,1,0,0,
13494649,Light and cozy place with views,76758445,Sergey,,Belmont,37.5168,-122.30317,Entire home/apt,,14,2,8/9/24,0.02,1,0,0,
13497152,Near Stanford- Brand New 2bed/1bath,25826187,Hanxi Zhang,,Menlo Park,37.45338,-122.17087,Entire home/apt,184,4,95,5/20/25,0.86,2,303,8,
13589117,Silicon Valley Guest House with Pool,78483634,Kolja,,San Carlos,37.50572,-122.28621,Entire home/apt,,1,315,2/23/20,2.79,1,0,0,
13603416,new house level2,78681619,Mingyue,,Daly City,37.70656,-122.45981,Entire home/apt,228,2,8,9/28/18,0.07,3,75,0,
13603717,Level 3,78681619,Mingyue,,Daly City,37.70792,-122.45964,Entire home/apt,270,2,15,7/25/23,0.13,3,76,0,
13607511,Beautiful Home + Tropical Relaxing Yard w/ Hot Tub,74511163,Stacee,,South San Francisco,37.66291,-122.43123,Entire home/apt,372,3,45,7/27/25,0.4,2,126,8,
13625963,Montara Retreat,17886438,Julie,,Unincorporated Areas,37.54195,-122.50466,Private room,406,3,5,8/23/19,0.05,1,173,0,
13661054,[[[Cool]]] Panoramic Master Studio,22267913,Henry,,Daly City,37.70608,-122.46319,Entire home/apt,75,30,134,9/2/25,1.2,5,365,4,
13661253,Cozy Bedroom with a Private Bathroom,62572490,Yuen,,San Bruno,37.63961,-122.46165,Private room,77,1,781,9/22/25,6.94,1,311,89,
13661411,[Nice] Studio apartment near Daly City Bart,22267913,Henry,,Daly City,37.70489,-122.46326,Entire home/apt,60,30,85,2/28/25,0.76,5,331,2,
13692796,Jacuzzi tub- 10min to SFO; 20min to SF,23093819,Matthew Lok Kin,,San Bruno,37.61874,-122.41037,Entire home/apt,145,2,248,9/9/25,2.21,3,260,5,
13746106,Beautiful and Private Modern Cottage Close to Silicon Valley,17690151,Linda,,Redwood City,37.48301,-122.24464,Entire home/apt,243,2,258,9/18/25,2.3,3,48,15,
13902041,Engineering Home at Silicon Valley (l),26076586,Pingping,,Menlo Park,37.47645,-122.15564,Private room,133,7,5,5/12/19,0.04,1,114,0,
13943254,South San Francisco Micro-studio/Near Laundromat,2993862,Andrew,,South San Francisco,37.6554,-122.41377,Entire home/apt,,30,159,5/30/22,1.43,3,0,0,
14011858,Private Studio in central BayArea location,75022898,Michael,,Belmont,37.51226,-122.31183,Entire home/apt,113,2,61,5/16/25,0.55,1,205,4,
14069879,"Large Master Bedroom nr Stanford, Free Parking",34349063,Wenling,,Menlo Park,37.42583,-122.19625,Private room,252,2,0,,,1,365,0,
14090498,SF Bay Area Hostel Style,29902656,Zack,,Daly City,37.68823,-122.46296,Shared room,35,3,76,1/12/25,0.68,6,359,1,
14124748,Stay in an executive villa near Stanford/Palo Alto,5779201,Sophia,,Redwood City,37.47344,-122.25843,Private room,77,1,63,5/18/25,0.6,2,179,10,
14156310,Glamping in the redwoods - Waldhaus at La Honda,85575522,Wendy,,Unincorporated Areas,37.27173,-122.21647,Entire home/apt,858,2,156,9/14/25,1.41,1,309,12,
14247007,Living in a park,37092439,Jian,,Foster City,37.53469,-122.26583,Private room,61,1,120,9/21/25,1.08,2,311,28,
14267950,Mid Century Modern Living w/Pool,21041400,Azadeh,,Unincorporated Areas,37.46556,-122.16651,Entire home/apt,800,5,28,8/1/25,0.26,1,78,1,
14276573,Bicycle Shack @ La Honda Pottery,87073173,Devora,,Unincorporated Areas,37.32058,-122.27166,Entire home/apt,102,2,452,9/21/25,4.07,1,298,45,
14316355,Charming home with share bath Room,54429355,Alan,,East Palo Alto,37.46878,-122.12817,Private room,46,5,28,8/24/25,0.25,3,330,6,
14390856,Cozy Queen Bath SF skyline views,10770504,Rebecca,,Daly City,37.70531,-122.43509,Private room,48,30,175,4/2/25,1.58,2,271,4,
14450775,Seaside Retreat - newly remodeled!,34668496,Mary-Anne,,Unincorporated Areas,37.5023,-122.46954,Entire home/apt,190,2,332,9/3/25,3.03,2,34,25,
14453697,Full house,78681619,Mingyue,,Daly City,37.70709,-122.45973,Entire home/apt,611,2,58,6/26/25,0.53,3,75,4,
14674810,"Light filled, quiet guest room in Atherton",31697957,Jennifer,,Atherton,37.46971,-122.19363,Private room,144,1,114,9/19/25,1.04,1,167,8,
14819627,Brand New Modern 4BR/4BA Retreat w/ Backyard & gym,7067820,Noushin,,Redwood City,37.45831339,-122.253962,Entire home/apt,822,3,0,,,1,269,0,
14841891,Amazing Room in Palo Alto,92874230,Izamar,,East Palo Alto,37.46896,-122.14251,Private room,,1,11,3/8/20,0.1,1,0,0,
14872962,Private guesthouse in between Palo Alto & SF,23028207,Chin,,Hillsborough,37.55041,-122.37236,Entire home/apt,116,30,41,8/18/25,0.38,1,362,1,
14934801,Cabo San Pedro - penthouse - Stunning Ocean Views,73403288,Angel,,Pacifica,37.5947,-122.51171,Entire home/apt,186,1,319,8/30/25,2.99,2,90,32,
14936416,Top Floor Beautiful Master bedroom suite next SFO,93953885,Lina,,South San Francisco,37.64696,-122.42775,Private room,95,1,89,9/6/25,0.81,5,359,11,114910
14954264,"Queen size bed private bedroom, near SFO & Bart",93953885,Lina,,South San Francisco,37.64612,-122.42606,Private room,65,1,163,9/18/25,1.48,5,269,9,
14954896,Private Bedroom Queen size bed mins away from SFO,93953885,Lina,,South San Francisco,37.64476,-122.42624,Private room,68,1,192,9/19/25,1.75,5,266,12,114910
14971411,"Comfy Single twin beds, near SFO",93953885,Lina,,South San Francisco,37.64474,-122.42733,Private room,48,1,235,9/4/25,2.14,5,263,17,
15072622,Private Modern Studio & Patio with stunning views,6654158,Deepa,,San Carlos,37.48626,-122.28754,Entire home/apt,130,1,60,9/24/25,2.65,1,76,34,
15194509,Comfy full size bed,93953885,Lina,,South San Francisco,37.64661,-122.42802,Private room,58,1,191,9/11/25,1.75,5,257,15,
15205943,Clean&Cozy Cottage near downtown Burlingame & SFO,10849042,Debbie,,Burlingame,37.5868,-122.35765,Entire home/apt,149,2,329,9/21/25,3.01,1,47,28,
15222956,Cottage-Walk to Beach & coastal trails-near Harbor,62182390,Shirley,,Unincorporated Areas,37.50055,-122.46024,Entire home/apt,135,1,526,9/24/25,4.85,1,25,60,
15237189,Spacious 4BR Home w/ Stunning Views Near SF,118256004,Kristina,,South San Francisco,37.66544,-122.40782,Entire home/apt,214,2,179,9/10/25,3.86,3,204,44,
15250456,Private Elegant Studio in Silicon Valley,10649075,Antoine,,Redwood City,37.4695,-122.25385,Entire home/apt,109,3,118,9/21/25,1.08,2,54,8,
15258081,Convenient Silicon Valley Retreat,74546532,Bernadette,,Redwood City,37.45901,-122.22381,Private room,68,2,207,9/17/25,1.92,1,38,11,
15273698,Comfortable private room . Excellent location!,97184976,Tere,,Redwood City,37.48419,-122.23291,Private room,104,1,498,9/22/25,4.57,1,252,55,
15274203,Private Cottage near Redwood City and San Carlos Downtowns,4930608,Nicholas David,,Redwood City,37.4922,-122.24301,Entire home/apt,,2,113,1/1/25,1.07,2,0,1,
15355706,Comfy Bed in Shared room # 1,29902656,Zack,,Daly City,37.68823,-122.46296,Shared room,37,3,31,7/22/25,0.29,6,342,4,
15438649,Montara Beach House ~ Top 5% Homes Worldwide,65158206,Judy Blair,,Unincorporated Areas,37.54209,-122.51333,Entire home/apt,261,2,342,9/21/25,3.14,2,57,34,
15512753,"Studio G - Garden Views, Walk to Pillar Pt Harbor!",6015828,Babz,,Unincorporated Areas,37.51006,-122.48246,Entire home/apt,178,2,309,9/20/25,2.84,1,178,17,
15515207,Backyard Private Cottage with FREE Parking,93024298,Ruiying,,Daly City,37.6791,-122.48016,Entire home/apt,72,2,158,9/15/25,1.46,2,17,49,
15533559,Charming Mid-SF Peninsula Suite sleeps 2-4,99914730,April,,San Mateo,37.53403,-122.31908,Private room,113,2,172,8/10/25,1.59,1,295,21,
15701322,Adorable San Carlos Home - Work From Home Ready,101384047,Shari,,San Carlos,37.51088,-122.26322,Entire home/apt,,4,31,12/26/23,0.29,1,0,0,
15720745,Half Moon Bay Coastal Home Walk Beach & Harbor SPA,86943660,Nancy,,Unincorporated Areas,37.50604,-122.47453,Entire home/apt,529,3,372,9/14/25,3.46,1,277,38,
15748011,"Tranquil garden cottage, next to Stanford, FB",17878531,Lawrence And Bin,,Menlo Park,37.45915,-122.17123,Entire home/apt,175,2,347,9/6/25,3.23,1,113,47,
15757065,Craftsman bungalow near downtown San Mateo,2841305,Eric,,San Mateo,37.57156,-122.32088,Entire home/apt,,3,21,8/7/23,0.2,1,0,0,
15760768,Hill Top Oasis with Panoramic Views and Mid-Century Flair,101905057,William,,Daly City,37.70724,-122.4633,Entire home/apt,,30,377,8/12/25,3.49,1,24,50,
15816277,Charming Room in Heart of Silicon Valley,54429355,Alan,,East Palo Alto,37.46671,-122.12862,Private room,58,3,44,8/29/25,0.41,3,85,5,
15858965,Mountain Retreat,99798008,Pamela,,Woodside,37.38592,-122.25812,Entire home/apt,115,2,178,9/10/25,1.74,1,18,9,
15943581,Comfortably elegant home in Redwood City,31202975,Erik,,Unincorporated Areas,37.45383,-122.22467,Entire home/apt,,42,4,6/17/18,0.04,1,0,0,
16020192,Ocean-front 3+2 Retreat in Moss Beach - VIEWS,23022545,Jim,,Unincorporated Areas,37.52527,-122.51489,Entire home/apt,432,60,115,6/1/24,1.07,1,89,0,
16026858,Bright private one bedroom with bath in townhome,23047568,Zen,,San Mateo,37.56556,-122.30757,Private room,88,2,24,5/25/25,0.62,1,167,16,
16043125,Redwood Retreat,27426882,Marty,,Unincorporated Areas,37.45099,-122.33765,Private room,125,2,4,10/18/24,0.04,1,89,1,
16256263,=Luxury Romantic Yacht 8min to SFO=,7969816,Jay,,Unincorporated Areas,37.62468,-122.37376,Entire home/apt,129,28,16,7/31/19,0.15,1,179,0,
16283077,Stunning Oceanview Coastal Home Beach Trails,3699159,Andreia,,Unincorporated Areas,37.54542,-122.51374,Entire home/apt,161,1,401,9/1/25,3.84,14,317,49,
16299270,Fully Furnished Cozy Atherton Cottage,106435046,Grant,,Atherton,37.44123,-122.22016,Entire home/apt,133,14,16,8/30/25,0.16,1,292,6,
16309744,Share *BEACH HOME* welcome longer stays,97684664,Chantal,,Pacifica,37.59075546,-122.5004272,Private room,69,30,18,6/1/25,0.22,2,289,2,
16348980,Your home away from home,107049083,Olga,,Redwood City,37.53676,-122.25374,Entire home/apt,139,21,6,7/17/21,0.06,1,271,0,
16467832,Cozy House 4BR/3BA with Laundry & Garage Parking,59539088,Ina,,San Mateo,37.57089669,-122.3165177,Entire home/apt,268,2,170,9/12/25,1.6,1,241,37,
16469130,Breakaway Farm B&B,59975086,Leslie,,Unincorporated Areas,37.22798,-122.40713,Private room,175,1,371,4/1/25,3.49,1,172,12,
16620507,"San Mateo, Private room and bath",67808653,Roberta,,San Mateo,37.54875,-122.29451,Private room,71,30,17,8/10/25,0.25,1,298,2,
16652150,Relaxation Refuge,110077428,Mariah,,San Mateo,37.58152,-122.33189,Entire home/apt,,10,0,,,1,0,0,
16726947,Spacious Luxury 3BR Home | Modern comfort.,9176965,Aida,,East Palo Alto,37.47142,-122.13716,Entire home/apt,237,1,271,9/23/25,2.63,1,333,38,
16757262,Cozy place to stay in Brisbane,38102005,Michelle,,Brisbane,37.6812,-122.40251,Private room,200,1,0,,,1,364,0,
16815870,"Super Comfortable bed w/private bath, quiet home.",6589715,Lee,,San Carlos,37.48751,-122.2619,Private room,82,2,99,8/2/25,0.94,2,218,13,
16838534,Main Lodge at Venture (Temporarily Unavailable),112089094,Janelle,,Unincorporated Areas,37.21945,-122.34602,Entire home/apt,,2,59,12/30/22,0.58,10,0,0,
17174321,Luxury 4BD (3B+Bus)/3BA Home in San Mateo Near SFO,115544213,Yu,,San Mateo,37.55005,-122.31645,Entire home/apt,,365,53,11/9/18,0.51,1,0,0,
17218015,New Close to SF SFO Upstairs 3 B/2B Free parking,97542334,Jing,,Daly City,37.68984841,-122.4598622,Entire home/apt,233,1,81,8/18/25,2.64,2,336,21,
17344023,Suncin Residence,117157710,Ben,,Daly City,37.69351,-122.4941,Private room,85,2,104,8/4/25,1.02,1,179,1,
17345548,Cozy San Mateo home /  Near SFO Airport,117176799,Vilma,,San Mateo,37.57245,-122.32055,Entire home/apt,222,1,360,9/17/25,3.47,1,132,35,
17414239,DIBS,31448877,Henry,,Daly City,37.70709,-122.46319,Entire home/apt,,1,164,9/26/21,1.58,2,0,0,
17480604,New Remodel 2 Bedroom Home,38604302,Maria,,San Mateo,37.52811,-122.29754,Entire home/apt,,31,50,11/5/19,0.48,2,26,0,
17500314,West Menlo family home,118607707,Corinne,,Unincorporated Areas,37.43641,-122.20032,Entire home/apt,,3,28,7/26/25,0.28,1,0,1,
17527970,Private 1 bedroom suite for quick SFO trip withA/C,34347739,Christine Hong,,Millbrae,37.60742,-122.40422,Entire home/apt,90,1,752,9/7/25,7.33,2,172,118,
17574451,Luxury Guesthouse in the heart of Silicon Valley,3180292,Alicia,,Menlo Park,37.45928,-122.18858,Entire home/apt,220,5,158,8/29/25,1.54,1,305,11,
17655496,"Guesthouse near Stanford, Palo Alto, Menlo Park",100089949,Emily,,Atherton,37.47339,-122.17583,Entire home/apt,,2,126,4/30/25,1.21,1,82,4,
17681025,"Cozy bedroom with beautiful bay view, SFO 10 min",8563346,Haiyuan,,San Bruno,37.60893,-122.42973,Private room,104,2,106,9/14/23,1.03,1,269,0,
17778645,2 Bedroom Treehouse Cottage,7698437,William,,Belmont,37.52036,-122.29526,Entire home/apt,145,2,205,5/31/25,2.02,1,317,3,
17850081,Fabulous Short term home rental,122134234,Maria Aida,,San Bruno,37.61504,-122.40618,Entire home/apt,402,2,24,4/18/25,0.26,1,327,2,
17903341,"Redwood City, Menlo Park, Private Room2 Good Price",119178246,Mirta,,Unincorporated Areas,37.47051,-122.2086,Private room,86,3,41,6/26/24,0.4,2,211,0,
17976212,Take 5 on the Plant-Filled Veranda of an Arty Studio,152136713,Evelyn,,Daly City,37.702265,-122.4914443,Entire home/apt,133,2,943,8/30/25,9.18,2,162,56,
17982721,❤️ Large Modern Luxurious Villa Near SFO,23939312,Kenny,,San Mateo,37.57079,-122.30708,Entire home/apt,523,30,182,6/23/25,1.79,6,270,10,
18095063,Serene Studio with Private Entrance and Yard,7155983,Petr,,Redwood City,37.47842,-122.23822,Entire home/apt,161,5,157,9/1/25,1.53,1,247,12,
18152430,Pretty home away from home,90842347,SAdaf,,Belmont,37.50959,-122.2945,Private room,,2,5,2/14/20,0.05,1,0,0,
18224772,A true gem…comfortable and quiet. Walk to beach.,125587981,Celina,,Pacifica,37.60496,-122.4873,Entire home/apt,305,2,214,9/21/25,2.1,1,336,18,
18315183,PRIVATE ENTRY/BATHROOM~Peaceful Oceanview Backyard,65158206,Judy Blair,,Unincorporated Areas,37.54014,-122.51324,Private room,,1,74,8/24/25,0.72,2,0,1,
18431126,"Beautiful Home - 4 Bedroom, 3 Bath - 2 Car Garage",123108199,Juan,,East Palo Alto,37.4727,-122.15347,Entire home/apt,,4,88,1/13/23,0.86,2,0,0,
18466199,Fresh new 2BR in-law unit with private entrance,7056943,Christopher,,San Bruno,37.61363,-122.43438,Entire home/apt,140,3,179,9/5/25,1.76,1,258,15,
18489602,[DC] 1BD/1Bath Private Flat near SF,22267913,Henry,,Daly City,37.70481,-122.46332,Entire home/apt,80,30,57,8/2/25,0.56,5,353,2,
18525665,Sparkling clean guesthouse close to everything,128603217,Stephen,,Redwood City,37.47478,-122.23393,Entire home/apt,,2,217,9/18/25,2.13,1,0,10,
18567674,Private Quiet Studio Retreat,249629,Stephen,,Redwood City,37.46102,-122.23862,Entire home/apt,131,5,73,8/10/25,0.72,1,251,9,
18601680,"Beautiful House in Menlo Park, Bedroom 2",51165658,Gurinder,,Unincorporated Areas,37.46604,-122.16585,Private room,118,2,57,8/9/24,0.56,3,304,0,
18722001,Spacious Room with Awesome People!,23296747,Sharon,,Menlo Park,37.47256,-122.15606,Private room,76,25,2,11/1/24,0.02,2,263,1,
18752697,Take 5 on the Veranda at a Fresh Pad,19357996,Marko,,San Mateo,37.53272,-122.29766,Private room,65,30,32,5/11/25,0.32,6,296,1,
18757761,Private Self Checkin Apartment 7 mins to SFO,28019694,Nathan,,San Bruno,37.61276,-122.40338,Entire home/apt,129,2,465,9/13/25,4.57,1,349,17,
18809455,San Mateo Getaway Private 2 Bedroom,130947047,Lei Anna,,San Mateo,37.5289,-122.30892,Entire home/apt,158,2,340,9/16/25,3.45,1,27,29,
18815182,Cozy Comfortable Room with View of Ocean!,1821283,Brenda Marie,,Unincorporated Areas,37.5295639,-122.5136566,Private room,95,30,4,11/19/17,0.04,3,110,0,
18859768,Super cute spot in awesome Half Moon Bay location,131403299,Tori,,Unincorporated Areas,37.49552,-122.45823,Entire home/apt,165,2,177,8/31/25,1.77,1,251,3,
18879351,❤️ Amazing! 2B/2B with a leisure garden.,23939312,Kenny,,Foster City,37.56391,-122.25266,Entire home/apt,265,30,189,7/27/25,1.88,6,268,13,
18958923,"Menlo Park Modern, Home Away From Home",117222759,Angela,,Menlo Park,37.45188,-122.16715,Entire home/apt,,1,25,1/18/25,0.25,1,0,4,
18962279,"Modern studio w/bath+kitchen. Stanford, Faceb00k",25171215,Juergen,,East Palo Alto,37.46331,-122.1371,Entire home/apt,,2,148,11/30/24,1.47,4,0,1,
18980047,Neat bedroom Shared bathroom Near Downtown,132403041,Susana,,San Mateo,37.56907,-122.32584,Private room,59,90,6,8/31/25,0.06,1,364,1,
18999348,A private beachy pad in Montara,1494535,Rachael,,Unincorporated Areas,37.54214,-122.50817,Entire home/apt,133,1,359,9/18/25,3.63,1,236,61,
19103119,The GreenHouse (south room),5887822,Dan,,Pacifica,37.63563,-122.48248,Private room,51,1,182,9/17/25,1.81,2,236,9,
19111420,Clean & Comfy 1BR in Menlo Park,30283594,Global Luxury Suites,,Menlo Park,37.48627,-122.18354,Entire home/apt,,1,2,10/17/17,0.02,28,365,0,
19115182,High End 2-BR Menlo Park + Modern Amenities!,30283594,Global Luxury Suites,,Menlo Park,37.48627,-122.18354,Entire home/apt,521,1,6,8/16/20,0.07,28,261,0,
19115703,"Space, Style & Privacy! Luxury 2BR in Menlo Park",30283594,Global Luxury Suites,,Menlo Park,37.48627,-122.18354,Entire home/apt,439,1,9,8/8/23,0.12,28,261,0,
19138475,Sunny Comfortable Furnished 3-Bed/2-Bath Home,10649075,Antoine,,Redwood City,37.46868,-122.25382,Entire home/apt,,14,4,7/21/18,0.04,2,0,0,
19247541,Stay Nestled in Ancient Redwoods in Silicon Valley,25961758,Rick,,Unincorporated Areas,37.40238,-122.29454,Entire home/apt,103,5,386,9/12/25,3.87,1,176,24,
19295817,House near Stanford/FB/Walk to Palo Alto downtown,5750739,Marc,,Menlo Park,37.45568,-122.15695,Private room,,30,0,,,1,0,0,
19435923,Beauty in San Carlos!  1 large bedroom apartment,111329654,Claudia,,San Carlos,37.50343,-122.26242,Entire home/apt,236,4,127,8/10/25,1.27,2,347,7,
19487543,⭐️ Private Room and Bath in San Mateo⭐️ 25min to SF⭐️,69857367,Andy,,San Mateo,37.54383,-122.29818,Private room,106,2,39,8/21/25,0.4,1,351,6,
19490778,Cozy Private Studio Near SFO,1250027,Jae,,Millbrae,37.601,-122.40934,Entire home/apt,93,1,757,9/7/25,7.54,2,68,101,
19529413,Chic and Modern Private  Studio,25959757,Vicki,,San Bruno,37.62193,-122.41454,Entire home/apt,114,30,218,3/16/25,2.17,1,291,2,
19531627,Luxurious Beautiful 4 Bedroom 3 Bath -2 Car Garage,123108199,Juan,,East Palo Alto,37.46246,-122.13457,Entire home/apt,,3,87,1/2/22,0.88,2,0,0,
19532383,Savor the Peace at a Comfy Cottage Minutes from Downtown SF,3191973,Ana Melissa,,South San Francisco,37.66792,-122.4091,Entire home/apt,124,30,620,7/19/25,6.33,4,286,2,
19573470,"SFO Panoramic Views
4BR/3BA near SF-Silicon Valley",33927492,Eileen,,Burlingame,37.58717,-122.39185,Entire home/apt,407,2,171,8/17/25,1.73,1,246,18,
19593216,Garden Private-Entry & Private Bath Master Suite,50211416,Jessie,,East Palo Alto,37.45744,-122.12885,Private room,,6,6,12/28/18,0.06,7,0,0,
19635807,85' Yacht docked at Pier 40 San Francisco,17084772,Jack,,Brisbane,37.67289,-122.38201,Entire home/apt,1853,1,1,7/27/18,0.01,1,364,0,
19678340,Guest House in the Woods,138581705,Lea,,Unincorporated Areas,37.33657,-122.2685,Entire home/apt,180,1,557,9/15/25,5.58,1,327,50,
19702940,Cozy 3B/2B House Redwood City,133471320,Hongyan,,Redwood City,37.48277,-122.22134,Entire home/apt,150,32,169,8/31/25,1.7,1,222,8,
19713451,Spacious  Menlo Park 1BR | Work from Home,30283594,Global Luxury Suites,,Menlo Park,37.48627,-122.18354,Entire home/apt,267,1,1,3/16/19,0.01,28,365,0,
19714624,Bright 1BR w/  Balcony | Free Parking+ Gym & Pool,30283594,Global Luxury Suites,,Menlo Park,37.48627,-122.18354,Entire home/apt,325,1,10,5/29/23,0.12,28,365,0,
19714856,Stylish 1BR in Menlo Park/Palo Alto,30283594,Global Luxury Suites,,Menlo Park,37.48627,-122.18354,Entire home/apt,,1,7,5/31/25,0.07,28,365,1,
19715065,Modern & Stylish 2BR in Menlo Park with Pool,30283594,Global Luxury Suites,,Menlo Park,37.48627,-122.18354,Entire home/apt,,1,9,9/8/20,0.1,28,261,0,
19715338,Modern & Cozy 2BR near Redwood City,30283594,Global Luxury Suites,,Menlo Park,37.48627,-122.18354,Entire home/apt,,1,5,9/21/20,0.06,28,261,0,
19715806,Spacious 2BR | Desk+WiFi |Pool & Gym | Balcony,30283594,Global Luxury Suites,,Menlo Park,37.48627,-122.18354,Entire home/apt,439,1,14,6/22/25,0.15,28,261,1,
19720102,A Beautiful Master Bedroom in San Mateo,28668794,Michael,,San Mateo,37.5322,-122.32203,Private room,72,1,0,,,1,364,0,
19729720,Upscale 2BR in Menlo Park | Kitchen + Laundry,30283594,Global Luxury Suites,,Menlo Park,37.48627,-122.18354,Entire home/apt,439,1,9,6/9/25,0.12,28,261,2,
19731218,Menlo Park 1BR | Pet Friendly | Perfect 4 Business,95459395,Bluebird,,Menlo Park,37.486271,-122.18354,Entire home/apt,310,1,2,6/20/20,0.03,9,365,0,
19735300,Beach Cottage Shelter Here,139139909,Gonul,,Pacifica,37.63382,-122.49317,Entire home/apt,317,2,141,9/18/25,1.43,4,241,5,
19737767,STONEWOOD GUEST HOUSE,139180631,Lisa,,Woodside,37.44125,-122.26517,Entire home/apt,383,30,21,7/31/20,0.21,1,364,0,
19754219,Two-Story Gem,23093819,Matthew Lok Kin,,San Bruno,37.61893,-122.41152,Entire home/apt,150,2,134,9/1/25,1.34,3,254,4,
19763845,Beautiful 4BR/4 1/2BA Modern House in Menlo Park,4716896,Sandra,,Menlo Park,37.45674,-122.15427,Entire home/apt,,7,3,8/2/25,0.03,2,0,1,
19811075,1 bed room Menlo Park/Redwood City/Palo Alto,139942617,Midori,,Unincorporated Areas,37.4729459,-122.2032159,Private room,91,30,65,3/1/25,0.65,1,208,2,
19824412,Sunny house in the middle of Bay Area,76980271,Christina,,San Mateo,37.53827,-122.309,Entire home/apt,246,31,14,11/23/24,0.14,1,223,1,
19875869,Soak up Open-Plan Living at a Luminous Sanctuary,19357996,Marko,,San Mateo,37.53183,-122.29684,Private room,82,30,41,5/16/25,0.41,6,343,2,
19876191,Curl up in an Armchair for Lazy Afternoons,19357996,Marko,,San Mateo,37.53397,-122.29563,Private room,79,30,45,8/16/25,0.45,6,322,3,
19876484,Take a Tech-Free Breather on the Patio,19357996,Marko,,San Mateo,37.53162,-122.29419,Private room,70,30,48,8/31/25,0.48,6,345,4,
19876688,Tread the Floorboards at a Work-Ready Retreat,19357996,Marko,,San Mateo,37.53102,-122.29409,Private room,65,30,37,8/11/25,0.37,6,328,2,
19878189,Fantastic 1 bed / 1 bath!,19357996,Marko,,San Mateo,37.5346,-122.29494,Private room,86,30,20,8/8/25,0.2,6,342,5,
20013608,Stanford Sunfilled Room in Techie's House,50211416,Jessie,,East Palo Alto,37.45626,-122.12985,Private room,,4,18,6/30/23,0.18,7,0,0,
20028955,Stanford Sunfilled Room in Techie's House,50211416,Jessie,,East Palo Alto,37.45626,-122.12985,Private room,,4,16,5/8/23,0.16,7,0,0,
20029421,"Ocean Views, Walk to Beach, Close to SFO and SF",2310061,Hanna,,Pacifica,37.59378,-122.51074,Entire home/apt,126,2,495,9/12/25,5.09,3,243,37,
20052142,Cozy Private Room/Bath Near BART (1.4 mi),31538017,Amy Lin,,Daly City,37.67809,-122.47599,Private room,72,2,474,8/29/25,4.8,1,50,32,
20092263,Peaceful Studio in Beautiful Neighborhood,4449475,Helen,,Redwood City,37.48167,-122.24285,Entire home/apt,,1,112,6/17/25,1.14,1,0,3,
20152113,Comfortable 1 Bedroom In-Law near SFO/BART,135148727,Elaine,,Millbrae,37.60586,-122.38953,Entire home/apt,114,3,186,9/15/25,1.88,1,311,28,
20177171,RWC budget 2 bedroom upstairs unit near Stanford,2899101,Christina,,Redwood City,37.47405,-122.22056,Entire home/apt,,1,49,4/27/24,0.5,3,17,0,
20208561,3 bedroom/2 bath home in heart of Silicon Valley,141251398,Dina,,Redwood City,37.45633,-122.24914,Entire home/apt,312,2,73,7/21/25,0.74,1,339,4,
20212382,Private bedroom with double bed.,17650451,Cornelia Dina,,Belmont,37.51189,-122.31387,Private room,57,2,126,9/12/25,1.28,1,6,23,
20234104,Immaculate 1 K Bed Apt for business or travel,67227974,Maggie,,Redwood City,37.48167,-122.19855,Entire home/apt,155,4,250,9/6/25,2.55,3,354,36,
20235390,Clean & comfy upstairs BR+private bath downtown SM,144195785,Brennan,,San Mateo,37.57087,-122.319,Private room,70,31,114,8/17/25,1.17,3,181,3,
20236031,Luxury Apartment Ocean Side: Master Bedroom,44436521,Precious,,San Bruno,37.63742,-122.46383,Private room,,2,2,9/23/17,0.02,1,0,0,
20247953,Privat studio in the heart of Silicon Valley,57167094,Kristin,,Redwood City,37.48027,-122.19235,Entire home/apt,95,1,185,9/5/25,1.88,1,306,13,
20283414,Luxury Zen Beach Home w/Hot Tub 1 block to Beach,7116188,Trish,,Unincorporated Areas,37.52387,-122.51556,Entire home/apt,599,3,64,9/1/25,0.81,1,295,7,
20330076,Cozy Private Studio,69266785,Cassie,,Unincorporated Areas,37.46651,-122.26682,Private room,80,13,7,6/24/25,0.07,1,364,1,
20393964,Home near Palo Alto Downtown/Stanford,145368875,Ying,,Menlo Park,37.45693,-122.16312,Entire home/apt,274,3,118,6/22/25,1.21,2,228,8,
20399063,Bright & Cheery 3Bd 2Bath Easy Walk to Downtown,16471107,Lauren,,Redwood City,37.48635,-122.2202,Entire home/apt,315,2,197,9/7/25,2.04,1,88,18,
20422836,Stanford Sunfilled Room in Techie's House,50211416,Jessie,,East Palo Alto,37.45626,-122.12985,Private room,,4,19,5/8/23,0.22,7,0,0,
20427005,Affordable private room,60562592,Oswaldo,,East Palo Alto,37.46747,-122.14828,Private room,68,1,135,8/2/25,1.37,4,328,1,
20506829,Newly-built guesthouse with complete privacy,72214582,Krystal,,Redwood City,37.46428,-122.24868,Entire home/apt,117,31,52,9/12/25,0.54,1,285,12,
20553875,Room with a view near Oracle/SFO,134724436,Purvi,,San Mateo,37.54768,-122.32918,Private room,95,2,62,7/17/25,0.68,1,203,1,
20592903,A beautiful Tree house -your own retreat,9720386,Magalli,,Woodside,37.43272,-122.24726,Entire home/apt,306,1,163,9/10/25,1.86,2,195,37,
20637093,Cozy Silicon Valley Hideout,103931245,Peter,,Unincorporated Areas,37.46409,-122.16866,Entire home/apt,187,4,84,9/21/25,0.87,1,216,8,
20714498,Beautiful Townhome in Redwood City,3058609,Tina,,Redwood City,37.49559,-122.22568,Entire home/apt,236,30,0,,,1,358,0,
20800179,Relaxed Redwood Retreat,18996733,Carol,,Redwood City,37.47143,-122.21547,Entire home/apt,227,30,63,4/27/25,0.65,1,323,2,
20864780,kitchen & Laundry 🧺 Fast WiFi *Patio*near SFO/Bart,149772731,Winnie,,Daly City,37.69182,-122.46279,Private room,,2,28,2/8/20,0.29,6,0,0,
20902530,Fabulous Private Suite - Comfortable & Elegant,49654415,Tara,,Redwood City,37.46682,-122.24719,Entire home/apt,179,3,134,9/17/25,1.43,1,240,20,
20931050,"Mt Carmel Cottage Charmer-Bright, Stylish & Clean",79184463,Josie,,Redwood City,37.48296,-122.24676,Entire home/apt,216,1,223,9/7/25,2.29,1,326,27,
20947141,"🧸Entire floor 2 bedrooms, kitchen & Laundry☘️WiFi",149772731,Winnie,,Daly City,37.6918,-122.46292,Entire home/apt,,1,20,1/5/20,0.21,6,0,0,
21008500,"Private room and bath in West Menlo, near Alameda",151265519,Teresa,,Unincorporated Areas,37.4325,-122.20078,Private room,,3,7,1/24/20,0.07,1,0,0,
21014988,Suite Bay Area Ranch 3br/3ba (Business-n-Nature),120147445,Jessica,,East Palo Alto,37.47156,-122.13051,Entire home/apt,,3,21,2/27/20,0.23,1,0,0,
21024234,"Seaside Private Studio!  Near  SFO,  SF and Beach!",92730920,Donald Ray,,Pacifica,37.631,-122.48386,Entire home/apt,132,1,773,9/20/25,7.93,2,37,67,
21091824,Living in a park,37092439,Jian,,Foster City,37.53625,-122.26384,Private room,63,1,96,7/31/25,0.99,2,177,8,
21108308,Separate Studio with Ocean View private/Quiet,130464759,Phil,,Unincorporated Areas,37.50875,-122.4658,Entire home/apt,149,2,354,9/14/25,3.65,1,351,21,
21153027,1333B Large Private Room with Shared Bath near SFO,94282453,Chi Kei,,South San Francisco,37.66304,-122.40217,Private room,46,1,279,9/8/25,2.87,14,174,14,
21155848,1333C Large Double Queen-Bed Room near SFO,94282453,Chi Kei,,South San Francisco,37.66296,-122.40271,Private room,58,1,266,9/8/25,2.74,14,159,27,
21163628,Homey Stay,40524072,Kas,,Redwood City,37.47271,-122.24719,Private room,,2,0,,,1,0,0,
21166298,1333D Cozy Private Bedroom with Work Desk near SFO,94282453,Chi Kei,,South San Francisco,37.66334,-122.40072,Private room,58,1,306,8/22/25,3.15,14,157,22,
21166509,1333F Cozy Queen Bedroom w/ Private Bath near SFO,94282453,Chi Kei,,South San Francisco,37.66497,-122.40211,Private room,,1,222,8/30/25,2.28,14,167,23,
21179111,1333A Double-Bed Master Bedroom with Private Bath,94282453,Chi Kei,,South San Francisco,37.66468,-122.40106,Private room,55,1,210,8/23/25,2.16,14,175,14,
21187615,1333E Double Twin Bedroom w/ Shared Bath near SFO,94282453,Chi Kei,,South San Francisco,37.66479,-122.40146,Private room,52,1,311,8/14/25,3.2,14,171,23,
21252313,Charming Private Quiet Backyard Studio,40063410,Jill,,San Mateo,37.5526,-122.32339,Entire home/apt,116,3,232,9/11/25,2.49,1,206,23,
21325076,1332A Double-Bed Master Bedroom with Private Bath,94282453,Chi Kei,,South San Francisco,37.66477,-122.40255,Private room,55,1,181,9/3/25,1.87,14,175,16,
21329144,1332B Large Private Room with Shared Bath near SFO,94282453,Chi Kei,,South San Francisco,37.66486,-122.40213,Private room,58,1,244,8/31/25,2.53,14,165,17,
21348551,1332C Large Double Queen-Bed Room near SFO,94282453,Chi Kei,,South San Francisco,37.66448,-122.40074,Private room,58,1,287,9/7/25,2.98,14,159,21,
21372487,Comfortable home w/ washer/dryer near SF airport,40066591,En,,Unincorporated Areas,37.69336,-122.4776,Entire home/apt,99,1,865,9/14/25,9.11,2,118,109,
21387647,133bed2 Single Bed Space in Large House near SFO,94282453,Chi Kei,,South San Francisco,37.66417,-122.40063,Shared room,31,1,422,9/9/25,4.37,14,173,32,
21438452,1332E Double Twin Bedroom w/ Shared Bath near SFO,94282453,Chi Kei,,South San Francisco,37.66347,-122.40262,Private room,46,1,271,8/27/25,2.81,14,177,16,
21463716,Immaculate 2 K Bed/2 Bath for business or travel,67227974,Maggie,,Redwood City,37.4818,-122.19757,Entire home/apt,179,4,205,9/21/25,2.15,3,325,25,
21513806,Bright & Spacious 2BR | Desk+WiFi | Balcony | GLS,30283594,Global Luxury Suites,,Menlo Park,37.48627,-122.18354,Entire home/apt,439,1,6,4/29/19,0.06,28,261,0,
21516425,Modern 1BR | Full Kitchen & Laundry | Parking,95459395,Bluebird,,Menlo Park,37.486271,-122.18354,Entire home/apt,310,1,2,6/20/21,0.03,9,365,0,
21524326,Beautiful 1BR Apt w/Gym + Full Kitchen,95459395,Bluebird,,Menlo Park,37.486271,-122.18354,Entire home/apt,295,1,6,7/18/21,0.08,9,365,0,
21525465,Upscale 2BR Perfect for Business Travelers,95459395,Bluebird,,Menlo Park,37.486271,-122.18354,Entire home/apt,510,1,6,9/29/20,0.07,9,261,0,
21549224,"San Francisco Bay Area Ocean View, sleeps 10, 5 BR",156673972,Julieta,,Pacifica,37.59478,-122.51338,Entire home/apt,396,2,139,9/2/25,1.48,2,306,30,
21551802,Private Room near SFO,156702482,Benjamin,,Millbrae,37.59945,-122.4067,Private room,69,1,443,9/3/25,4.61,1,228,34,
21607186,"Cozy Master suit w/Bath, Private entrance",23725837,Edwin,,Pacifica,37.58231,-122.47106,Private room,95,2,200,9/12/25,2.12,1,292,18,
21681532,Amazing 4 BR smart home close to Stanford,1905172,Cath,,Redwood City,37.45439,-122.23534,Entire home/apt,576,2,42,9/14/25,0.99,13,166,11,
21708887,One bedroom apt in house,76804767,Marianne,,Redwood City,37.45649,-122.2555,Private room,,1,85,4/26/24,1.04,1,0,0,
21753222,#B- Private place with parking & patio Long Term,56731063,Peter,,Daly City,37.70245,-122.46316,Entire home/apt,85,31,197,8/23/25,2.08,4,156,9,
21762111,Upscale 2BR Apt near Meta HQ | Washer/Dryer,95459395,Bluebird,,Menlo Park,37.486271,-122.18354,Entire home/apt,510,1,6,9/8/20,0.07,9,261,0,
21767392,Updated Menlo Park English Tudor Garden Cottage!,126644773,Evolve,,Unincorporated Areas,37.43828,-122.20886,Entire home/apt,215,3,36,8/20/25,0.41,8,277,4,
21769773,Quiet & cozy bedroom close to downtown & Stanford,8651064,Rachel,,Menlo Park,37.44933,-122.18116,Private room,,4,55,11/26/23,0.58,1,0,0,
21829237,Modern beach bungalow - 1/2 block from ocean,3793516,Audrey,,Pacifica,37.63574,-122.49336,Entire home/apt,250,2,275,8/5/25,2.88,1,339,27,
21846982,Majestic Tent Cabin at Venture,112089094,Janelle,,Unincorporated Areas,37.21938,-122.3467,Entire home/apt,,1,109,7/5/25,1.16,10,0,8,
21986074,"Redwood City, Private Room1, Work desk, AC in room",119178246,Mirta,,Unincorporated Areas,37.47001,-122.20723,Private room,85,30,47,6/29/24,0.5,2,359,0,
22049428,"5 min walk to Beach, 11 beds, perfect for families",161038209,Tom,,Half Moon Bay,37.4639,-122.4394,Entire home/apt,439,3,200,8/30/25,2.11,1,315,31,
22083603,San Carlos In-Law,5380554,William,,San Carlos,37.50408,-122.27918,Entire home/apt,109,10,39,8/23/25,0.46,1,233,2,
22117426,Near SF and SFO - Entire Suite w/Private Entrance,7968430,Jr,,Daly City,37.70524,-122.4759,Entire home/apt,79,2,229,8/19/25,2.43,1,187,32,
22123478,Cosy private room in a beatiful house in Pacifica,2601657,Valerie And Lidiya,,Pacifica,37.61222,-122.47659,Private room,,180,0,,,1,179,0,
22123896,"Coronado Apt 5  Beach, Trails, Access 5",30545092,Ralph,,Unincorporated Areas,37.50414,-122.4687,Entire home/apt,250,30,3,7/26/20,0.03,4,361,0,
22124830,"Beautiful house in Menlo Park, Bedroom 3",51165658,Gurinder,,Unincorporated Areas,37.46583,-122.16711,Private room,115,2,34,9/22/24,0.37,3,203,0,
22177169,Private and Cozy Studio Cottage,369084,Paul,,Menlo Park,37.46556,-122.1545,Entire home/apt,,1,145,7/31/22,1.56,1,0,0,
22188260,Burlingame Backyard Bungalow-sleeps 3,2899101,Christina,,Burlingame,37.57782,-122.33963,Entire home/apt,115,31,103,8/24/25,1.1,3,364,4,
22503267,3 Bed 2 bath San Mateo Home,165104930,Thomas,,San Mateo,37.54691,-122.28645,Entire home/apt,390,3,60,7/8/24,0.65,1,365,0,
22503898,Charming Cottage near Stanford in Lovely Garden,6182881,Margaret,,Atherton,37.45871,-122.2154,Entire home/apt,167,3,216,9/17/25,2.34,1,179,33,
22512525,Mardi Gras Magic Private Suite,21237956,Marcelle,,East Palo Alto,37.45374,-122.12436,Private room,20,2,3,8/29/25,0.03,1,5,1,
22548202,Immaculate 1  K Bed Home for business or travel,67227974,Maggie,,Redwood City,37.48146,-122.19721,Entire home/apt,160,1,36,9/13/25,0.39,3,8,6,
22548338,Upstairs Oasis,62792877,Stephanie,,Half Moon Bay,37.49006,-122.45464,Entire home/apt,302,4,127,11/18/24,1.37,1,56,1,
22567945,"2BR Close To Stanford, Medical Center and Hospital",4656446,Air Concierge,,Unincorporated Areas,37.43106,-122.20245,Entire home/apt,204,2,124,8/25/25,1.32,1,162,10,
22569838,Surburban San Francisco Home 25 min to downtown,124051180,Lana,,Daly City,37.67795,-122.4906,Entire home/apt,399,20,7,9/16/21,0.08,1,365,0,
22573629,"Beautiful Quiet Getaway, Newly Remodeled",165524552,Guowei,,Daly City,37.68397,-122.4739,Entire home/apt,171,1,337,9/18/25,3.61,1,139,49,
22576975,Private Studio with Easy Parking in Daly City,93024298,Ruiying,,Daly City,37.68008,-122.48066,Entire home/apt,,2,79,2/18/25,0.84,2,0,6,
22651349,Cozy 2-Bd 1-Bt in Redwood City- Private & Peaceful,166816752,Maryam,,Redwood City,37.4723,-122.25055,Entire home/apt,209,2,41,6/7/24,0.44,1,327,0,
22734887,"Majestic Redwoods
Room with dedicated bathroom",10287468,Steve,,Woodside,37.38335,-122.25065,Private room,90,4,32,12/24/23,0.34,2,179,0,
22739822,Large Beautiful Bright Living Space  1 Bdrm/1 Bath,31448877,Henry,,Daly City,37.70572,-122.46319,Entire home/apt,,1,131,9/17/21,1.41,2,0,0,
22811562,Ocean front  6000 sq House,149875219,Lance,,Pacifica,37.63603,-122.49394,Entire home/apt,2354,3,19,9/1/25,0.22,1,310,9,
22843122,Happy Place,129155750,Cristina,,San Carlos,37.48707,-122.26609,Private room,90,7,49,9/30/22,0.53,3,204,0,
22887266,Spacious Retreat near San Francisco with Parking,84370701,Alena,,Daly City,37.70001,-122.46411,Entire home/apt,296,2,360,9/1/25,3.9,2,77,40,
22903580,Home Sweet Home 2,1126048,Margareth & Marcos,,San Mateo,37.56014,-122.31958,Private room,101,1,53,5/13/22,0.57,3,0,0,
22942222,Sunny Sillicon Valley Getaway/Crashpad/Workspace,36804444,Eric,,San Carlos,37.50861,-122.26648,Private room,69,2,155,9/6/25,1.66,3,358,21,
22942877,❤️ Delightful 1B/1B modern with a leisure garden,23939312,Kenny,,San Mateo,37.54607,-122.28294,Entire home/apt,216,30,281,9/21/25,3.02,6,306,14,
22943404,Welcome Home - so close to San Francisco but yet..,22566397,Meg,,Brisbane,37.679,-122.3968,Private room,,30,0,,,1,0,0,
22957352,Clean & comfy 1st flr BR+private bath downtown SM,144195785,Brennan,,San Mateo,37.57068,-122.31901,Private room,70,31,6,8/23/25,0.24,3,171,3,
22960649,"Modern apt steps to beach, trails & downtown HMB",12849068,Michelle,,Half Moon Bay,37.46121,-122.44042,Entire home/apt,245,1,703,9/23/25,7.59,1,305,108,
23005922,Brand New Luxe Home &Jacuzzi tub in West-Side RWC!,171160872,Maria Elena,,Redwood City,37.46754,-122.22843,Entire home/apt,,1,63,2/21/20,0.68,1,0,0,
23019421,Female Shared room # 4,29902656,Zack,,Daly City,37.68786,-122.46394,Shared room,35,3,60,4/29/25,0.65,6,365,3,
23026927,Private studio close to Facebook and Stanford,81782478,Luz Adriana,,East Palo Alto,37.46746,-122.14997,Entire home/apt,106,90,12,7/16/25,0.28,2,227,2,
23040210,Charming,129155750,Cristina,,San Carlos,37.48854,-122.26613,Private room,,7,24,4/15/23,0.26,3,114,0,
23040543,Comfy Cozy,129155750,Cristina,,San Carlos,37.48839,-122.26418,Private room,104,7,14,12/21/22,0.15,3,204,0,
23048877,Bay Area Beautiful Home,3674394,Ev,,Burlingame,37.58396,-122.36024,Private room,,3,0,,,1,0,0,
23111485,Serene Studio in Emerald Hills,23723705,Ana,,Unincorporated Areas,37.47413,-122.26274,Entire home/apt,95,2,227,9/2/25,2.75,6,321,23,
23124891,Cozy Private 2 Bdr Unit w/ Access to Hwy 101 & 84,171837948,Karanjit,,East Palo Alto,37.46681,-122.13707,Entire home/apt,139,3,40,8/30/25,0.44,2,276,3,
23201987,"Charming Atherton , Ca cottage",50544357,Frank,,Atherton,37.44253,-122.21515,Entire home/apt,,30,2,9/11/19,0.02,1,0,0,
23207199,A  Beautiful  Ocean View Staycation,26903690,Denise,,Daly City,37.70645,-122.46329,Entire home/apt,100,3,69,8/3/25,0.75,1,33,9,
23220316,Beautiful retreat in the redwoods @ La Honda,12192769,Cynthia,,Unincorporated Areas,37.31435,-122.28797,Entire home/apt,192,2,27,8/19/25,0.3,1,162,3,
23232718,Clean Room  Private Bath Free Parking near SFO,32006799,Zaozao,,Millbrae,37.59073,-122.39081,Private room,71,28,62,8/19/24,0.67,4,174,0,
23233170,Bright Room Private Bath Parking near SFO CalTrain,32006799,Zaozao,,Burlingame,37.58746,-122.39073,Private room,70,28,60,6/17/25,0.65,4,276,1,
23233752,Cozy Modern Craftsman Retreat,12403118,John,,Burlingame,37.58352,-122.35673,Entire home/apt,134,3,184,9/13/25,2.01,1,321,22,
23238802,Luxury Studio in the heart of Silicon Valley,45157755,Fara,,Unincorporated Areas,37.47712,-122.26876,Entire home/apt,211,2,117,8/14/25,1.29,1,358,8,
23239357,Menlo Park Cottage with Garden View,71221784,Peter J,,Unincorporated Areas,37.46911,-122.16578,Private room,106,2,313,9/16/25,3.4,1,264,25,
23324059,"Luxurious Bayview Treehouse: Hot Tub, 15 min to SF",337833,Philipp,,Brisbane,37.67945099,-122.4077682,Entire home/apt,321,2,108,8/16/25,1.18,1,300,7,
23337752,Beautiful Studio,173832493,Sonia,,Redwood City,37.45413,-122.23651,Entire home/apt,118,2,345,9/12/25,3.73,2,354,39,
23370335,Spacious remodeled House off Main Street,48434192,Jeff,,Half Moon Bay,37.4542,-122.42987,Entire home/apt,210,3,276,8/11/25,3.02,1,301,23,
23420916,"Serene, Wisteria covered cottage in Menlo Park",22959719,Brian & Sue,,Menlo Park,37.45606,-122.16375,Entire home/apt,190,14,46,8/23/25,0.5,1,269,7,
23427615,Private Bedroom in Newly Remodeled San Mateo Home!,119355800,Nagela,,San Mateo,37.54964,-122.30944,Private room,,1,3,8/12/19,0.04,1,0,0,
23434562,Modern Retreat close to SF,125239174,Alena & Sophia,,Daly City,37.70551,-122.4582,Entire home/apt,420,2,379,9/19/25,4.13,1,59,53,
23453876,Delightful Beauty! large apartment in San Carlos,111329654,Claudia,,San Carlos,37.50268,-122.27399,Entire home/apt,239,3,42,8/31/25,0.46,2,166,8,
23465447,Clean Room w/Bath Free Parking Near Caltrain BART,32006799,Zaozao,,Burlingame,37.5896,-122.3891,Private room,69,28,65,8/30/18,0.7,4,269,0,
23468823,Clean Bright Room Private Bath near Freeway SFO,32006799,Zaozao,,Burlingame,37.58818,-122.39102,Private room,65,28,62,8/31/25,0.67,4,107,3,
23561214,2BR Steps From Downtown Menlo Park with A/C...!!!,30452066,Deb,,Menlo Park,37.44896,-122.18472,Entire home/apt,285,1,38,3/22/25,0.41,1,362,2,
23582080,Spacious Home in the Heart of West Menlo Park,176270262,MaryAnn,,Menlo Park,37.44021,-122.19818,Entire home/apt,938,2,82,7/19/25,0.9,1,301,2,
23611625,Luxury King Bed & Spa Bathroom,52434570,Larissa,,San Mateo,37.533924,-122.314225,Entire home/apt,147,2,252,9/9/25,3,1,230,31,
23612559,Bright Coastal Home -- Walk to Downtown and Beach,176633593,Colleen,,Half Moon Bay,37.45445,-122.43264,Entire home/apt,,2,164,3/30/25,1.82,1,12,8,
23615779,"Entire First Floor, 500M Wi-Fi, Passcode CheckIn",23900667,X,,Daly City,37.70706,-122.46372,Entire home/apt,37,2,361,9/3/25,3.94,1,24,36,
23635529,2BR Steps From Downtown Menlo Park with A/C !!!,176894068,Mami,,Menlo Park,37.43595,-122.18754,Entire home/apt,285,1,56,5/4/25,0.61,3,270,5,
23671416,Modern House w A/C No Pet in San Mateo,162434274,Xiangrong,,San Mateo,37.57379,-122.31846,Entire home/apt,206,4,249,8/16/25,2.72,4,324,11,
23673843,Cozy Studio 1B/1B w A/C No Pet in San Mateo,162434274,Xiangrong,,San Mateo,37.57229,-122.31854,Entire home/apt,107,28,160,8/23/25,1.75,4,233,5,
23776778,Comfortable and convenient room and apartment,10269078,Jaime,,East Palo Alto,37.4637,-122.14942,Private room,,3,9,2/17/20,0.1,1,0,0,
23829372,SF Amazing View & SUNroom: Spacious Private 1 bdrm,49852465,Joy,,Daly City,37.70566,-122.43224,Entire home/apt,169,2,177,9/21/25,6.03,1,115,109,
23860218,Private Garden Cottage,76439683,Marlena,,San Carlos,37.50238,-122.258,Entire home/apt,157,1,757,9/16/25,8.29,1,194,122,
23906508,Charming 2bd/1ba with Parking and Outdoor Patio,20734176,Edwin,,Daly City,37.70622,-122.42815,Entire home/apt,106,2,213,9/15/25,2.38,4,319,23,
23922165,Bright Family Friendly Home on Tree-Lined Street,54291060,Julianne Todd,,Menlo Park,37.4388,-122.19577,Entire home/apt,700,270,7,7/31/23,0.08,1,267,0,
23946652,Cheerful Little Mountain House in the Redwoods,16597191,Porter,,Woodside,37.38864,-122.2585,Private room,127,1,36,9/8/25,0.97,1,169,17,
23973022,Admire Commanding City Views from an Airy Abode with Parking,173309094,Joyce,,Daly City,37.70709,-122.46296,Entire home/apt,212,2,444,8/31/25,4.88,1,166,25,
24156891,Bordeaux Rose Suite - Mill Rose Inn,1340222,Sandra,,Half Moon Bay,37.46601,-122.43114,Private room,269,1,2,7/5/25,0.14,6,318,1,
24159203,Briar Rose Room - Mill Rose Inn,1340222,Sandra,,Half Moon Bay,37.46475,-122.4297,Private room,297,1,1,9/2/19,0.01,6,338,0,
24160226,Baroque Rose Room - Mill Rose Inn,1340222,Sandra,,Half Moon Bay,37.46537,-122.43188,Private room,269,1,4,9/14/19,0.05,6,322,0,
24161423,Burgundy Room - Mill Rose Inn,1340222,Sandra,,Half Moon Bay,37.46426,-122.43166,Private room,297,1,1,2/17/20,0.01,6,339,0,
24162221,Botticelli Rose Room - Mill Rose Inn,1340222,Sandra,,Half Moon Bay,37.4647,-122.43172,Private room,325,1,0,,,6,320,0,
24162396,Renaissance Rose Suite - Mill Rose Inn,1340222,Sandra,,Half Moon Bay,37.46408,-122.43117,Private room,340,1,7,9/13/24,0.08,6,338,0,
24230654,Large Room near BART(local train),4912522,Ronald,,Daly City,37.70687,-122.46668,Private room,,2,36,6/30/24,0.4,1,0,0,
24245036,SF Peninsula Garden Apartment,3381955,Nuala,,San Bruno,37.61957,-122.41476,Entire home/apt,95,180,2,4/17/21,0.02,2,315,0,
24291583,Secluded Garden Retreat between SFO & SF,74511163,Stacee,,South San Francisco,37.63701,-122.43105,Entire home/apt,228,2,165,9/20/25,1.82,2,255,17,2024-0026
24473493,Millbrae Hills In-Law Unit,100435319,Jeffrey,,Millbrae,37.60904,-122.41657,Entire home/apt,72,1,613,9/5/25,6.78,1,310,40,
24494796,"Clean & Spacious, 4 Bed/3bath, Burlingame",9666344,Patrick,,San Mateo,37.57329,-122.34236,Entire home/apt,350,28,26,8/28/25,0.3,1,343,4,
24604612,*** Adorable Menlo Park Home Near Downtown ***,111644136,Sheryl,,Menlo Park,37.46044,-122.19216,Entire home/apt,329,30,33,8/9/20,0.37,1,270,0,
24604734,Sunny Cottage in Redwood City,150301049,Rebekah,,Unincorporated Areas,37.4555904,-122.226456,Entire home/apt,135,2,80,9/10/25,2.5,1,203,31,
24635802,"Room #4 close to SFO, free parking space",186180845,Joselito,,Daly City,37.68627,-122.47442,Private room,,1,138,12/15/24,1.53,1,0,1,
24637208,Large Estate. Nature. Luxury. Views. Art Sanctuary,115541519,Milada,,San Carlos,37.48959,-122.29141,Private room,152,3,19,8/4/23,0.21,2,89,0,
24712348,Pacifica Getaway: Beach & City,5978756,Ann,,Pacifica,37.64585,-122.47241,Entire home/apt,364,3,0,,,1,82,0,
24828767,Private Suite near SFO,18597063,Jiajie,,San Mateo,37.56969,-122.30406,Private room,,2,7,3/20/24,0.08,1,0,0,
24835429,Private Luxury Sparkling Clean Suite & Parking+EV,104391492,George (Luxyom LLC),,South San Francisco,37.66332,-122.41156,Entire home/apt,106,1,322,8/14/25,3.6,12,354,5,
24853411,5 Stars Vacation House Panoramic Oceanview無敵180度海景,187874771,Chapman,,Daly City,37.66932,-122.4877,Entire home/apt,288,2,240,9/22/25,2.71,1,167,28,
24871245,Spacious Getaway for Large Groups Near SF,129322883,Mirana And Arseni,,Daly City,37.70403,-122.45839,Entire home/apt,385,2,356,9/18/25,3.99,2,47,48,
24922185,Spacious Coastal Home near San Francisco,50373087,Mary Beth,,Half Moon Bay,37.43057,-122.43584,Entire home/apt,,3,0,,,1,0,0,
24943275,Halepua - Completely Remodeled Junior 1 bedroom,4899769,David,,Daly City,37.66291,-122.46344,Entire home/apt,90,30,13,7/19/25,0.16,2,365,1,
24972021,Watch the Sunset at a Boho-Chic Studio with Private Terrace,152136713,Evelyn,,Daly City,37.70227432,-122.4913712,Entire home/apt,144,2,801,9/3/25,9.57,2,341,65,
25011310,Hilltop Home - Million Dollar View (Private Room),189072574,Selina,,Daly City,37.70526,-122.43166,Private room,,2,73,1/2/22,0.82,1,0,0,
25054348,Spacious guest suite with private entrance & views,13228451,Delphine,,Belmont,37.52044,-122.30973,Entire home/apt,150,3,75,3/21/25,0.84,1,174,7,
25073480,"Sparkling Clean Luxury 3 BR Near SF, Parkings, EV",104391492,George (Luxyom LLC),,South San Francisco,37.66153,-122.41153,Entire home/apt,150,1,268,9/8/25,3.01,12,335,29,
25082090,Single-level retreat w/ fire pit & patio,189605038,Dena,,Unincorporated Areas,37.51974,-122.34779,Entire home/apt,321,2,130,8/30/25,1.46,1,114,14,
25108465,Pacifica studio- ocean view from deck,51754491,Laura,,Pacifica,37.59456,-122.50908,Private room,,1,400,8/8/25,4.71,1,8,14,
25142712,SHARED Double Bedroom in a quiet home,842359,Betty,,South San Francisco,37.6584,-122.41742,Shared room,59,3,1,9/21/24,0.08,3,50,0,
25232670,Kings Mountain Studio Cabin,190647184,Lorraine,,Unincorporated Areas,37.4384,-122.3225,Entire home/apt,158,1,424,9/21/25,4.77,1,330,56,
25263221,"Spacious, new private South San Francisco home",129139383,Jianjun,,South San Francisco,37.64901,-122.45802,Entire home/apt,140,1,503,9/11/25,5.78,4,51,42,112260
25293694,Villa Terrace,76689198,Kaitlyn,,San Mateo,37.574,-122.33701,Entire home/apt,230,2,71,7/21/25,0.8,1,188,5,
25352296,Serene Simplicity in Silicon Valley,6001465,Danae,,East Palo Alto,37.45396,-122.12648,Private room,85,10,24,9/21/25,0.27,1,364,6,
25353878,New remodeled 3-bedroom South San Francisco home,129139383,Jianjun,,South San Francisco,37.64893,-122.45813,Entire home/apt,248,1,430,9/3/25,4.93,4,50,39,112260
25478907,Cozy Burlingame Room Near SFO w/ Coffee and Tea,12901862,Richard Charles,,Burlingame,37.58551,-122.35007,Private room,,4,131,8/1/20,1.47,1,0,0,
25518542,Beach Cottage Near Coastal Trail  &  Ritz,4153841,Guliz,,Half Moon Bay,37.453,-122.43753,Entire home/apt,360,1,135,9/7/25,1.54,4,173,47,
25676165,Walk to Burlingame Dining/Shops - Remodeled - A/C,190518561,Robert,,San Mateo,37.57734,-122.33429,Entire home/apt,296,2,170,9/17/25,1.94,1,98,26,
25685004,"Private, Remodeled Downtown Menlo Park Home",32875402,Steven,,Menlo Park,37.45051,-122.18954,Entire home/apt,252,4,35,8/23/25,0.55,1,290,6,
25884227,@ Marbella Lane - 3BR Penthouse Suite |SF|Parking,25519626,Marbella,,Brisbane,37.6778,-122.39684,Entire home/apt,196,31,22,6/18/25,0.26,1,250,3,
25943003,Mid-Century Modern Home in Daly City,195000306,Michele,,Daly City,37.70254,-122.49535,Entire home/apt,213,2,240,7/24/25,2.71,1,311,22,
26044286,1332D Cozy Private Bedroom with Work Desk near SFO,94282453,Chi Kei,,South San Francisco,37.6629,-122.40259,Private room,49,1,225,7/25/25,2.54,14,172,24,
26059400,New 1-Bed In-Law w/Private Entrance near SF,135936845,Carrie,,Daly City,37.68612,-122.48905,Entire home/apt,79,2,127,9/4/25,1.44,2,250,10,
26101064,"Home-SF bay area,1 bed 1.5 ba, House faces lagoon.",47803253,Shereen,,Redwood City,37.52715,-122.25534,Private room,100,2,25,5/31/24,0.28,2,358,0,
26166176,Ocean View Cottage,55958427,Steve,,Unincorporated Areas,37.25631,-122.41008,Entire home/apt,303,2,315,9/1/25,3.56,1,81,33,
26392892,The chic room - 12 min from Stanford,39301269,Nir,,Redwood City,37.47313,-122.22215,Entire home/apt,,2,25,6/18/19,0.29,1,0,0,
26444856,Upscale 1BR with Designer Finishes in Menlo Park,30283594,Global Luxury Suites,,Menlo Park,37.48627,-122.18354,Entire home/apt,267,1,14,12/7/24,0.17,28,365,1,
26445399,Cozy Garden Studio in Menlo Park,4716896,Sandra,,Menlo Park,37.45789,-122.15462,Entire home/apt,101,30,40,5/31/25,0.46,2,260,5,
26445949,Beautiful 2BR in Menlo Park/Redwood City,30283594,Global Luxury Suites,,Menlo Park,37.48627,-122.18354,Entire home/apt,439,1,10,1/1/23,0.12,28,261,0,
26502192,Coastal Zen Cottage - Walk To Beach!,178497309,Melanie,,Unincorporated Areas,37.50304,-122.46259,Entire home/apt,158,2,448,8/22/25,5.12,5,166,33,
26769886,Executive Room Nr Stanford Hospital&Sand Hill Rd,5612106,La,,Unincorporated Areas,37.42789,-122.19264,Private room,258,31,5,8/23/25,0.06,4,365,2,
26806137,Private relaxing bedroom sanctuary,201572333,Guadalupe,,South San Francisco,37.65329,-122.41843,Private room,,1,6,1/15/20,0.07,1,0,0,
26845320,Entire Guesthouse with Private Entrance,8189818,Chen-Hung,,Redwood City,37.48267,-122.24272,Entire home/apt,119,2,125,9/14/25,1.44,1,307,21,
26847517,*Convenient Home next to San Francisco!*,7362977,Sylvia,,Daly City,37.70635,-122.46532,Entire home/apt,162,3,256,9/6/25,2.98,1,147,21,
26847871,Rustic Cabin in the Redwoods,51085633,John,,Unincorporated Areas,37.43309,-122.31858,Entire home/apt,275,2,338,8/20/25,3.91,1,111,35,
26869720,Small Private Cozy Room,202084825,Genaro,,South San Francisco,37.65107,-122.42171,Private room,,1,75,12/3/19,0.86,1,0,0,
26880448,Executive Home nr Stanford Hospital & Sand Hill Rd,5612106,La,,Unincorporated Areas,37.42723,-122.19337,Entire home/apt,1205,31,1,8/5/18,0.01,4,90,0,
26896466,Poplar Beach Getaway - Special Pricing!,34668496,Mary-Anne,,Half Moon Bay,37.45788792,-122.440307,Entire home/apt,228,2,364,9/1/25,4.22,2,285,48,
26928860,Lovely gated house,1905172,Cath,,Woodside,37.43118,-122.24914,Entire home/apt,428,2,77,8/4/25,0.89,13,337,3,
26957696,WFH friendly private room with garage gym,24376175,Xi,,Redwood City,37.46484,-122.22272,Private room,114,7,5,10/26/24,0.06,1,165,1,
26984139,Ocean View Fire Pit Hot Tub Near Tide Pools & SFO,139139704,Jennifer,,Unincorporated Areas,37.5314,-122.50918,Entire home/apt,333,2,212,9/21/25,2.45,1,352,22,
27021294,Coastal Redwood Getaway on a Creek,9137782,Grace,,Unincorporated Areas,37.31267,-122.28422,Entire home/apt,405,3,146,8/25/25,1.8,1,352,9,
27138815,Helen's Place (near SFO airport and BART),204326252,Yookyoung,,Millbrae,37.60024,-122.40664,Entire home/apt,140,1,202,9/17/25,2.32,1,43,3,
27224587,Hilltop Oasis with a View close to Everything,60149665,Maria,,San Bruno,37.6224015,-122.4518204,Entire home/apt,105,2,8,12/26/24,0.35,1,215,2,
27224982,"A Comfortable, Clean, & Private Guest House",9168520,Keikhosrow,,Belmont,37.5301,-122.28449,Entire home/apt,122,1,451,9/21/25,5.49,1,330,60,
27283822,"Large Master Bedroom at Silicon, private bathroom",43976013,Nas,,Unincorporated Areas,37.496,-122.28841,Private room,76,7,105,9/1/25,1.25,3,261,5,
27292286,Hot Tub Home in Pacifica Free Parking /Beach/SFO,34560790,Sharon,,Pacifica,37.5877,-122.46396,Entire home/apt,190,2,310,9/7/25,3.72,1,315,47,
27293734,"Pet Friendly, Gem of a House 5 mins to beach & SF",97330476,Jennifer,,Daly City,37.70069,-122.49213,Entire home/apt,298,2,189,8/10/25,2.18,1,289,17,
27340114,"Artsy 5 min to beach fun, food, & hiking trails.",206031567,Lainey,,Unincorporated Areas,37.543449,-122.51162,Entire home/apt,172,3,181,9/22/25,2.09,1,258,15,
27395436,10min SFO Airport/PrivateBath/24h CheckIn/Rm#4,107850848,Henley,,Daly City,37.65601,-122.46892,Private room,44,31,63,5/8/25,0.73,4,120,3,
27549332,"Newly renovated Guest Suite- bay views, sleeps 4",119495237,Jane,,Foster City,37.56851,-122.25696,Entire home/apt,,1,118,8/31/21,1.36,1,0,0,
27573074,Walk to BART & Caltrain! Modern Luxury Cottage,208039385,Peyling,,Millbrae,37.60412,-122.40029,Entire home/apt,181,7,44,7/15/23,0.52,1,342,0,
27617597,Beautiful Newly Remodeled Home Near SFO,21465084,Darren,,San Bruno,37.6179,-122.40738,Entire home/apt,170,1,332,8/17/25,3.84,3,353,6,
27634439,Peaceful Home at Seal Cove,16424714,Nayoung,,Unincorporated Areas,37.51654,-122.51148,Entire home/apt,,3,27,1/2/22,0.31,1,0,0,
27643192,Amazing Bright&New airbnb 2bedroom. Near SFO!,21465084,Darren,,San Bruno,37.61915,-122.40943,Entire home/apt,195,1,300,8/20/25,3.47,3,360,13,
27661009,Wild West Village- Hot Tub & HUGE View FAST Wi-Fi,31017145,Mara,,Unincorporated Areas,37.46463,-122.27318,Entire home/apt,373,5,18,5/27/25,0.4,3,213,6,
27729128,Modern Studio Cottage with Private Entrance,85525347,Alif,,Redwood City,37.48107,-122.18718,Entire home/apt,110,1,227,9/20/25,2.63,1,166,46,
27734659,Serene Oasis in the midst of Silicon Valley,17739265,Monika,,San Carlos,37.48888,-122.28221,Entire home/apt,266,3,128,9/21/25,1.5,1,355,11,
27878995,🌼Modern guesthouse w private patio and ♨️ hot tub,42563379,Ela,,Redwood City,37.49558,-122.23856,Entire home/apt,202,1,447,8/31/25,5.21,8,90,41,
27909691,Cozy private bedroom in a quiet neighborhood,204124449,Junny,,Daly City,37.70281529,-122.4151638,Private room,79,1,176,8/17/25,2.18,3,359,5,
28033207,Private bedroom in Foster city (2),49048931,Jason,,Foster City,37.55495,-122.25033,Private room,43,16,11,4/16/25,0.27,4,275,3,
28034443,@ Marbella Lane - KnollTop Property | HotTub,210837437,Marbella,,Pacifica,37.60571,-122.4931,Entire home/apt,260,1,281,9/22/25,3.31,11,345,16,
28072493,Luxurious house close to SF next to SF Golf Club,212059335,Bella,,Daly City,37.70621,-122.48056,Entire home/apt,675,2,34,9/1/25,0.4,1,71,5,
28107162,236- Quiet 3B2B Single House near SFO/Mall/FW/Food,250584391,Victor 5,,San Mateo,37.54832,-122.29089,Entire home/apt,158,2,109,9/19/25,1.27,35,157,19,
28148045,"""A Private Oasis"" in the heart of the tech world",212612004,Peter,,Menlo Park,37.46501,-122.15185,Entire home/apt,1250,360,34,6/10/20,0.41,1,365,0,
28209182,New 2 Bedroom 2 Bath with Kitchen & Free Parking!,213069046,Brian,,Daly City,37.65384,-122.46919,Entire home/apt,131,30,173,9/6/25,2.04,1,254,9,
28220083,Seal Cove Beach House - Shelter Here,139139909,Gonul,,Unincorporated Areas,37.51691,-122.51226,Entire home/apt,360,2,223,9/20/25,2.62,4,305,28,
28230816,Full Size Private Room near Tech and Stanford,7112445,Fariba,,East Palo Alto,37.4648,-122.12879,Private room,75,31,7,9/30/24,0.08,2,88,1,
28277494,Hilltop Retreat with Panoramic Cityscape Vistas,36278765,John,,Daly City,37.70715,-122.42808,Entire home/apt,450,2,128,8/18/25,1.5,1,336,21,
28342635,Room by Bay Trail with Two Cats,2687470,Cathy,,Foster City,37.5547021,-122.2498476,Private room,200,1,0,,,1,90,0,
28467145,Faceb00k Stanford Cottage Home,175566646,Shay,,Menlo Park,37.47883,-122.18134,Entire home/apt,262,2,90,10/30/24,1.05,1,143,1,
28491656,South San Francisco Condominium,959461,Jay,,South San Francisco,37.66077,-122.43117,Entire home/apt,266,3,0,,,1,268,0,
28583591,Airstream Steps Away from Dog Friendly Beach,4153841,Guliz,,Half Moon Bay,37.45363,-122.43962,Entire home/apt,177,30,403,9/7/25,4.76,4,152,3,
28694146,"Roomy luxury suite near SFO, downtown",13583936,Kartik,,Burlingame,37.57625,-122.39485,Private room,,2,4,10/8/22,0.1,1,0,0,
28694215,Clean & comfy 3BR home nr SFO/Bart/SFSU,211581623,Nenita,,Daly City,37.69835,-122.46595,Entire home/apt,194,3,57,8/31/25,0.69,1,168,2,
28931864,Rare 180 Views in the Heart of SF Bay Area,218002688,Alana,,Belmont,37.51397,-122.26995,Entire home/apt,,1,0,,,1,0,0,
28989712,SF Luxury living! 8bed/5bath 1 block from subway!,27754493,Daniel,,Daly City,37.70403,-122.46795,Entire home/apt,544,2,292,9/2/25,3.46,10,314,38,
29083671,Spacious Master Bedroom w/Dedicated Bath -Redwoods,10287468,Steve,,Woodside,37.3835,-122.24945,Private room,99,4,12,8/14/23,0.14,2,359,0,
29164213,Serene & Peaceful Getaway in Redwood City,39384216,Vida,,Redwood City,37.47512829,-122.2346087,Entire home/apt,247,2,32,9/13/25,0.38,1,130,11,
29178971,"Bright and new, 2 bedroom/ 1 bath private unit",202137684,Cyan,,Pacifica,37.65174,-122.47492,Entire home/apt,142,1,290,8/24/25,3.43,1,82,19,
29214918,Charming cottage in the Silicon Valley,119912419,Sara,,San Mateo,37.55613,-122.32084,Entire home/apt,165,2,84,9/18/25,1,1,219,20,
29339384,"Silicon Valley, San Carlos, San Francisco,San Jose",43976013,Nas,,Unincorporated Areas,37.49582,-122.2866,Private room,60,15,94,8/31/25,1.12,3,265,4,
29339858,San Francisco San Jose San Carlos Silicon Valley,43976013,Nas,,Unincorporated Areas,37.49602,-122.28863,Private room,56,7,64,9/12/25,0.76,3,258,7,
29488855,❤️2BR Top Level ❤️ W/D ❤️ Parking❤️ NURSE FLEXIBILITY,2993862,Andrew,,South San Francisco,37.65321,-122.41069,Entire home/apt,,30,89,1/30/24,1.06,3,0,0,
29511100,"Entire 1 br Cottage, walk to hospital and stores",137926918,Anna,,Burlingame,37.58793,-122.38814,Entire home/apt,120,30,92,6/13/24,1.09,1,345,0,
29522182,"Gorgeous Suite close to SFO Airport, Self Check-In",4549791,Rachelle,,Burlingame,37.57779,-122.37951,Entire home/apt,135,2,123,9/22/25,1.47,1,167,27,
29562838,Mid-Century Elegance  Beneath the Redwoods,198036723,Angela Theresa,,Menlo Park,37.4401,-122.19919,Entire home/apt,261,3,80,8/29/25,1.12,1,294,10,
29613659,Cozy in Heart of San Mateo Restaurant Scene w/AC,175594334,Jocelyn & Carlton,,San Mateo,37.5707,-122.32696,Entire home/apt,256,3,59,8/9/25,0.83,2,331,12,
29686579,Simplicity at its best for FEMALE guests only!,216971027,Marguerite,,Daly City,37.67908,-122.4799,Private room,69,1,87,7/27/24,1.04,2,82,0,
29708081,Walk to SF & Daly City Bart Shops 15 mins to SFO,78363908,Jia Ling,,Daly City,37.700062,-122.469025,Entire home/apt,93,1,244,9/22/25,2.92,4,258,24,
29743755,FEMALE guests only! Simplicity at its best,216971027,Marguerite,,Daly City,37.67935,-122.48128,Private room,80,1,87,8/3/21,1.04,2,53,0,
29928498,Beautiful Relaxing Home with Ocean Views,225025037,Maggie,,Pacifica,37.66126,-122.49182,Entire home/apt,,30,106,3/13/20,1.27,1,0,0,
29943959,(A5) South SF - 1bed/bath free parking,225133911,Bella,,South San Francisco,37.66082,-122.41077,Private room,73,29,140,7/5/25,1.69,6,180,1,
29963261,"Brand-new, fully remodeled studio minutes from SFO",225281003,Khaled,,San Bruno,37.63748,-122.41333,Entire home/apt,93,1,441,9/21/25,5.29,2,250,42,
29966112,(A4) South SF - 1QuBed/bath free street parking,225133911,Bella,,South San Francisco,37.65959,-122.4123,Private room,,29,117,6/10/25,1.41,6,145,3,
30038914,Cozy front room with a flat screen tv and WiFi,225759480,Rachael,,Unincorporated Areas,37.47653,-122.19921,Private room,96,1,242,7/2/25,2.92,1,83,13,
30092697,Newly remodeled 2bed/1bath close to SFO,83356786,Yingsha,,San Mateo,37.57056,-122.31345,Entire home/apt,120,1,181,9/22/25,2.17,1,209,17,
30299308,San Carlos hills single family home,116479532,Nadia,,Unincorporated Areas,37.50274,-122.28556,Private room,181,1,0,,,1,267,0,
30341425,*** Beautiful and spacious cottage ***,119053238,Dee,,Unincorporated Areas,37.47886,-122.19383,Entire home/apt,307,1,30,2/14/20,0.36,2,90,0,
30343183,Charming Home Walk 10 Blocks to Beach 15 Min to SF,136499038,Alex,,Pacifica,37.64804,-122.48299,Entire home/apt,218,2,167,8/31/25,2.02,1,226,41,
30535019,Central Woodside suite near restaurants with view,6168524,Thareerat,,Woodside,37.43581,-122.25632,Entire home/apt,168,1,234,9/17/25,2.84,1,174,37,
30537655,cozy home A温馨舒适的家,229137110,Sue,,San Mateo,37.5292,-122.30314,Private room,,31,15,8/12/23,0.19,3,68,0,
30713833,Beautiful guest house with Bay View near SFO,229899789,Subhash,,Millbrae,37.58708,-122.39681,Entire home/apt,152,1,24,9/6/21,0.29,1,179,0,
30828104,Brand new luxury house near high tech companies,24709094,Randy,,East Palo Alto,37.46076,-122.12537,Entire home/apt,295,3,202,9/5/25,2.47,5,318,30,
30829305,"Large luxury studio with private entry, fireplace",24709094,Randy,,East Palo Alto,37.45867,-122.12527,Entire home/apt,132,3,219,9/7/25,2.67,5,330,28,
30929648,cozy home B温馨舒适的家,229137110,Sue,,San Mateo,37.52939,-122.30522,Private room,90,31,43,8/4/25,0.54,3,269,1,
30929940,cozy home C温馨舒适的家,229137110,Sue,,San Mateo,37.52807,-122.30509,Private room,90,31,36,11/10/24,0.44,3,269,1,
30937037,"Secluded mountain retreat, 20 mins to Stanford",231174117,Alambique,,Woodside,37.39293,-122.2622,Entire home/apt,,3,14,7/19/20,0.18,1,0,0,
30962121,(B1) South SF - Beautiful 2Bed SFO free parking,225133911,Bella,,South San Francisco,37.66043,-122.41046,Private room,65,29,69,8/31/25,0.84,6,169,1,
30962699,(B3) SFO/SF - 1Bed/bath free parking,225133911,Bella,,South San Francisco,37.66115,-122.4108,Private room,47,28,136,1/1/25,1.65,6,150,2,
31040543,Rockaway Beach Private Hideaway,231850569,Kevin,,Pacifica,37.60598,-122.49195,Private room,88,2,331,8/30/25,4.07,1,247,30,
31053715,Coastal Cottage,110348746,Karen,,Unincorporated Areas,37.53095,-122.51726,Entire home/apt,350,2,131,9/21/25,1.8,1,62,15,
31076996,Spend several weeks - or more - in a Castle,6412737,Carlos Scott,,San Carlos,37.50057,-122.27526,Private room,80,21,33,9/14/25,0.4,1,134,1,
31135161,Moss Beach Garden View Room,1821283,Brenda Marie,,Unincorporated Areas,37.53006,-122.5145,Private room,83,30,0,,,3,269,0,
31186450,Very Spacious Beautiful Guest Quarter!,233150340,Svetlana,,Unincorporated Areas,37.38303083,-122.2716703,Entire home/apt,161,1,179,9/21/25,2.18,1,292,21,
31190204,"Private garden bedroom near SFO, BART  & CalTrans",211539073,Susanna,,San Bruno,37.62535,-122.41574,Private room,72,1,419,9/18/25,5.55,1,318,83,
31238680,4BR 2Bath House closeby Colma Bart & SF,86027378,Ernest,,Daly City,37.68267,-122.47544,Entire home/apt,218,1,462,9/22/25,5.66,9,327,7,
31259287,Newly remodeled guest suite w/ private entrance,223398337,Mona,,Daly City,37.67689,-122.48941,Entire home/apt,,1,133,2/15/23,1.64,2,0,0,
31269436,@ Marbella Lane - Top Coastline Views | Ldry + P,118412894,Wendy,,Pacifica,37.65316,-122.483543,Entire home/apt,323,1,214,9/14/25,2.65,5,273,19,
31417680,"a1.1 Affordable, Better Than A Hostel. Male room.",38163072,Evgeny,,South San Francisco,37.66971,-122.43695,Shared room,28,3,49,1/23/25,0.6,26,1,3,
31418869,a1.2 Near Trains Bright Place. Male only room.,38163072,Evgeny,,South San Francisco,37.66775,-122.43732,Shared room,30,3,29,10/2/24,0.36,26,0,1,
31466342,Private Bedroom & BA in Daly City,86027378,Ernest,,Daly City,37.68254,-122.4775,Private room,46,30,65,4/28/23,0.82,9,236,0,
31489743,Positive Vibe Condo by the Beach,235915380,Melanie Joy,,Pacifica,37.63238,-122.49179,Entire home/apt,205,2,46,7/18/25,0.57,1,91,4,
31574661,New Modern Studio near Stanford & Palo Alto,26013423,Sarah,,East Palo Alto,37.46636,-122.14592,Entire home/apt,,2,57,2/21/25,1.08,3,0,8,
31655996,2 Rooms in home nr Stanford Hospital & SandHill Rd,5612106,La,,Unincorporated Areas,37.42928,-122.19403,Private room,612,31,0,,,4,365,0,
31715857,Bedroom with private bathroom and assigned parking,237901109,William,,South San Francisco,37.64318,-122.45123,Private room,81,1,56,9/18/25,0.71,1,269,4,
31740775,Business-Friendly room w/fast Wifi near IKEA (CB),422256440,Rika,,East Palo Alto,37.46471,-122.1453,Private room,50,4,86,9/13/25,1.08,6,190,13,
31759469,Large & Stylish Home  - Perfect for Groups Near SF,54006915,Nadzeya,,Daly City,37.69234,-122.46834,Entire home/apt,346,2,275,9/18/25,3.39,1,67,49,
31801684,Tranquil Getaway in the Heart of Silicon Valley,46099925,Peter,,East Palo Alto,37.46018,-122.14418,Entire home/apt,,3,135,11/24/24,1.69,2,0,1,
31811462,"a4.1 Conferences, Bootcamps, Interns.",38163072,Evgeny,,South San Francisco,37.66975,-122.43805,Shared room,37,3,34,3/3/25,0.43,26,90,5,
31883013,Private Garden Cottage in Belmont Hills,2607744,Mark,,Belmont,37.51332,-122.29752,Entire home/apt,261,2,260,9/14/25,3.22,1,318,28,
31887607,Cozy room on Norwood ave Daly City,239018935,Waseem,,Daly City,37.6569,-122.46403,Private room,,1,66,2/7/20,0.83,1,0,0,
31964612,Spacious & Fully Furnished 4B/2.5B Home,171837948,Karanjit,,East Palo Alto,37.462,-122.13404,Entire home/apt,290,4,83,8/19/25,1.04,2,324,7,
31997552,** 2BR Steps From Downtown Menlo Park **,176894068,Mami,,Menlo Park,37.44865,-122.18592,Entire home/apt,239,1,31,9/14/25,0.39,3,270,5,
32008649,Tranquil Space in Silicon Valley,46099925,Peter,,Menlo Park,37.45981,-122.14745,Entire home/apt,,3,157,11/14/24,1.95,2,0,2,
32027345,Point Pacific,204185881,Haris,,Daly City,37.69871,-122.45705,Entire home/apt,235,30,27,6/30/19,0.33,1,179,0,
32043169,Private room & BA Near SF and Colma Bart,86027378,Ernest,,Daly City,37.68067,-122.47554,Private room,48,30,60,1/13/24,0.77,9,269,0,
32043798,Private Bedroom/Bathroom near SF & BART,86027378,Ernest,,Daly City,37.68283,-122.47709,Private room,48,30,99,2/21/25,1.25,9,201,1,
32147969,MJ@Upscale 3B2B House Close to SFO | 525,280997145,Maria,,San Mateo,37.55628,-122.325,Entire home/apt,,3,182,6/26/25,2.26,3,0,25,
32189301,Comfy private room in Daly City,204124449,Junny,,Daly City,37.70271589,-122.4169887,Private room,83,1,176,8/13/25,2.18,3,357,14,
32287147,"Quiet, Modern Family Home near Stanford Hospital",242347121,Alexandra,,Unincorporated Areas,37.42715,-122.19255,Entire home/apt,312,2,164,7/22/25,2.07,1,48,14,
32367142,"a3.1 Stay With Us, Safe Money. Male only room.",38163072,Evgeny,,South San Francisco,37.67027,-122.43597,Shared room,40,3,45,3/27/25,0.73,26,95,3,
32367314,"a2.1 Quite, Clean Neighborhood. Male-only room.",38163072,Evgeny,,South San Francisco,37.66983,-122.43649,Shared room,34,3,38,3/19/25,0.52,26,93,2,
32424637,Secluded Private Suite in Peaceful Neighborhood,9108791,Dagmar,,Unincorporated Areas,37.47169,-122.25374,Private room,74,30,117,3/24/25,1.58,1,170,9,
32442323,Luxury 1bedroom 1bath close to Stanford,243699256,Min,,Atherton,37.46057,-122.20776,Entire home/apt,,31,93,4/3/24,1.17,1,0,0,
32472845,Private Modern Coastal Retreat With Ocean Views,243967777,Stevan,,Unincorporated Areas,37.50696,-122.46795,Entire home/apt,165,2,401,9/21/25,5.04,1,235,48,
32598255,Comfy private room near SFO/DT SF,204124449,Junny,,Daly City,37.70271922,-122.4164913,Private room,76,1,147,8/22/25,1.84,3,359,4,
32619570,"Oceanfront Retreat🐬 with Oceanview🪂,15 mins to SF",220760679,Arlene,,Pacifica,37.64722443,-122.4931335,Entire home/apt,375,2,516,9/23/25,6.46,9,311,70,
32638496,"Spacious new suite with private entry, wet bar",24709094,Randy,,East Palo Alto,37.46847,-122.13045,Entire home/apt,97,3,166,8/31/25,2.08,5,315,27,
32646157,Private guest room. Convenient peninsula location.,27831652,Kenneth,,Menlo Park,37.46098,-122.15343,Private room,,1,8,5/19/25,0.1,1,0,4,
32658088,Room on the Lagoon,245249619,Fernando,,Foster City,37.55251,-122.27526,Private room,96,1,124,8/31/25,1.57,1,359,31,
32703216,10min SFO Airport/20m SF Downtown/24h CheckIn/Rm#2,107850848,Henley,,South San Francisco,37.6531,-122.41867,Private room,56,31,132,8/9/25,1.66,4,165,4,
32791676,"The Cave in the Hills

1bed 1bath in SF",12968144,Calvin,,Daly City,37.70763,-122.43262,Entire home/apt,,1,0,,,1,0,0,
32823959,10min SFO Airport/20m SF Downtown/24h CheckIn/Rm#3,107850848,Henley,,South San Francisco,37.65722,-122.422,Private room,56,31,132,9/3/25,1.67,4,115,4,
32898615,Remodelled stylish house near high tech companies,24709094,Randy,,East Palo Alto,37.46847,-122.13045,Entire home/apt,202,3,140,8/28/25,1.77,5,306,24,
32899201,"Oceanside Cozy 1Bd/1Ba Suite, 15min to SF.",245442039,Gene,,Daly City,37.68175,-122.49267,Entire home/apt,,1,418,9/3/25,5.25,9,0,7,
32899294,Foster City 1bd Many Amenities Pool+Gym+Smart TV!,53566312,Aubrey,,Foster City,37.54872,-122.27511,Entire home/apt,500,1,20,1/22/20,0.25,1,180,0,
32924989,Mini cottage near San Francisco & SF airport,40066591,En,,Unincorporated Areas,37.69138,-122.4763,Entire home/apt,62,1,820,9/22/25,10.45,2,144,107,
32941393,旧金山机场附近Millbrae高级住宅区私人卫生间舒适套房,247094531,Yuefeng,,Millbrae,37.59204,-122.399,Private room,59,1,539,9/20/25,7.04,11,358,93,
32942242,旧金山机场附近Millbrae高级住宅区私人卫生间舒适双床套房,247094531,Yuefeng,,Millbrae,37.59187,-122.40122,Private room,73,1,539,9/22/25,7.22,11,351,100,
32942399,旧金山机场附近Millbrae高级住宅区私人卫生间舒适双床套房,247094531,Yuefeng,,Millbrae,37.59363,-122.39923,Private room,71,1,566,9/17/25,7.39,11,351,55,
32942442,旧金山机场附近Millbrae高级住宅区私人卫生间舒适双床套房,247094531,Yuefeng,,Millbrae,37.59217,-122.39915,Private room,66,1,503,9/22/25,6.8,11,355,68,
32946337,Panoramic | Oceanside 3Bd/2Ba 15min to SF,245442039,Gene,,Daly City,37.67972,-122.49337,Entire home/apt,,1,352,9/11/25,4.43,9,0,19,
32956858,SF Luxury Retreat! Near CalTrain/BART + 3 Parkings,104391492,George (Luxyom LLC),,South San Francisco,37.66346,-122.4114,Entire home/apt,152,1,18,12/15/24,0.23,12,335,1,
32962399,Luxury bedroom in Downtown San Mateo. Near SFO,168418572,Mary,,San Mateo,37.56813,-122.32871,Private room,1184,90,0,,,1,358,0,
32996943,Clean and cozy single family home with 2 bedrooms,17293182,Connie,,Unincorporated Areas,37.47195,-122.24992,Entire home/apt,,7,1,12/23/21,0.02,1,0,0,
33038965,Organic Retreat+Healthy Home+Business Travel Ready,65230311,Wendy,,Unincorporated Areas,37.52853,-122.3357,Private room,,4,55,5/21/22,0.7,2,0,0,
33042154,Near SFO/Driveway parking/no cleaning fees,248686019,Valaisree(Ning),,San Bruno,37.62956,-122.45988,Private room,78,1,415,9/13/25,5.23,2,215,58,
33092157,Quaint Cottage Near Downtown Palo Alto,302989219,Jess,,Menlo Park,37.45524,-122.16264,Entire home/apt,203,3,142,9/12/25,1.98,1,275,36,
33101714,10min SFO Airport/PrivateBath/24h CheckIn/Rm#1,107850848,Henley,,South San Francisco,37.64694,-122.4216,Private room,71,31,128,2/15/25,1.63,4,167,3,
33117862,Separate Garden Room Blocks from Montara Beach,117010216,Marion,,Unincorporated Areas,37.54327,-122.51221,Private room,100,2,226,9/10/25,3.23,2,358,24,
33136118,Cozy Private room with Private entrance 6min-FB,47803253,Shereen,,Menlo Park,37.47572,-122.15867,Private room,68,3,16,2/15/20,0.2,2,242,0,
33164320,Peaceful single bedroom in Menlo Park,100108686,Jasmina,,Menlo Park,37.47538,-122.15698,Private room,56,3,35,8/29/25,0.45,1,279,4,
33166760,<<2BR Steps From Downtown Menlo Park with A/C ! >>,176894068,Mami,,Menlo Park,37.44689,-122.18432,Entire home/apt,268,1,25,9/1/25,0.31,3,261,1,
33201389,"a4.5 Conferences, Boot Camps, Interns.",38163072,Evgeny,,South San Francisco,37.66954,-122.43539,Shared room,37,3,55,9/10/25,0.7,26,96,4,
33293851,Cottage in Silicon Valley,250751713,Anthony,,Menlo Park,37.45965,-122.14563,Entire home/apt,,14,0,,,1,0,0,
33339454,Shoreview Room with Private Entrance,171916864,Jeff,,San Mateo,37.57089,-122.31086,Private room,54,2,63,5/14/25,0.8,3,277,5,
33345521,🧸PrivateBath☘️ near SFO/Bart kitchen Laundry*WiFi *,149772731,Winnie,,Daly City,37.69364,-122.46246,Private room,,2,6,10/6/19,0.08,6,0,0,
33367396,Ordinary house room 1,219555617,Toshinori,,San Mateo,37.55344,-122.32141,Private room,68,1,364,9/23/25,4.61,1,308,83,
33399131,Airy room with private entrance and bath,251388142,Stacey,,Redwood City,37.49133,-122.24639,Private room,77,1,405,9/24/25,5.14,1,17,35,
33421710,Two Bedroom Suite Inside Healthy Home+Retreat+View,65230311,Wendy,,Unincorporated Areas,37.52355,-122.33962,Entire home/apt,,80,71,6/9/24,0.9,2,0,0,
33423877,"Strikingly elegant, exquisite & estately Villa!",46077610,Qian,,Woodside,37.42916,-122.25017,Private room,303,3,56,9/3/25,0.71,7,359,12,
33433655,Spectacular Bay View Silicon Valley Retreat,49226984,Diana,,Unincorporated Areas,37.48024,-122.2706,Entire home/apt,,30,73,1/31/23,0.93,5,0,0,
33456371,Scandinavian Zen Pacifica Studio,43822680,Briseida,,Pacifica,37.60907,-122.48343,Entire home/apt,101,30,103,5/13/25,1.31,1,83,2,
33574228,A room for a night or 2,81992679,Heintje,,South San Francisco,37.64471,-122.45636,Private room,,1,5,7/16/21,0.07,2,0,0,
33713716,"2BR Home Near Stanford, on Sand Hill Road",12940850,Kevin,,Unincorporated Areas,37.42809,-122.19306,Entire home/apt,376,3,15,5/9/22,0.19,6,10,0,
33722621,Pedro Point Beach Getaway,4674909,Amanda,,Pacifica,37.59597,-122.51151,Entire home/apt,252,2,69,7/13/25,0.88,1,211,10,
33781591,Belmont Hills Hideaway,254695539,Annette,,Belmont,37.51356,-122.27965,Entire home/apt,211,3,38,9/14/25,0.51,1,229,9,
33837402,Spacious & Luxurious 1 BR w/Pool & Free Parking,254463667,Madi,,Menlo Park,37.48731,-122.1825,Entire home/apt,225,1,220,9/1/25,2.83,6,238,24,
33949154,🧸PrivateBath ☘️near SFO/Bart kitchen Laundry*WiFi *,149772731,Winnie,,Daly City,37.69228,-122.46397,Private room,,2,13,2/27/20,0.17,6,0,0,
33977824,🧸PrivateBath ☘️near SFO/Bart kitchen Laundry*WiFi *,149772731,Winnie,,Daly City,37.69383,-122.46253,Private room,,2,10,1/16/20,0.13,6,0,0,
33978186,🧸PrivateBath ☘️near SFO/Bart kitchen Laundry*WiFi *,149772731,Winnie,,Daly City,37.69394,-122.46273,Private room,,2,23,2/18/20,0.3,6,0,0,
33995060,Tree house in SanCarlos,8908892,Christine,,Unincorporated Areas,37.49608,-122.2802,Entire home/apt,,3,23,7/18/25,0.3,1,0,4,
33995085,Spacious Coastal Retreat Near Beach and Harbor,256682119,Mary,,Unincorporated Areas,37.50995,-122.47911,Entire home/apt,281,2,231,9/22/25,2.98,2,62,13,
34188533,Cali Cool • Comfy Private Room 15min from SFO,93787814,Juliet,,Daly City,37.70565,-122.4499,Private room,75,1,272,8/31/25,3.5,4,312,53,
34251764,Near SF Bay coastal park & close to downtown.,54353275,Kelly,,San Mateo,37.56386026,-122.3245232,Private room,61,1,5,8/3/25,0.19,1,260,2,
34258947,Garden View Cute Cottage With AC,23992717,Kazutaka,,Redwood City,37.46223,-122.23343,Entire home/apt,132,2,48,9/18/25,0.62,1,43,14,
34262188,Beachfront Ocean Views near SF! (Neptune 2),72356201,Carlos Bernardo,,Pacifica,37.63452,-122.49318,Entire home/apt,130,3,200,9/14/25,2.57,11,329,33,
34284906,Skyline and Heaven Guesthouse,7043660,Rebecca,,Unincorporated Areas,37.32856,-122.20768,Entire home/apt,301,3,0,,,1,83,0,
34293273,Modern and Stylish 2 Bedroom Home,118436227,Jason,,Daly City,37.69916,-122.4623,Entire home/apt,122,1,517,9/17/25,6.64,2,262,99,
34297218,Sparkling Clean Luxury 3BR near SF+ Parkings + EV,104391492,George (Luxyom LLC),,South San Francisco,37.66171,-122.4117,Entire home/apt,152,1,42,9/1/25,0.59,12,335,7,
34317285,"Cozy, creekside guest suite with private entrance",259080370,Joanne,,Unincorporated Areas,37.50829,-122.47352,Entire home/apt,124,2,301,9/7/25,4.34,1,90,55,
34345886,Estately Plausibility of Simplicity,46077610,Qian,,Woodside,37.42879,-122.24853,Private room,478,2,50,7/20/25,0.65,7,345,5,
34441221,PrivEntryRm/attached FullBath/FridgeMicroWave/view,259989889,Ling,,Burlingame,37.58469,-122.388443,Private room,,30,73,8/31/24,0.94,7,0,0,
34447185,SunriseView/FreshAir/PopularPrivEntryRmYardKitchen,259989889,Ling,,Burlingame,37.58566,-122.3889,Private room,,30,101,6/22/25,1.3,7,0,1,
34499317,San Francisco's Best Suburb!,222767094,Benjamin Jr,,Daly City,37.67608,-122.4888,Entire home/apt,742,3,1,12/30/21,0.02,1,270,0,
34502324,Private Entry - Garden View/Oceanside Suite,64203044,Victor,,Daly City,37.69382,-122.49539,Private room,83,1,587,9/18/25,7.59,1,249,75,
34539980,"zz -- Serenity, Sophistication, and Stunning Views",12940850,Kevin,,Woodside,37.45457,-122.27102,Entire home/apt,312,5,45,5/29/20,0.58,6,0,0,
34569173,Silicon Valley Hidden Treasure,187927864,Marie,,San Mateo,37.57952,-122.31695,Private room,75,1,4,9/13/25,1.07,1,65,4,
34612349,❤️ 10min FROM SFO W/PRIVATE BATH & EASY PARKING,105174137,Mocen,,Daly City,37.6925,-122.49243,Private room,75,2,183,9/8/25,2.37,2,264,21,
34641421,Room in a private home,60562592,Oswaldo,,East Palo Alto,37.46675,-122.14733,Private room,68,1,23,8/10/24,0.31,4,328,0,
34681471,***QUIET GARDEN GETAWAY W/ BREATHTAKING SF VIEWS**,261616147,Felecia,,Daly City,37.7059,-122.43037,Entire home/apt,,2,54,8/1/21,0.7,1,87,0,
34683577,Green House - Northwest Room,5887822,Dan,,Pacifica,37.63692,-122.48222,Private room,82,1,332,9/23/25,4.29,2,339,55,
34712150,HMB Coastal Retreat with Hot Tub and EV Charging!,33113726,Tracy,,Half Moon Bay,37.46195,-122.44142,Entire home/apt,1395,2,29,7/20/25,0.39,1,360,1,
34781526,3 Bedroom Executive Rental In Daly City,24157036,Angela,,Daly City,37.69205,-122.45534,Entire home/apt,405,30,2,3/31/25,0.07,1,262,1,
34815621,Chic Art House- 3 Bedroom-near SFO,14686972,Eileen,,Burlingame,37.59275,-122.37949,Entire home/apt,362,2,52,8/10/25,1.36,1,61,14,
34832206,Mini Suite studio,25044618,Yonghua,,East Palo Alto,37.46947,-122.14039,Private room,95,3,18,8/9/25,0.24,1,172,2,
34875118,Golden Getaway • Spacious Private Room 15m to SFO,93787814,Juliet,,Daly City,37.7051,-122.45066,Private room,59,1,255,9/10/25,3.32,4,277,55,
34977099,LuxoStays l! ! Lovely 2BR #SFO #Train #Laundry,226555948,Gino Angelo Timpog,,Burlingame,37.58739,-122.36174,Entire home/apt,132,2,207,5/24/25,2.7,15,315,19,
35039024,Stylish 4 bedroom house near high tech companies,24709094,Randy,,East Palo Alto,37.46782,-122.12955,Entire home/apt,286,3,27,8/18/25,0.36,5,296,5,
35044166,Tranquility Villa/10 Min away from SFO,198006968,Wei,,Millbrae,37.58737,-122.40127,Entire home/apt,470,2,51,6/25/24,0.67,2,257,0,
35071025,Business-Friendly room w/fast Wifi near IKEA (CA),422256440,Rika,,East Palo Alto,37.46258,-122.14553,Private room,45,3,112,9/13/25,1.5,6,196,23,
35081854,Exquisite Estately Villa,46077610,Qian,,Woodside,37.42745,-122.24839,Entire home/apt,864,3,47,8/10/25,0.61,7,356,5,
35095573,Jacuzzi/PrivEntryBathParking/Stunning view/340sqft,259989889,Ling,,Burlingame,37.58598,-122.38795,Private room,,30,44,8/26/23,0.6,7,0,0,
35098096,Easy Access Beach/SF/Airport Panoramic OceanView,249490347,Erlong,,Daly City,37.6657,-122.48753,Entire home/apt,177,1,296,9/10/25,3.85,1,324,44,
35133508,Home of silicon valley engineer,24660882,Shen,,Menlo Park,37.47699,-122.15565,Private room,270,3,2,8/21/22,0.03,2,179,0,
35135927,PRIVATE ENTRY - PRIVATE BATH - Brand New Room,77165443,Jubitza,,Redwood City,37.46637,-122.24578,Private room,76,3,131,9/7/25,1.72,1,287,21,
35192134,Luxury stay near downtown Menlo Park & Palo Alto,264871963,Priscilla,,Menlo Park,37.46057,-122.16086,Private room,225,1,50,6/13/25,0.65,3,294,1,
35236614,Studio cottage close to Stanford and downtown,57050634,Nanaka,,Menlo Park,37.46001,-122.15785,Entire home/apt,143,1,44,9/19/25,0.58,1,259,6,
35382914,Stairway to Heaven - 1 bedroom,7091428,David,,Unincorporated Areas,37.51242,-122.46495,Entire home/apt,185,2,334,8/25/25,4.39,2,320,28,
35425933,"Chic, peaceful luxury private bedroom & bath",264871963,Priscilla,,Menlo Park,37.46174,-122.1632,Private room,375,1,15,2/14/20,0.2,3,287,0,
35454347,"House near SF w/ Panoramic view, 15 mins from SFO",266756924,Long,,Daly City,37.68599211,-122.4916388,Entire home/apt,186,2,333,9/17/25,4.39,1,68,36,
35463338,Modern Home with 5 Parking Spots and Backyard,266799103,Elizabeth,,Daly City,37.69992,-122.46416,Entire home/apt,,1,66,9/13/21,0.86,2,0,0,
35495713,PrivateFridgeMVRoom/1.5 BathwithPrivateToiletSink,259989889,Ling,,Burlingame,37.58544,-122.38924,Private room,,30,76,8/31/24,1.01,7,0,0,
35497259,The Chandelier Studio,173832493,Sonia,,Redwood City,37.45611,-122.236,Entire home/apt,124,2,234,9/23/25,3.08,2,343,28,
35514545,QuietBackYardView/FridgeMV/FreeParking/BR2stepAway,259989889,Ling,,Burlingame,37.58519,-122.38726,Private room,,30,88,7/2/23,1.15,7,0,0,
35520537,旧金山机场附近Millbrae高级住宅区超大私人洗手间衣帽间舒适三床套房,247094531,Yuefeng,,Millbrae,37.59398,-122.40119,Private room,90,1,642,9/20/25,8.38,11,346,97,
35541146,Beautiful 1 bedroom near Palo Alto and Menlo Park,119053238,Dee,,Redwood City,37.50103,-122.20978,Entire home/apt,289,1,3,9/8/19,0.04,2,90,0,
35583331,Serenity Yurt at Venture,112089094,Janelle,,Unincorporated Areas,37.2178,-122.34518,Entire home/apt,247,1,1,7/8/21,0.02,10,2,0,
35611858,Papillon ~ Renovated Home in Downtown San Carlos,69090731,Pirooz,,San Carlos,37.50025,-122.25151,Entire home/apt,266,3,130,9/7/25,1.72,2,247,20,
35671852,Newly Built Spacious Studio close to Stanford,268344439,Sanjeev,,East Palo Alto,37.45987,-122.12973,Entire home/apt,102,4,81,8/10/25,1.06,4,315,10,
35674738,Remodeled  Independent Studio close to Stanford,268344439,Sanjeev,,East Palo Alto,37.45998,-122.12836,Entire home/apt,98,3,70,8/30/25,0.92,4,327,9,
35742272,Stylish Home with 3 Parking Spots and backyard,266799103,Elizabeth,,Daly City,37.70066,-122.46237,Entire home/apt,,1,66,9/14/21,0.87,2,0,0,
35745882,Safe and Serene Beachfront Sanctuary!  (Mermaid 2),72356201,Carlos Bernardo,,Pacifica,37.63284,-122.49472,Entire home/apt,125,3,283,9/14/25,3.72,11,333,53,
35790522,"2BR House  near SFSU w/ kitchen, & free parking",6458540,John,,Daly City,37.701366,-122.489601,Entire home/apt,227,1,31,8/13/25,0.42,2,360,3,
35797698,"Stylish & Charming Home in Millbrae, Near SF & SFO",269290865,Lily And Samuel,,Millbrae,37.60233,-122.40348,Entire home/apt,183,30,28,5/4/25,0.37,1,178,1,
35879030,A Cozy Private Suite at the Foot of San Francisco,2942284,Robert & Rose,,Daly City,37.65656,-122.46557,Entire home/apt,118,1,370,9/17/25,4.86,1,226,57,
35912710,Luxury Beachfront Penthouse near SF (Blue Wave 4),72356201,Carlos Bernardo,,Pacifica,37.63403,-122.49446,Entire home/apt,239,4,177,8/2/25,2.32,11,289,22,
35963401,"Beautiful 3 Bedroom, 2 Bath House",1336368,Richetta And Ra,,East Palo Alto,37.46773,-122.14223,Entire home/apt,525,3,1,7/21/22,0.03,3,363,0,
35971424,Safe and Serene Beachfront Sanctuary! (Mermaid 1),72356201,Carlos Bernardo,,Pacifica,37.63425,-122.4934,Entire home/apt,146,5,222,9/15/25,2.93,11,328,42,
35976467,Tranquil Lagoon View 3BR House Near SFO,23189876,Shanshan,,Foster City,37.56365,-122.26444,Entire home/apt,309,1,275,9/7/25,3.62,1,179,49,
36173359,Beach home in Miramar Surf,43185,Hijin + David,,Unincorporated Areas,37.4979,-122.46177,Entire home/apt,217,30,2,7/3/24,0.09,1,365,0,
36180313,Marbella Lane - 3BR House | DTWN RWC | Parking,118412894,Wendy,,Redwood City,37.4757544,-122.2231759,Entire home/apt,159,1,92,2/20/25,1.23,5,360,4,
36200780,Cowabungalow/ Quiet studio near Stanford/Tech hubs,237247,Sandra,,Menlo Park,37.45951,-122.15942,Private room,126,1,273,9/18/25,3.6,1,322,45,
36240153,"Private, Secluded Room and Garden in Calm Pacifica",224580315,Dodie,,Pacifica,37.65233,-122.48386,Entire home/apt,102,30,159,2/9/24,2.16,1,363,0,
36280973,Spacious Suite in Moss Beach,64848215,Abby,,Unincorporated Areas,37.52634,-122.51126,Private room,,2,17,7/19/21,0.23,1,0,0,
36281285,Entire studio in Palo Alto,178533505,Payam,,East Palo Alto,37.46258,-122.14788,Entire home/apt,,1,39,10/14/22,0.51,1,0,0,
36303045,Rare Find* Spacious 3bd/2ba Parking & Skyline View,20734176,Edwin,,Daly City,37.70766,-122.42997,Entire home/apt,152,2,175,9/21/25,2.34,4,326,43,
36336746,Sunset Cottage,15322479,Molly,,San Carlos,37.4919548,-122.2694855,Entire home/apt,,4,103,4/1/24,1.37,1,0,0,
36351029,Burlingame Downtown Sophisticated Suite Spot,37847029,Gloria,,Burlingame,37.58116,-122.3495,Entire home/apt,198,5,67,9/21/25,0.91,1,153,12,
36354609,Cozy Private Room,95158408,Joseph,,Daly City,37.66032,-122.46678,Private room,,1,0,,,2,0,0,
36361296,Flex Staycation,95158408,Joseph,,Daly City,37.65954,-122.46684,Private room,,1,0,,,2,0,0,
36362823,Palo Alto Stanford Peaceful Stay,50211416,Jessie,,East Palo Alto,37.45982,-122.1268,Private room,,7,9,2/19/23,0.17,7,0,0,
36458026,Beautiful 2 Bed/1Bath Suite close to Stanford,268344439,Sanjeev,,East Palo Alto,37.45775,-122.12995,Entire home/apt,116,3,58,8/28/25,0.93,4,55,6,
36566571,Serene Modern Home with Yard & Parking,129322883,Mirana And Arseni,,San Mateo,37.58314,-122.33063,Entire home/apt,331,2,270,9/19/25,3.59,2,81,51,
36593535,Serene 1 Bedroom Condo / Private Patio - San Mateo,7004874,Taleen,,Unincorporated Areas,37.54475,-122.32255,Entire home/apt,,1,84,3/25/23,1.12,1,0,0,
36637084,Ocean Front Beach Apartment near SF! (Neptune 1),72356201,Carlos Bernardo,,Pacifica,37.63426,-122.49299,Entire home/apt,139,2,223,9/17/25,2.96,11,313,37,
36639062,"Luxury, sunny, spacious, tranquil Menlo Park bdrm",264871963,Priscilla,,Menlo Park,37.46064,-122.16124,Private room,225,1,41,9/11/25,0.54,3,311,2,
36669017,Redwood Casita,221109063,Jim And Te,,Redwood City,37.47932,-122.22131,Entire home/apt,110,2,161,9/11/25,2.25,1,118,26,
36673623,Luxury Beachfront Penthouse Near SF (Blue Wave 3),72356201,Carlos Bernardo,,Pacifica,37.63331,-122.49293,Entire home/apt,246,3,248,9/19/25,3.29,11,322,40,
36770171,Luxury 7BR Home Near SFO w/Parking,25120232,Sharon,,Daly City,37.69287372,-122.4683561,Entire home/apt,484,2,135,9/18/25,1.9,5,203,29,
36817651,"Blueground | San Mateo, pool, gym, parking",107434423,,,San Mateo,37.544837,-122.292599,Entire home/apt,295,31,2,12/16/22,0.03,144,258,0,
36820103,Surfers Coastal Delight,245618392,Violet,,Unincorporated Areas,37.50467,-122.4679,Entire home/apt,108,3,84,9/8/25,1.93,1,47,26,
36889775,"Bright, clean, quiet private room at San Mateo",23462953,Ge,,San Mateo,37.53356,-122.3211,Private room,76,1,82,9/22/25,1.21,1,287,42,
36894212,Unique Artistic Villa in Nature for Special Events,115541519,Milada,,San Carlos,37.48778,-122.2911,Entire home/apt,896,1,1,8/2/19,0.01,2,89,0,
37010710,Private entrance 1BR/1BA/Kitchen 10min to SFO/SF,132224820,Tony,,Daly City,37.65332,-122.47012,Entire home/apt,100,1,95,9/16/25,1.28,1,194,31,
37011585,This loft room is a great space,1905172,Cath,,Redwood City,37.48696,-122.23569,Private room,64,31,11,12/18/24,0.22,13,80,2,
37017943,Cute loft-just a block to downtown Redwood City!,1905172,Cath,,Redwood City,37.4874,-122.23697,Private room,56,31,9,3/19/25,0.12,13,305,1,
37058386,"Waterfront Condo, private great location hwy101/92",69425119,Todd,,San Mateo,37.54614,-122.28245,Entire home/apt,,3,8,11/22/19,0.11,1,0,0,
37061316,The Perfectly Appointed Modern English Guest House,25970007,Kimberly,,San Carlos,37.49990463,-122.2570343,Entire home/apt,227,2,271,9/19/25,3.62,1,328,47,
37095764,Bay Area Private Loft Long Term Rental,56731063,Peter,,Daly City,37.70157,-122.46174,Entire home/apt,75,31,27,6/6/25,0.36,4,161,4,
37130130,Newly renovated 4BR 2BA home with ocean views!,5241283,William,,Daly City,37.66531,-122.49091,Entire home/apt,,7,21,3/9/20,0.28,4,0,0,
37131669,"Canyon Oak House: Private, tranquil with trees",279314793,Petra,,Unincorporated Areas,37.49463,-122.28168,Entire home/apt,243,2,127,8/25/25,1.69,1,333,24,
37189273,Luxury Beachfront Condo Near SF (Blue Wave 1),72356201,Carlos Bernardo,,Pacifica,37.63213,-122.49336,Entire home/apt,203,4,257,9/15/25,3.43,11,330,40,
37244549,Stylish Urban Escape Close to SFO & Many Amenities,14989406,Jonathan,,South San Francisco,37.6398,-122.42635,Entire home/apt,205,2,231,9/22/25,3.09,2,140,49,
37293250,Fabulous  2Bd/1Ba Unit close to Stanford,268344439,Sanjeev,,East Palo Alto,37.46973,-122.1418,Entire home/apt,135,3,77,8/29/25,1.03,4,332,8,
37365235,"Luxo Stays |Modern Studio| Near SFO, Westlake BART",226555948,Gino Angelo Timpog,,Daly City,37.70238377,-122.4813705,Entire home/apt,100,2,348,9/15/25,4.78,15,336,32,
37429763,"Eichler style guest house, discounted longer stays",521340,Elaine,,Unincorporated Areas,37.52987,-122.3507,Entire home/apt,250,30,11,2/13/22,0.15,1,37,0,
37430955,Nice place and chill bedroom!,152500309,Cicero,,Belmont,37.50645,-122.29231,Private room,,1,1,8/11/19,0.01,1,0,0,
37432047,Redwood Cozy  House,259503163,Joy,,Unincorporated Areas,37.47663,-122.20285,Entire home/apt,,31,1,8/13/19,0.01,1,0,0,
37438406,"Cottage on the Water -SUP,Kayaking,Canoeing",200723062,Wilson,,San Mateo,37.55816,-122.29398,Entire home/apt,131,2,108,9/20/25,2.09,1,347,19,
37556974,5 bed/3.5 bath Quiet home near Stanford,272721817,Angel Fereshteh,,Menlo Park,37.44236,-122.18282,Entire home/apt,572,3,40,9/18/25,0.55,2,234,10,
37599412,Family Spot at Belmont,153491188,Pedro,,Belmont,37.52605,-122.27997,Private room,,1,1,8/13/19,0.01,1,0,0,
37640283,Elegant retreat in Redwood City,10737612,Amber,,Unincorporated Areas,37.45699,-122.26297,Entire home/apt,146,2,190,9/16/25,2.57,1,325,32,
37660542,B & V’s Flexvacation with Private Entrance,217487238,Victor E,,Daly City,37.65941,-122.46467,Private room,,2,47,8/18/25,0.66,1,2,23,
37680737,In proximity to all the best of Silicon Valley!,22668473,Meda,,East Palo Alto,37.46811,-122.15076,Private room,70,1,34,8/21/25,0.46,1,286,10,
37814406,New remodel private room and bathroom in Daly City,59422888,Ar,,Daly City,37.66689,-122.48757,Private room,,31,60,11/1/21,0.81,2,0,0,
37815477,New remodel Entire home 1B1B kitchen in Daly City,59422888,Ar,,Daly City,37.6682374,-122.4889428,Entire home/apt,,1,77,11/1/21,1.04,2,0,0,
37816452,1BR Close to San Mateo Restaurants CalTrain (A/C),175594334,Jocelyn & Carlton,,San Mateo,37.58019,-122.31726,Entire home/apt,,2,3,9/17/23,0.08,2,0,0,
37818005,Luxurious Primary Bedroom & large private bathroom,49048931,Jason,,Foster City,37.55518,-122.24849,Private room,62,5,9,3/31/25,0.18,4,162,3,
38025627,旧金山机场附近Millbrae高级住宅区温馨舒适十床五套房别墅,247094531,Yuefeng,,Millbrae,37.5941,-122.40053,Entire home/apt,557,1,7,7/15/25,0.1,11,341,1,
38026065,Private 1 bedroom. Queen bed. Wi-Fi. Tv. House.,59987001,Shane,,Daly City,37.67629,-122.48004,Private room,,3,28,9/7/21,0.38,3,0,0,
38102532,"Private 2-bedroom home, free parking & near SF",129139383,Jianjun,,Unincorporated Areas,37.68989,-122.47736,Entire home/apt,110,30,104,6/1/24,1.52,4,337,0,
38107720,"Spacious & Clean 4BR SSF House, Amazing Bay Views",289296460,Wing,,South San Francisco,37.64722,-122.45489,Entire home/apt,383,2,46,8/11/25,0.62,1,173,8,
38124837,"NEW!Coastal Studio 1-PRIVATE,CLEAN, NO COMMON AREA",20277948,Ella,,Pacifica,37.59267,-122.50816,Entire home/apt,254,1,180,8/10/25,2.52,5,349,19,
38133000,"NEW!Coastal Suite 3 Private, Clean, No Common Area",20277948,Ella,,Pacifica,37.59451,-122.50695,Entire home/apt,277,1,138,8/26/25,1.99,5,330,16,
38133200,"NEW!Coastal Suite 2 Private, Clean, No Common Area",20277948,Ella,,Pacifica,37.59286,-122.50823,Entire home/apt,277,1,63,8/9/25,0.92,5,307,3,
38163156,"NEW!Beach Bungalow 4 Private, Clean,No Common Area",20277948,Ella,,Pacifica,37.59471,-122.50704,Entire home/apt,277,1,299,9/17/25,4.24,5,335,49,
38182826,Charming 1930 Spanish Haven close to everything,156219842,Tammy,,San Carlos,37.49248,-122.24755,Entire home/apt,273,2,166,9/1/25,2.27,1,211,36,
38184594,Secluded Creekside Home ~25 minutes from Stanford,290156445,Chris,,Unincorporated Areas,37.33021,-122.27072,Entire home/apt,201,1,2,5/5/24,0.04,1,70,0,
38188404,Private room in daly city,290182839,Said,,Daly City,37.69888,-122.4853,Private room,,30,0,,,1,0,0,
38192502,Sparkling Clean Brand New Luxury House w Parkings,104391492,George (Luxyom LLC),,Pacifica,37.64644,-122.4757,Entire home/apt,269,1,299,9/20/25,4.1,12,330,50,
38194293,Sparkling Clean Luxury Brand New House+Parking,104391492,George (Luxyom LLC),,Pacifica,37.64779,-122.47389,Entire home/apt,269,1,62,9/1/25,0.85,12,330,9,
38237044,Guest Bedroom in Redwood,26731800,Yuxuan,,Redwood City,37.53893,-122.24249,Private room,200,1,0,,,1,88,0,
38301686,Cozy 2BR Steps to Pacifica Beach (Surfista 2),156365053,Sierra,,Pacifica,37.62978,-122.49053,Entire home/apt,151,4,171,9/13/25,2.32,1,6,19,
38375940,Southgate #7 Private Studio. Close to Serramonte,59987001,Shane,,Daly City,37.67629,-122.48004,Private room,,2,19,9/13/21,0.26,3,0,0,
38390959,Elegant and cozy studio,21214934,Maroussia,,East Palo Alto,37.46595,-122.12791,Entire home/apt,1240,1,19,5/17/25,0.26,7,365,1,
38391230,"Elegant, brand new & modern 1 BR house w/ parking",21214934,Maroussia,,East Palo Alto,37.45419,-122.12685,Entire home/apt,880,1,20,5/3/24,0.27,7,343,0,
38391303,Cozy & affordable studio in the Bay!,21214934,Maroussia,,East Palo Alto,37.46547,-122.12833,Entire home/apt,1190,90,12,8/10/25,0.16,7,365,1,
38430002,Modern & Luxury Bay Area Retreat | 20 Mins to SF,10388609,Leo,,Unincorporated Areas,37.68862,-122.48181,Entire home/apt,243,2,498,9/10/25,6.78,3,339,66,
38430987,Cozy & Modern 2BR Guest House | 20 Mins to SF,10388609,Leo,,Unincorporated Areas,37.69078,-122.48198,Entire home/apt,136,2,371,9/8/25,5.06,3,351,51,
38430998,Premium Luxury Suite with KING BED | 20 Mins to SF,10388609,Leo,,Unincorporated Areas,37.68955,-122.4838,Entire home/apt,127,2,509,9/7/25,6.93,3,354,55,
38438733,"Attractive oasis, 2 king-sized beds",35101802,Alvin,,San Mateo,37.56779,-122.29933,Entire home/apt,92,2,214,9/17/25,3.13,6,322,38,
38438734,Fetching cozy studio close to everything,35101802,Alvin,,San Mateo,37.56577,-122.30061,Entire home/apt,79,2,95,9/15/25,1.37,6,342,9,
38438735,Elegant charming unit close to everything,35101802,Alvin,,San Mateo,37.56586,-122.29888,Entire home/apt,100,2,113,9/16/25,1.65,6,340,11,
38438736,Beautiful centralized home away from home,35101802,Alvin,,San Mateo,37.56738,-122.30004,Entire home/apt,102,2,119,8/12/25,1.72,6,360,13,
38478133,"Pacifica studio, close to beaches & San Francisco",9048384,Lyssa,,Pacifica,37.61113,-122.48445,Entire home/apt,,31,23,7/26/24,0.89,1,0,0,
38546091,Sparkling Clean Private Luxury Suite Near SF/SFO,104391492,George (Luxyom LLC),,Pacifica,37.64661,-122.47377,Entire home/apt,114,1,198,9/6/25,2.71,12,253,32,
38558036,Southgate #5 Private Studio Daly City. Amenities,59987001,Shane,,Daly City,37.67732,-122.48082,Private room,,4,24,6/1/21,0.33,3,0,0,
38574440,Apartment in Daly City,294324241,Larry,,Daly City,37.7058,-122.43405,Entire home/apt,120,30,47,9/6/25,0.64,1,352,4,
38640459,Urban Oasis of Tranquility,78148929,Irina,,Redwood City,37.47187,-122.21736,Private room,143,3,3,9/12/24,0.24,1,362,0,
38676567,Steps to Beach Ocean Retreat / Private Entrance 4,252350926,Charles,,Half Moon Bay,37.46468,-122.44441,Entire home/apt,161,2,213,8/21/25,2.94,2,220,29,
38693323,Menlo Park Studio ~ 2 Mi to Stanford University,126644161,Evolve,,Menlo Park,37.44917,-122.1688,Entire home/apt,204,2,92,9/6/25,1.26,7,302,19,
38697744,Coastal Family Retreat in Half Moon Bay,153259487,Tarah,,Half Moon Bay,37.43209,-122.43679,Entire home/apt,1101,3,37,8/24/25,0.53,1,335,3,
38698670,Garden Cottage,123512529,Pam,,Half Moon Bay,37.46507645,-122.4301147,Entire home/apt,182,2,76,9/7/25,2.07,1,59,4,
38698992,Cozy Cottage Very Close to Downtown and Caltrain,96053433,Cynthia,,Redwood City,37.47978,-122.23189,Entire home/apt,,2,29,10/27/21,0.41,1,0,0,
38819319,A little piece of heaven...,300639840,Mirela,,Unincorporated Areas,37.5033,-122.49288,Entire home/apt,897,1,243,8/20/25,3.35,1,155,25,
38822426,"Enjoy a quiet, respectful and friendly place",171836167,Eduardo,,Daly City,37.70048,-122.4839,Private room,,2,0,,,1,0,0,
38824930,Pacifica getaway,284635701,Hector Arturo,,Pacifica,37.65492,-122.4895,Private room,,1,0,,,1,0,0,
38825843,Beautiful townhouse in San Mateo,22957945,Xiaoxuan,,San Mateo,37.5561,-122.30765,Private room,,1,0,,,1,0,0,
38852625,San Francisco Launch Pad! 15 mins to Downtown SF!,297489009,Connie,,Daly City,37.70265,-122.48974,Entire home/apt,,2,248,7/27/25,3.4,1,0,32,
38881893,Cozy Room A - near SFO/San Mateo Downtown/SF - HEM,85048744,Sky,,San Mateo,37.5663,-122.30153,Private room,71,31,10,2/20/20,0.14,24,327,0,
38885336,Cozy Room B w/ Bath SFO/San Mateo Downtown/SF -HEM,85048744,Sky,,San Mateo,37.56671,-122.30341,Private room,85,31,0,,,24,327,0,
38911038,Cozy Room C - near SFO/San Mateo Downtown/SF - HEM,85048744,Sky,,San Mateo,37.56774,-122.30307,Private room,75,31,10,5/6/23,0.14,24,327,0,
38959939,Cozy Room D - near SFO/San Mateo Downtown/SF - HEM,85048744,Sky,,San Mateo,37.56823,-122.30114,Private room,76,31,6,1/17/20,0.08,24,327,0,
38977112,Beautiful Spacious Living w/Resort Like Feel,254463667,Madi,,Menlo Park,37.48726,-122.18379,Entire home/apt,222,1,158,7/26/25,2.18,6,351,17,
38998736,Peaceful Garden View Inlaw,145595491,Field,,Pacifica,37.5909,-122.46557,Entire home/apt,60,30,5,12/25/24,0.07,1,83,1,
39057061,STUNNING 3bedroom's house in San Francisco.,297636215,Adriana,,Daly City,37.70826,-122.4355,Entire home/apt,239,3,63,9/9/25,1.01,1,226,17,
39115965,Beachfront Breathtaking Views near SF (Neptune 3),72356201,Carlos Bernardo,,Pacifica,37.63309,-122.49316,Entire home/apt,198,4,145,8/4/25,2.01,11,301,19,
39136150,Downtown SM Exectuive Apartment,267251876,Todd,,San Mateo,37.56219,-122.32125,Private room,,1,0,,,1,0,0,
39180359,Relaxing Getaway with Breathtaking Ocean Views,51066531,Bernadine,,Unincorporated Areas,37.51653,-122.51258,Entire home/apt,560,2,184,8/31/25,2.56,1,329,24,
39224726,Cozy Queen Rm-Mins from SFO-Free Parking,3153014,Lisa Myshall,,Burlingame,37.58132,-122.35036,Private room,73,1,77,2/26/24,1.08,2,328,0,
39272620,@ Marbella Lane - Seaside Retreat | Laundry + P,300800224,Jenya,,Unincorporated Areas,37.50792,-122.48138,Entire home/apt,230,31,215,9/6/25,2.98,1,342,15,
39340025,Room really comfort in Daly City,152642791,Vinicius,,Daly City,37.7043,-122.46239,Private room,,1,0,,,1,0,0,
39418550,Quiet and family place to get a relax time.,302722528,Brenda,,Belmont,37.52319,-122.27848,Private room,,1,1,10/17/19,0.01,1,0,0,
39447241,Calm home in Daly City close beachs,302947042,Kennedy,,Daly City,37.68819,-122.49147,Private room,,1,1,10/21/19,0.01,1,0,0,
39470861,PA Home Theatre & Full Office Setup Great for WFH,30224570,Hujia,,East Palo Alto,37.4536,-122.12917,Entire home/apt,,20,35,7/26/25,0.48,1,330,2,
39486898,Eagle Hill Redwood City Efficiency,139139909,Gonul,,Redwood City,37.47586,-122.24537,Entire home/apt,108,3,38,9/6/25,0.54,4,305,6,
39551990,"Silicon Valley Inn, 1 Full Bed",119155729,Silicon Valley Inn,,Belmont,37.52415,-122.28051,Private room,121,1,604,9/14/25,9.25,3,365,18,
39552113,"Silicon Valley Inn, 1 King Bed",119155729,Silicon Valley Inn,,Belmont,37.52223,-122.27866,Private room,132,1,26,9/19/25,0.4,3,365,4,
39552173,"Silicon Valley Inn, 2 Double Beds",119155729,Silicon Valley Inn,,Belmont,37.52289,-122.27867,Private room,143,1,16,3/25/25,0.25,3,365,1,
39653321,"5 min to SF, Luxurious couple retreat,spa,balcony",173398601,Rose,,Unincorporated Areas,37.68707,-122.47896,Entire home/apt,173,1,605,9/10/25,8.71,1,61,56,
39705516,Fabulous apartment in downtown San Mateo,19775991,Eric,,San Mateo,37.56851,-122.32127,Entire home/apt,,2,216,7/6/25,3.01,1,0,24,
39753053,Large Remodeled Retreat | Sleeps Groups + Parking,84370701,Alena,,Daly City,37.70257,-122.46342,Entire home/apt,439,30,2,1/1/23,0.03,2,4,0,
39781558,"New Remodel 2 Bedroom Ground Unit, Great Location",38604302,Maria,,San Mateo,37.52632,-122.29855,Entire home/apt,226,31,12,3/22/25,0.22,2,217,1,
39895950,2nd smaller Bedroom,267360801,Linda,,Burlingame,37.58325,-122.35023,Private room,69,1,148,9/7/25,2.07,2,299,18,
39961112,Tranquility Villa/10 Min from SFO,198006968,Wei,,Millbrae,37.58624,-122.40365,Private room,86,1,33,7/21/24,0.46,2,167,0,
39987369,"Large private home, free parking & near SFO and SF",129139383,Jianjun,,Unincorporated Areas,37.68823,-122.47582,Entire home/apt,120,30,62,9/27/21,0.87,4,328,0,
39995170,Nice bedroom with private bath,54138510,Mei,,Redwood City,37.48578,-122.23744,Private room,40,30,1,10/31/24,0.09,1,202,1,
40097789,Bright Newly remodeled airbnb next to sfo!,21465084,Darren,,San Bruno,37.61437,-122.40297,Entire home/apt,170,1,132,9/1/25,1.88,3,233,5,
40120862,Luxury Tiny Home Full Amenities King Bed near SFO,179270410,Q,,South San Francisco,37.64269,-122.42511,Entire home/apt,90,2,64,9/1/25,0.93,2,148,4,
40156849,GREAT DEAL! Newly Furnished - Close to Airport,106568129,Larry,,San Bruno,37.61375,-122.40288,Entire home/apt,129,2,173,8/11/25,2.43,1,359,15,
40159312,Cozy Crib,310021622,Edmundo,,Redwood City,37.46562,-122.22086,Entire home/apt,,1,0,,,1,0,0,
40165933,Private room in daly city !,183189580,Kaue,,Daly City,37.66919,-122.47511,Private room,,1,0,,,1,0,0,
40175841,Marcelos Airbnb bedroom,310199822,Marcelo,,Daly City,37.65359,-122.46553,Private room,,1,1,11/27/19,0.01,1,0,0,
40211152,Newly renovated modern house in Emerald Hills,1905172,Cath,,Unincorporated Areas,37.47014,-122.27116,Entire home/apt,273,31,12,10/20/24,0.17,13,250,1,
40265537,"Beach Home: Rare Views, Nature, Easy Access to SF!",311032116,Erin,,Pacifica,37.59028,-122.50945,Entire home/apt,240,2,70,6/19/25,0.99,1,6,3,
40310392,I love you to the beach and back,142837801,Tiffany,,Pacifica,37.63364,-122.49262,Entire home/apt,107,1,188,9/20/25,2.73,1,22,17,
40353203,Elegant Modern 5BR/4BA in Heart of Silicon Valley,23939312,Kenny,,San Mateo,37.54318,-122.28404,Entire home/apt,795,30,2,4/11/25,0.34,6,350,2,
40394974,Apartment close to Stanford Faceb00k Fast internet,25171215,Juergen,,East Palo Alto,37.46136,-122.13637,Entire home/apt,,2,48,6/17/24,0.68,4,0,0,
40404075,Quarto aconchegante em SAN mateo,312440686,David,,San Mateo,37.53071,-122.30226,Private room,,1,0,,,1,0,0,
40470884,"Beach Bedroom, Close to SFO and SF",2310061,Hanna,,Pacifica,37.59536,-122.51144,Entire home/apt,105,2,307,9/12/25,4.36,3,263,34,
40568972,LUXOStays | Luxury 3BR/3ba FOOD/BART/SFO/Parking,226555948,Gino Angelo Timpog,,Daly City,37.69247,-122.47003,Entire home/apt,,2,21,12/11/23,0.3,15,0,0,
40572388,Luxury Home with Central Air Conditioning SFO,14091111,Carissa,,Burlingame,37.5901,-122.38266,Entire home/apt,352,5,32,8/14/25,0.45,3,316,4,
40596117,Luxury Beachfront Condo near SF (Blue Wave 2),72356201,Carlos Bernardo,,Pacifica,37.63192,-122.4946,Entire home/apt,218,2,238,9/1/25,3.38,11,328,36,
40616665,Private entrance/room/bath (no kitchen access).,61421190,Carrie,,East Palo Alto,37.46707,-122.14319,Private room,,14,9,8/28/22,0.13,4,0,0,
40619844,Luxury4br/3ba Kitchen/Parking/Laundry/Near SFO,226555948,Gino Angelo Timpog,,Daly City,37.69288,-122.4704,Entire home/apt,471,2,45,9/5/24,0.64,15,114,0,
40620375,My bedroom is your bedroom,61421190,Carrie,,East Palo Alto,37.46711,-122.14465,Private room,,14,1,1/1/22,0.02,4,0,0,
40620389,Relaxing 1-bedroom with great closet space.,61421190,Carrie,,East Palo Alto,37.46742,-122.14252,Private room,,60,0,,,4,0,0,
40620511,Cheerful bedroom +  bath with remodeled kitchen,61421190,Carrie,,East Palo Alto,37.46716,-122.1445,Private room,,90,0,,,4,0,0,
40661379,Spacious Modern Home near SFO,6123830,Ximing,,South San Francisco,37.63701,-122.43095,Entire home/apt,,2,21,12/29/23,0.87,1,0,0,
40662252,$1500 / 1br Foster City furnished private bedroom,42735987,Ivy,,Foster City,37.55601,-122.25525,Entire home/apt,,180,0,,,1,0,0,
40710529,Luxurious Contemporary-Style Home! 5 miles to SFO,315965449,Michele,,Unincorporated Areas,37.54073,-122.36296,Entire home/apt,1000,2,35,3/18/25,0.51,2,361,2,
40783793,Jota ape,316909150,Francisco,,Pacifica,37.62979,-122.49118,Private room,,1,0,,,1,0,0,
40902129,Clean and Modern 2 BR Suite with Private Entrance,15148475,Danielle,,Unincorporated Areas,37.46615,-122.26394,Entire home/apt,,1,37,7/2/23,0.53,1,0,0,
40973430,*Modern+Patio*Luxurious,1784391,Ainah,,Burlingame,37.57533,-122.35233,Private room,60,3,19,6/5/25,0.28,1,265,1,
41006901,Steps to Beach Ocean Retreat / Private Entrance 2,252350926,Charles,,Half Moon Bay,37.46646,-122.44311,Entire home/apt,150,2,92,9/1/25,1.32,2,220,16,
41007273,Luxo Stays |Beach Time| 3bd2ba #quiet #freeway,25120232,Sharon,,Pacifica,37.64434921,-122.4885731,Entire home/apt,235,2,219,9/4/25,3.15,5,273,38,
41085140,"Above the crashing surf, elegant oceanside home.",2356819,Nancy,,Unincorporated Areas,37.53676,-122.51687,Entire home/apt,287,30,0,,,1,269,0,
41132672,Private room shared bathroom in south sf,81992679,Heintje,,South San Francisco,37.64465,-122.45618,Private room,,1,0,,,2,0,0,
41161684,Contemporary New 4 Bedroom Home with Ocean Views!,27754493,Daniel,,Pacifica,37.65071,-122.48137,Entire home/apt,569,2,164,9/8/25,2.37,10,316,14,
41238773,Perfect 2 bedroom Cottage by the Coastal Trail,116095465,Joelle,,Half Moon Bay,37.4611,-122.43888,Entire home/apt,268,3,74,7/27/25,1.07,1,240,13,
41240380,Now Trending - Entire Beach Home Walk to Beaches,3699159,Andreia,,Unincorporated Areas,37.4958,-122.46238,Entire home/apt,477,1,192,8/24/25,2.87,14,318,24,
41263325,Redwood Creek Inn,309541634,Redwood Creek Inn,,Redwood City,37.48392,-122.23139,Private room,223,1,0,,,2,365,0,
41263355,Redwood Creek Inn - 1 King Bed near Downtown,309541634,Redwood Creek Inn,,Redwood City,37.4831899,-122.2321478,Private room,245,1,0,,,2,365,0,
41290153,Home sweet home,324317549,Marciano,,Daly City,37.6528,-122.46817,Private room,,1,1,1/8/20,0.01,1,0,0,
41300274,"Modern 1BR: Gym, Balcony, Grill—Near Tech Hubs",187001324,Colin,,Belmont,37.50931,-122.29432,Entire home/apt,148,30,9,6/7/25,0.16,2,179,2,
41354919,Stylish 4BR Ocean View Retreat - Modern & New!,27754493,Daniel,,Pacifica,37.65047,-122.48077,Entire home/apt,702,2,154,9/8/25,2.22,10,316,20,
41382626,New!! Silicon Valley Charming 3B2B House Fast wifi,325434916,Danping,,San Carlos,37.50524,-122.2718,Entire home/apt,396,2,141,9/9/25,2.04,1,138,15,
41438534,Modern 8 BR Duplex (2 units) Fits 32! Ocean Views!,27754493,Daniel,,Pacifica,37.64998,-122.48208,Entire home/apt,1160,2,100,8/17/25,1.57,10,304,17,
41465421,Apartment with fast internet Stanford Faceb00k,25171215,Juergen,,East Palo Alto,37.46105,-122.13434,Entire home/apt,,1,43,9/26/24,0.63,4,0,1,
41645252,Boutique Hotel Feel - Private Luxury Master Suite,15880579,Jordan,,Millbrae,37.58815,-122.40046,Entire home/apt,167,1,249,8/21/25,3.67,1,357,15,
41751775,Farm Hill Cottage,78125958,Whitney,,Redwood City,37.46533,-122.24739,Entire home/apt,,2,37,11/18/24,0.77,1,0,1,
41883090,New renovation 7bd/3ba whole house -Deck Views!,4809876,Jer,,Daly City,37.65192,-122.45738,Entire home/apt,465,2,112,8/9/25,1.63,1,317,13,
42002079,"Spacious Comfy Renovated 4BR, quiet neighborhood",155599602,Alexander C,,Belmont,37.5243,-122.28707,Entire home/apt,468,3,50,7/28/25,0.73,4,245,8,
42015737,"Redwood Shores Private Residence; Hot Tub,Fire Pit",100536,Rebecca,,Redwood City,37.53044,-122.2479,Entire home/apt,460,3,44,5/26/25,0.83,1,344,3,
42038642,Spacious room with private bath in a 2 bedroom,3426181,Anuj,,Menlo Park,37.48659,-122.18325,Private room,73,1,0,,,1,173,0,
42039066,Luxo Stays | 5bd/3ba near beach getaway staycation,226555948,Gino Angelo Timpog,,Half Moon Bay,37.4901487,-122.4542788,Entire home/apt,328,2,157,9/1/25,2.3,15,348,34,
42093628,Shoreview Private Room,171916864,Jeff,,San Mateo,37.57089,-122.31086,Private room,73,2,18,8/16/25,0.43,3,288,3,
42122451,"Private, Spacious Guest House Close to Tech",78712336,Leah,,East Palo Alto,37.47299,-122.14202,Entire home/apt,,7,0,,,1,0,0,
42125454,"LG Spacious Comfy Modern 8BR Group Retreat, Quiet",155599602,Alexander C,,San Mateo,37.55616,-122.33,Entire home/apt,950,3,36,8/12/25,0.53,4,321,4,
42141801,We pay AirBnb fees!  Gateway City to San Francisco,63382564,Brian,,Daly City,37.70690918,-122.4574509,Entire home/apt,443,2,233,9/22/25,3.45,1,333,34,
42283620,Charming cozy studio King-sized bed,35101802,Alvin,,San Mateo,37.5679,-122.2987,Entire home/apt,82,2,189,9/11/25,2.8,6,334,20,
42299248,Private room near Tech and Stanford,7112445,Fariba,,East Palo Alto,37.46624,-122.12804,Private room,65,31,12,4/23/24,0.19,2,89,0,
42317362,Exquisite Crescent Suite,46077610,Qian,,Woodside,37.4281298,-122.2495692,Private room,461,2,6,8/2/25,0.37,7,348,3,
42361472,Tranquil Oceanfront Retreat w/ Breathtaking Views,177521946,Amy,,Unincorporated Areas,37.52673,-122.51574,Entire home/apt,900,2,164,9/12/25,2.5,5,181,19,
42415575,Cabo San Pedro - 1 bed - Stunning Ocean Views,73403288,Angel,,Pacifica,37.59493,-122.51217,Entire home/apt,214,1,232,9/7/25,3.5,2,330,37,
42416631,San Francisco Oasis / Patio / Garage & Office /16+,337638203,Facility,,Daly City,37.66776,-122.4805,Entire home/apt,287,1,322,9/19/25,4.74,1,84,47,
42637692,"Walk to Restaurants, Boutique SFO Hotel",162571512,Vipul,,San Bruno,37.61282,-122.40207,Private room,160,1,129,8/21/24,2.04,3,363,0,
42698043,Cozy Space - Close to SF & SFO & BART,133221678,Michelle,,Unincorporated Areas,37.69244,-122.4548,Entire home/apt,138,2,168,8/31/25,3.96,1,69,33,
42813468,Bright & Spacious Room with Friendly Housemates,23296747,Sharon,,Menlo Park,37.47287,-122.1579,Private room,64,7,2,8/4/25,0.72,2,248,2,
42863908,Business-Friendly room w/fast Wifi near IKEA (CC),16156700,Kristian,,East Palo Alto,37.46394,-122.14389,Private room,61,4,109,9/7/25,1.78,5,232,31,
42883826,"6BR Spacious Comfy Modern Quiet Retreat, Walk Dtwn",155599602,Alexander C,,San Mateo,37.5553,-122.33188,Entire home/apt,807,3,25,8/23/25,0.39,4,226,2,
42951574,Clean & Spacious Live/Work Studio,401562496,DeRitz,,San Mateo,37.55422,-122.31567,Entire home/apt,96,30,15,3/10/25,0.28,1,117,2,
43034462,"Pacifica Gorgeous Ocean View, Modern and Clean!",28918802,Gina,,Pacifica,37.59505,-122.48087,Entire home/apt,,2,175,9/7/25,2.7,1,150,25,
43045637,Bay Area Upper Unit 4/2.5_ 1 Parking-LT Rental,56731063,Peter,,Daly City,37.70198,-122.46347,Entire home/apt,159,31,40,8/25/25,0.65,4,174,8,
43060253,Garden apartment with private entrance,245879570,Hugo,,Unincorporated Areas,37.45891953,-122.2639465,Entire home/apt,110,5,53,8/13/25,0.85,1,72,8,
43062363,Cozy home,342785628,Marcos,,Burlingame,37.57687,-122.35011,Private room,,1,2,5/20/21,0.03,1,0,0,
43067816,Newly renovated private 1BR/1BA/entrance unit 'B',247286929,Xiaodong,,East Palo Alto,37.46987,-122.14951,Private room,62,5,95,8/14/25,1.48,3,216,20,
43068107,Newly renovated private 1BR/1BA/entrance unit 'C',247286929,Xiaodong,,East Palo Alto,37.4699,-122.14951,Private room,60,5,90,9/1/25,1.39,3,192,20,
43086293,Modern Menlo Park 1 bedroom apartment #1,9328763,Valentina,,Menlo Park,37.48572,-122.1825,Entire home/apt,328,4,9,9/27/24,0.15,6,239,1,
43086320,Modern Menlo Park 2 bedroom apartment,9328763,Valentina,,Menlo Park,37.48534,-122.18292,Entire home/apt,,4,16,4/8/25,0.26,6,239,1,
43116149,2019 Built: Sparkling Clean Private Luxury Suite,104391492,George (Luxyom LLC),,Pacifica,37.6487,-122.47585,Entire home/apt,146,1,52,6/22/25,0.82,12,253,6,
43271751,Charming and Safe Tiny Chalet,29468962,Cynthia Ana Maria,,San Carlos,37.51158905,-122.2609558,Entire home/apt,145,8,55,7/27/25,0.86,1,141,6,
43349894,Fabulous Beach Get Away - Brand New Beach House,192272131,Rita,,Unincorporated Areas,37.494976,-122.456985,Entire home/apt,235,3,134,9/17/25,3.12,1,281,37,
43384577,"Sunlit Studio w/ Garage, Close to Meta & Caltrain",187001324,Colin,,San Mateo,37.58008,-122.33451,Entire home/apt,131,30,4,12/29/23,0.07,2,52,0,
43423617,Dandy retreat convenient location,35101802,Alvin,,San Mateo,37.56575,-122.30124,Entire home/apt,87,2,157,9/13/25,2.42,6,348,24,
43461502,Stunning Brand New Home with  Modern Home Tech,250861,Belinda,,Millbrae,37.60458,-122.3927,Entire home/apt,257,30,4,8/24/24,0.11,1,365,0,
43471560,Safe and fast to the airport,261207632,Mbaoni,,South San Francisco,37.64554,-122.45706,Private room,,1,0,,,1,0,0,
43602378,Friendly Home Away From Home,35907496,Peninah,,Woodside,37.43992,-122.25475,Private room,95,5,29,8/10/25,0.46,1,341,4,
43615861,Newly renovated 2BR/1BA in East Palo Alto,247286929,Xiaodong,,East Palo Alto,37.4698,-122.14754,Entire home/apt,129,4,152,8/30/25,2.44,3,201,35,
43627777,Quiet Escape,6589715,Lee,,San Carlos,37.48612,-122.26475,Private room,79,2,29,12/29/24,0.48,2,76,2,
43759611,"Airy, Renovated Home in the Heart of Burlingame",2318147,Jessica,,Burlingame,37.58838,-122.38167,Entire home/apt,,14,21,8/19/24,0.33,1,0,0,
43805861,Spacious Rockaway Studio- 5 minute walk to beach,20277948,Ella,,Pacifica,37.61029,-122.49432,Entire home/apt,140,30,7,11/17/24,0.14,5,55,1,
43879593,Bay Area large family home with view and pool,2782053,Paul Henri Jean,,Belmont,37.52461,-122.29564,Entire home/apt,,4,18,7/29/25,0.29,1,0,2,
43995934,100% Private Studio Apartment,1235054,Jennifer Anne,,Menlo Park,37.45852,-122.15541,Entire home/apt,153,2,28,5/31/25,0.46,2,203,5,
44106940,Walk to the Beach from this Ocean Front Home,72356201,Carlos Bernardo,,Unincorporated Areas,37.52858,-122.51549,Entire home/apt,601,3,256,9/9/25,4.07,11,269,48,
44194739,Loft room studio w/ panoramic ocean & valley view!,2846871,Joshua,,Pacifica,37.64506,-122.48008,Entire home/apt,149,2,3,7/1/25,0.5,2,261,3,
44288008,Stunning California Resort + Infinity Pool,31763323,Garrett,,Woodside,37.45694,-122.27972,Entire home/apt,3497,30,123,6/17/25,2,5,117,1,
44383039,Exquisite luxury executive 2-suite cottage,46077610,Qian,,Woodside,37.42866,-122.25061,Entire home/apt,884,1,33,8/15/25,0.54,7,336,12,
44383100,Exquisite luxury executive 3-suite cottage,46077610,Qian,,Woodside,37.42871,-122.24851,Entire home/apt,1003,2,46,9/12/25,0.75,7,365,9,
44418691,Beautiful 1 Bedroom Apt In Bay Area (San Mateo),41218825,Ali,,San Mateo,37.56157,-122.28262,Entire home/apt,,20,0,,,1,0,0,
44446809,Spectacular Coastal Half Moon Bay Home,56907890,Kari,,Unincorporated Areas,37.503986,-122.488228,Entire home/apt,533,2,170,9/14/25,2.72,2,245,35,
44451819,En suite bedroom near downtown San Carlos,6230354,Calvin,,San Carlos,37.51282,-122.26893,Private room,65,30,2,8/28/22,0.05,1,279,0,
44475754,Sea Wolf Bungalow,119806849,Kim,,Unincorporated Areas,37.5397,-122.51778,Entire home/apt,506,3,108,9/21/25,1.73,1,295,26,
44481024,★EV+★Hillside SFO View★Home Theater★Pool Table,175186387,Honglei,,South San Francisco,37.66003,-122.415,Entire home/apt,187,2,296,9/22/25,4.72,1,258,54,
44562816,Comfortable suite with own entrance.  Close to SF,8577456,John,,Daly City,37.70252,-122.45897,Entire home/apt,61,2,142,8/14/25,2.27,1,14,19,
44863742,Private Burlingame Bungalow,5570258,Jack,,Burlingame,37.58946,-122.3686,Entire home/apt,,30,1,9/30/22,0.03,1,0,0,
44905329,Modern Apartment in the heart of the City of Stars,350700054,Ivanka,,Brisbane,37.68275,-122.40384,Entire home/apt,89,30,91,7/28/25,1.47,1,37,6,
44914043,Airstream Coastal Hideaway (Sunset),440021,Dean Byron,,Unincorporated Areas,37.36336,-122.4012,Entire home/apt,236,2,262,9/10/25,4.24,4,334,38,
45070138,Cozy Tiny studio 20Min to DwTn SF & 7min to SFO,3191973,Ana Melissa,,South San Francisco,37.66537,-122.40854,Entire home/apt,98,30,409,2/1/25,6.65,4,175,7,
45078690,New modern 1 bedroom unit,128635796,Nicola,,Foster City,37.56705,-122.26287,Entire home/apt,115,3,100,9/21/25,1.62,1,53,27,
45219435,Oceanview Beach Retreat - spectacular views,133264593,Riffat,,Unincorporated Areas,37.52534,-122.517,Entire home/apt,653,3,107,9/1/25,1.85,1,59,23,
45301961,Quiet studio with private entrance and bath,969919,Kathy,,Unincorporated Areas,37.44795,-122.22488,Entire home/apt,,30,3,6/19/25,0.05,1,0,2,
45319300,Ocean View House Few Steps from Miramar Beach,366319585,Howaida,,Unincorporated Areas,37.49545,-122.45903,Entire home/apt,495,2,144,9/15/25,2.37,1,249,18,
45386489,Casita Luna- Pool house 19 mins to Stanford,31017145,Mara,,Unincorporated Areas,37.46299,-122.27331,Entire home/apt,,5,20,9/23/25,0.33,3,2,6,
45402116,"Ocean Front French Cottage in Pacifica, SFO",209139695,Gwen,,Pacifica,37.63591,-122.49316,Entire home/apt,313,2,296,9/15/25,5.11,1,328,68,
45457910,Modern One Bedroom Suite in a Quiet Neighborhood,5945180,Michael,,Millbrae,37.59444,-122.39907,Entire home/apt,94,30,21,4/20/25,0.36,1,251,1,
45473270,Adorable/Quiet Studio On The Coast Near The Ritz,4153841,Guliz,,Half Moon Bay,37.45307,-122.43545,Entire home/apt,145,1,166,10/21/24,2.77,4,50,1,
45593998,Luxury Ocean Front & Harbor View Home,56907890,Kari,,Unincorporated Areas,37.50486,-122.48851,Entire home/apt,552,2,149,9/8/25,2.46,2,168,26,
45598574,Coronado Apt 4 Near Beach and Coastal Trail! 4,30545092,Ralph,,Unincorporated Areas,37.50272,-122.47058,Entire home/apt,261,3,7,12/31/22,0.12,4,364,0,
45599572,Cloud 16 (South San Francisco),9340692,Ruby L,,South San Francisco,37.6661,-122.40368,Entire home/apt,190,31,4,12/21/24,0.08,1,298,1,
45623458,"Business-Friendly room w/ Priv Bath, AC, Wifi (CK)",16156700,Kristian,,East Palo Alto,37.4641,-122.14572,Private room,62,3,54,8/21/25,0.97,5,82,13,
45636813,"The ""Lucky Gem"" at Bella-Ray apartments.",369708370,Diana,,San Bruno,37.62547,-122.41261,Entire home/apt,112,31,25,9/15/25,0.42,1,270,6,
45637085,"Brighton Beach Cottage, One Bedroom plus Loft",369710770,Michael,,Pacifica,37.62980826,-122.4890821,Entire home/apt,215,2,252,9/24/25,5.1,1,104,59,
45664289,"Blueground | San Carlos, pool, gym, nr caltrain",107434423,,,San Carlos,37.5106582,-122.2642357,Entire home/apt,357,31,1,2/18/21,0.02,144,179,0,
45752308,Room in resort-like condo,136421480,Jessie,,Redwood City,37.460268,-122.2258811,Private room,77,3,0,,,1,179,0,
45790736,Tranquil private studio unit in San Carlos Hills,34214396,Ruth,,San Carlos,37.50415,-122.27786,Entire home/apt,130,30,27,12/21/24,0.46,2,149,1,
45826425,"Private Luxury Suite Near SF, BART, and CalTrain",104391492,George (Luxyom LLC),,South San Francisco,37.66305,-122.40988,Entire home/apt,106,1,148,9/16/25,2.73,12,354,51,
45849418,Beautiful Bay Area Home with Outdoor Space,1795186,Nikolas Georg Tavares,,East Palo Alto,37.47062,-122.14795,Entire home/apt,209,2,78,8/16/25,1.33,1,204,19,
45850114,Newly remodeled home with playroom in White Oaks,28512207,Laura,,San Carlos,37.48714,-122.25106,Entire home/apt,,20,5,11/26/22,0.1,1,0,0,
45866722,SFO/BART/Shopping Mall-1 bed 1 bath self entrance,116751259,Li Min,,San Bruno,37.63277,-122.41328,Entire home/apt,196,3,38,8/25/23,0.64,1,258,0,
45881997,Elegant Guesthouse in Garden Close to SF/SFO/Beach,40453862,Guangchun,,Pacifica,37.58654,-122.46879,Entire home/apt,91,2,496,9/22/25,8.25,2,329,86,
45887853,"Blueground | San Carlos, rooftop lounge",107434423,,,San Carlos,37.5103576,-122.2639463,Entire home/apt,447,31,1,1/10/21,0.02,144,268,0,
45936409,Classic San Francisco Home- 5B/3BA - 10 min to SF,178457993,Chris,,Daly City,37.69438,-122.46823,Entire home/apt,342,2,108,9/14/25,1.81,3,47,13,
45943859,Modern Apartment with Sunny Deck in prime location,370318518,Stephie,,Brisbane,37.68365,-122.4038,Entire home/apt,86,30,61,9/10/25,1.02,1,34,3,
45957530,Beautiful Modern 2B/1BA w Laundry & Parking,178457993,Chris,,Daly City,37.69392,-122.46615,Entire home/apt,181,2,69,8/10/25,1.16,3,59,4,
45958882,Spectacular SF Home in Quiet Neighborhood +Parking,178457993,Chris,,Daly City,37.69486,-122.46843,Entire home/apt,209,2,90,9/4/25,1.52,3,55,5,
45960094,Remodeled 2 BR/1 BA walk to Bart & SF,78363908,Jia Ling,,Daly City,37.7009,-122.46778,Entire home/apt,94,1,112,9/20/25,1.9,4,241,40,
46012410,"Modern 3B/1B in Menlo Park - Near Stanford, FB",233512379,Amelia,,Unincorporated Areas,37.4729,-122.20098,Entire home/apt,219,2,53,3/13/25,0.93,5,4,2,
46012625,"Modern 3B/2B in Menlo Park - Near Stanford, FB",233512379,Amelia,,Unincorporated Areas,37.47292,-122.20019,Entire home/apt,266,2,100,8/29/25,1.67,5,8,5,
46012767,Modern 6B/3B-Sleeps 16 near Stanford FB Google,233512379,Amelia,,Unincorporated Areas,37.47278,-122.20167,Entire home/apt,532,2,62,8/16/25,1.06,5,157,5,
46021386,Modern Menlo Park 1 Bedroom Apartment,365838535,Synergy  Global,,Menlo Park,37.48659,-122.18387,Entire home/apt,199,4,4,8/29/25,0.85,2,31,4,
46027889,"Business-Friendly room w/ AC, Ethernet, Wifi (CI)",422256440,Rika,,East Palo Alto,37.4628,-122.14398,Private room,65,3,64,8/1/25,1.08,6,145,19,
46085639,"Private, modern, luxury studio with gorgeous views",19849149,Vidya,,San Carlos,37.50021,-122.27271,Entire home/apt,122,2,11,9/7/25,0.21,1,18,3,
46117908,Comfy Queen Downtown San Mateo,884348,Maurine,,San Mateo,37.56733,-122.31756,Private room,78,1,81,9/20/25,1.36,3,338,28,
46121271,Modern Menlo Park 2 Bedroom Apartment #1,365838535,Synergy  Global,,Menlo Park,37.48616,-122.18183,Entire home/apt,,4,3,5/3/24,0.12,2,211,0,
46126371,Bean Hollow West Cottage,269864849,Richard,,Unincorporated Areas,37.23257,-122.40488,Entire home/apt,395,2,114,9/8/25,1.92,1,360,15,
46172880,Treehouse Casita - Modern 1 BR Guesthouse,51702103,Rob,,San Carlos,37.51016,-122.28155,Entire home/apt,,2,32,5/5/23,0.56,1,0,0,
46193505,Private room & bath in upscale Redwood City condo,26703240,Utsav,,Redwood City,37.45041,-122.26079,Private room,,2,10,12/4/21,0.19,1,0,0,
46222334,Convenient&Spacious 4bd/2br house with parking,163370002,Crystal,,Daly City,37.69223,-122.47284,Entire home/apt,227,2,250,9/1/25,4.21,2,3,34,
46258983,New Coastal Home🐠 Steps to pier🐢 16mins to SFO✈️,220760679,Arlene,,Pacifica,37.63454056,-122.4914703,Entire home/apt,217,2,303,9/7/25,5.75,9,336,60,
46421145,SFO recharge. Hilltop guest house nested in nature,4134260,Henry Vi,,Unincorporated Areas,37.57413,-122.38853,Entire home/apt,189,2,93,6/6/25,1.58,2,269,14,
46516293,"Stunning Sunset , OceanView, Coastal Home, Trails",86083871,Kina,,Pacifica,37.65173,-122.47686,Entire home/apt,367,3,268,9/19/25,4.69,2,141,44,
46600838,Elegant & modern 1 bedroom unit,21214934,Maroussia,,East Palo Alto,37.45447,-122.12581,Entire home/apt,1365,1,5,5/3/25,0.1,7,365,1,
46601098,Charming San Carlos 2BR Newly Remodeled,49226984,Diana,,Redwood City,37.48576,-122.26002,Entire home/apt,133,1,156,9/13/25,2.67,5,88,8,
46844168,Newly remodeled 1BR Unit near SFO (C1),112189739,Vienna And Kenneth From Upsleep,,South San Francisco,37.65564,-122.41247,Entire home/apt,80,30,0,,,2,340,0,
46844270,Newly remodeled 1BR Unit near SFO (C2),112189739,Vienna And Kenneth From Upsleep,,South San Francisco,37.65558,-122.41261,Entire home/apt,80,30,0,,,2,340,0,
46919971,Private Room Suite,375427836,Aaron Richard,,Unincorporated Areas,37.53496,-122.51764,Entire home/apt,250,1,133,9/9/25,2.33,3,128,27,
46921886,The Surfside House,375427836,Aaron Richard,,Unincorporated Areas,37.53491,-122.51904,Entire home/apt,600,1,21,6/2/24,0.38,3,0,0,
46964204,The Sea Lodge,375427836,Aaron Richard,,Unincorporated Areas,37.53694,-122.5178,Entire home/apt,599,1,30,7/20/25,0.53,3,122,8,
46967188,2 Bed: hot tub + 7 min walk to beach (sleeps 6),87628920,Telma,,Half Moon Bay,37.4939,-122.45419,Entire home/apt,282,1,220,9/5/25,3.91,3,262,30,
46988931,Gateway to SF | 5BR/5BA home -½ block from Subway,161933618,Jack,,Daly City,37.70278,-122.46983,Entire home/apt,415,2,177,9/14/25,3.13,1,127,39,
47157179,Spacious 5BR Home In A Hill Near San Francisco,661902572,Jeromehowell,,Daly City,37.70073,-122.41892,Entire home/apt,290,2,99,8/17/25,1.73,2,58,22,
47173809,Dreamy Downtown Cottage,28840768,Mina,,Burlingame,37.57971,-122.33714,Entire home/apt,160,2,117,9/7/25,2.03,2,51,22,
47195968,Stairway to Heaven - 2 bedroom,7091428,David,,Unincorporated Areas,37.51082,-122.4638,Entire home/apt,193,2,144,9/21/25,2.64,2,320,32,
47273102,🌞Sunny house with♨️hot tub near🌲Stanford,42563379,Ela,,Unincorporated Areas,37.469692,-122.2089,Entire home/apt,298,1,150,9/18/25,3.64,8,333,42,
47274359,❤️📷CLEAN Spacious Rm nr FOODBART/ShoppingFreway❤️,226555948,Gino Angelo Timpog,,Daly City,37.70289,-122.48066,Private room,65,28,16,6/23/25,0.29,15,273,4,
47274445,❤️📷CLEAN Cozy Rm nr FOOD/BART🚉Shopping/Freeway❤️,226555948,Gino Angelo Timpog,,Daly City,37.7027,-122.48103,Private room,54,30,43,8/27/25,0.78,15,29,6,
47274637,❤️📸Quiet Room💎w/standingdesk/Fast WiFi nr FOOD❤️,226555948,Gino Angelo Timpog,,Daly City,37.70138,-122.48123,Private room,72,28,33,9/18/25,0.59,15,87,2,
47274772,❤️📷 Spacious Room w/ Standing Desk &💻Fast WiFi❤️,226555948,Gino Angelo Timpog,,Daly City,37.70242,-122.48114,Private room,70,28,21,6/28/25,0.41,15,117,2,
47312982,New tucked away sunny chic boutique chill spot,382040176,Courtney,,Redwood City,37.46651,-122.22858,Entire home/apt,,5,7,7/19/22,0.14,1,0,0,
47318515,"Top Floor, natural light Apartment near BART/SFO",8617230,Renny,,Daly City,37.6921,-122.46773,Entire home/apt,188,3,185,9/8/25,3.21,1,232,22,
47509840,Charming 2BR Apartment near tech Giants & Stanford,254463667,Madi,,Menlo Park,37.48743,-122.18284,Entire home/apt,260,1,160,9/2/25,3.42,6,251,32,
47535802,"Ocean view house, beaches, trails, family friendly",99248489,Wei,,Unincorporated Areas,37.54203,-122.51578,Entire home/apt,475,4,130,9/2/25,2.81,1,193,21,
47751493,"Stafford 3BR-House: Tech-Savvy, Amenities Galore",167111186,Katie,,Redwood City,37.49488014,-122.2427184,Entire home/apt,307,4,47,9/17/25,0.89,1,34,7,
47788755,Modern Privat Apartment — South San Francisco,175024084,Rebecca,,South San Francisco,37.66716738,-122.4079961,Entire home/apt,153,1,83,9/1/25,3.28,1,236,34,
47820166,Coastal Private Studio- New! 14min. to SF City SFO,92730920,Donald Ray,,Pacifica,37.62976,-122.48422,Entire home/apt,124,1,389,9/18/25,6.85,2,56,49,
47832293,@ Marbella Lane - Buckingham Place | Laundry + P,210837437,Marbella,,Pacifica,37.63117,-122.49093,Entire home/apt,269,1,112,9/19/25,2,11,327,16,
47918246,"Blueground | San Mateo, pool, sp, nr shops",107434423,,,San Mateo,37.5682571,-122.3174966,Entire home/apt,310,31,0,,,144,227,0,
47982786,"SF Bay area, 1 bedroom with great ocean view",156673972,Julieta,,Pacifica,37.59526,-122.51146,Entire home/apt,,2,58,10/26/23,1.04,2,0,0,
48058222,2b/1b nearby beach,304931771,Fei,,Daly City,37.68925,-122.49208,Entire home/apt,187,2,101,8/22/25,1.81,4,344,17,
48091521,"Steps from Beach and Pacifica Pier, King Bed",387790728,Kahlesh,,Pacifica,37.63243,-122.49119,Private room,203,1,49,8/20/25,0.93,2,363,5,
48122819,"2 Blocks from Beach & Pacifica Pier, 2 Queen Beds",387790728,Kahlesh,,Pacifica,37.63213,-122.49109,Private room,,1,49,8/4/25,0.87,2,365,7,
48131313,Newly Refurbished Victorian 2br/1ba Near SFO,2993862,Andrew,,South San Francisco,37.65401,-122.41347,Entire home/apt,,15,7,9/26/23,0.13,3,0,0,
48145388,Master bedroom with private bath near Stanford,54429355,Alan,,East Palo Alto,37.46656,-122.1289,Private room,50,21,3,5/31/25,0.11,3,337,1,
48223943,"Blueground | San Carlos, gym, pool, nr train",107434423,,,San Carlos,37.510659,-122.2636774,Entire home/apt,,31,1,4/28/21,0.02,144,218,0,
48226091,"Blueground | San Carlos, gym, pool, nr train",107434423,,,San Carlos,37.5091986,-122.2620655,Entire home/apt,387,31,1,4/30/21,0.02,144,260,0,
48272192,Ocean Mountain View Home - Walk to Trails Beach,3699159,Andreia,,Unincorporated Areas,37.54274,-122.50821,Entire home/apt,328,1,161,8/29/25,2.9,14,307,28,
48302359,"Luxury 4BR House at Westlake near BART, Beach Golf",250584391,Victor 5,,Daly City,37.70074,-122.48915,Entire home/apt,230,2,159,9/15/25,2.86,35,156,24,
48319115,Fabulous Guesthouse next to Stanford w/ Kitchen,49841710,Amanda & Kate,,Menlo Park,37.43991,-122.1838,Entire home/apt,255,3,99,9/17/25,1.8,2,204,22,
48451517,֍∞Fantastic View | Entire apartment Near SF∞֍,391045852,Amy,,Daly City,37.68568,-122.4931,Entire home/apt,,2,131,9/5/25,2.46,1,348,21,
48503190,Creekside Oasis - Getaway Near the Four Seasons,3463930,Morganne,,East Palo Alto,37.45978,-122.14339,Entire home/apt,103,2,186,9/12/25,3.59,2,31,46,
48532552,Great Location | Walk to shops | 8 min to SFO,10054827,Christopher,,Burlingame,37.58213,-122.36608,Entire home/apt,,4,27,3/13/22,0.49,1,0,0,
48588031,"The Dylan, 1 queen bed Traditional Room",51679805,The Dylan Hotel,,Millbrae,37.59779,-122.38606,Private room,146,1,259,9/10/25,4.71,5,360,63,
48590799,"The Dylan, Deluxe Rm-2 queen beds-balcony avail",51679805,The Dylan Hotel,,Millbrae,37.59854,-122.38659,Private room,199,1,5,3/27/24,0.11,5,360,0,
48603840,"The Dylan, 2 XL Double Beds Traditional Room",51679805,The Dylan Hotel,,Millbrae,37.59824,-122.38527,Private room,175,1,198,8/11/25,3.6,5,361,32,
48603950,"The Dylan, Deluxe Rm-1 queen bed, balcony",51679805,The Dylan Hotel,,Millbrae,37.59852,-122.38497,Private room,187,1,27,8/17/25,0.49,5,358,9,
48604261,"The Dylan, Deluxe Rm-1 king bed, balcony",51679805,The Dylan Hotel,,Millbrae,37.59812,-122.38518,Private room,199,1,19,5/23/25,0.36,5,352,3,
48623672,Modern 1-Bedroom Apt with Luxury Amenities,266966519,Tigran,,Menlo Park,37.4856,-122.18267,Entire home/apt,246,1,0,,,38,233,0,
48623841,Anton Menlo 1BR Condo Near Local Hot Spots,266966519,Tigran,,Menlo Park,37.48707,-122.18446,Entire home/apt,246,1,2,8/14/23,0.07,38,233,0,
48624090,1BR Luxury Apt Near Meta Headquarters,266966519,Tigran,,Menlo Park,37.48554,-122.18273,Entire home/apt,246,1,1,5/31/23,0.04,38,233,0,
48624379,Silicon Valley Apartment with Luxury Amenities,266966519,Tigran,,Menlo Park,37.48718,-122.18323,Entire home/apt,281,1,3,7/31/23,0.11,38,233,0,
48624492,Silicon Valley Apartment with Luxury Amenities,266966519,Tigran,,Redwood City,37.48518,-122.18299,Entire home/apt,281,1,1,6/9/23,0.04,38,233,0,
48638529,Modern Silicon Valley Condo with Rooftop Lounge,266966519,Tigran,,Redwood City,37.4855,-122.18459,Entire home/apt,302,1,10,8/8/25,0.35,38,332,8,
48638709,Menlo Park 2BR Condo Near Meta Headquarters,266966519,Tigran,,Redwood City,37.48545,-122.18485,Entire home/apt,,1,0,,,38,254,0,
48638920,Contemporary 2BR Apt in Silicon Valley,266966519,Tigran,,Menlo Park,37.48746,-122.1831,Entire home/apt,302,1,14,6/18/24,0.46,38,332,0,
48639100,2BR Condo Near Meta with Spectacular Amenities,266966519,Tigran,,Menlo Park,37.48531,-122.18308,Entire home/apt,302,1,8,5/15/24,0.27,38,332,0,
48656476,4B/2.5BA | Modern | Convenient | 5 min walk BART,228110147,Jeffrey,,Millbrae,37.60544,-122.39163,Entire home/apt,126,1,225,9/1/25,4.08,2,5,32,
48705798,Relax in our 2 BR retreat 6 mins from SFO airport,23093819,Matthew Lok Kin,,San Bruno,37.61707,-122.4112,Entire home/apt,153,3,122,5/28/25,2.24,3,263,8,
48755922,1-Bdrm Unit by Stanford's Redwood City Campus,3096109,Yukari,,Redwood City,37.48313,-122.20064,Entire home/apt,,1,18,5/5/24,0.36,1,0,0,
48760198,Large Room with Private Entrance & Maid Service,393355679,Ella,,Unincorporated Areas,37.47221,-122.2543,Private room,76,30,18,3/31/25,0.33,4,279,4,
48761665,Huge Room with Private Entrance & Maid Service,393355679,Ella,,Redwood City,37.47212,-122.25588,Private room,75,10,17,8/23/25,0.35,4,279,2,
48834915,Charming Home 2 Blocks from Stanford in Menlo Park,393936475,Deborah,,Menlo Park,37.43124,-122.19375,Entire home/apt,,7,1,8/24/21,0.02,1,0,0,
48867782,Stunning Panoramic Views of Pacific Ocean!,332204013,Patty Z,,Pacifica,37.63284,-122.48417,Entire home/apt,395,5,11,7/5/25,0.24,1,241,1,
48927102,"Blueground | Redwood City, w/d, gym, bbq",107434423,,,Redwood City,37.48226,-122.22917,Entire home/apt,337,31,0,,,144,326,0,
48932503,"Blueground | Redwood City, w/d, gym, bbq",107434423,,,Redwood City,37.48226,-122.22917,Entire home/apt,381,31,0,,,144,216,0,
48955205,Apt w/ hot tub 7 minutes from beach (2 guests),87628920,Telma,,Half Moon Bay,37.49383,-122.45229,Entire home/apt,192,1,125,8/22/25,2.31,3,256,24,
48975239,Unique South San Francisco Bright studio,45316931,Kaiser,,South San Francisco,37.6598,-122.41035,Entire home/apt,,7,0,,,1,0,0,
48984106,Charming Hillside Studio by Mountain State Park,295640180,Jie,,Daly City,37.70485,-122.44128,Entire home/apt,107,2,139,9/6/25,2.57,1,139,24,
49051885,"Blueground | Redwood City, w/d, gym, nr Caltrain",107434423,,,Redwood City,37.48226,-122.22917,Entire home/apt,399,31,2,11/25/24,0.05,144,268,1,
49098015,Studio: Hot Tub + ocean view,87628920,Telma,,Half Moon Bay,37.49376,-122.45254,Entire home/apt,173,2,275,9/7/25,5.09,3,359,42,
49128746,"Business-Friendly room w/ AC, Ethernet, Wifi (CH)",422256440,Rika,,East Palo Alto,37.46316,-122.14404,Private room,63,4,72,9/12/25,1.34,6,152,15,
49173692,"Cozy living, a block from downtown Burlingame",296439042,Kate,,Burlingame,37.58018,-122.34816,Entire home/apt,185,3,62,9/18/25,1.17,1,335,11,
49193193,Quiet Apartment with Private Gated Yard,396803857,Gene,,East Palo Alto,37.4813,-122.13396,Entire home/apt,299,5,4,8/27/21,0.07,2,89,0,
49209960,Entire Home on the Bay,396803857,Gene,,East Palo Alto,37.48094,-122.13445,Entire home/apt,399,30,5,10/5/21,0.09,2,364,0,
49216067,"Casa Marina: Walk to Beaches, Surf, Hear the Ocean",227922294,Sharin,,Unincorporated Areas,37.52474,-122.51088,Entire home/apt,292,2,66,2/28/23,1.25,3,36,0,
49216230,"3,000+ sqft | Walk to beaches, tidepools | Pets OK",227922294,Sharin,,Unincorporated Areas,37.52522,-122.51295,Entire home/apt,603,1,136,9/14/25,2.67,3,347,33,
49216297,"Waves Retreat: Hear the Ocean, Walk 2 Beach, Surf!",227922294,Sharin,,Unincorporated Areas,37.52312,-122.51299,Entire home/apt,286,2,94,7/25/25,1.75,3,36,3,
49250095,Large Room w/ Air Conditioning & Maid Service,393355679,Ella,,Redwood City,37.47312,-122.25392,Private room,72,14,9,7/5/25,0.18,4,298,3,
49301277,"Blueground | Redwood City, w/d, pool, nr Caltrain",107434423,,,Redwood City,37.4831939,-122.2284285,Entire home/apt,377,31,0,,,144,352,0,
49319722,"Business-Friendly room w/ AC, Ethernet, Wifi (CJ)",16156700,Kristian,,East Palo Alto,37.46258,-122.14549,Private room,49,4,88,8/25/25,1.65,5,129,25,
49332435,"Blueground | Redwood City, w/d, pool, nr Caltrain",107434423,,,Redwood City,37.4831939,-122.2284285,Entire home/apt,470,31,0,,,144,360,0,
49340394,Business-Friendly room w/fast Wifi near IKEA (CD),422256440,Rika,,East Palo Alto,37.46299,-122.14383,Private room,61,4,104,9/1/25,1.96,6,209,23,
49354524,"Blueground | Menlo Park, pool, w/d, gym",107434423,,,Menlo Park,37.4247813,-122.1983202,Entire home/apt,588,31,1,4/23/22,0.02,144,178,0,
49356114,"Blueground | Menlo Park, pool, w/d, gym",107434423,,,Menlo Park,37.4247818,-122.1983185,Entire home/apt,347,31,0,,,144,97,0,
49368567,Gary’s heaven,60620819,Gaurav,,Foster City,37.55275,-122.276,Private room,,1,0,,,1,0,0,
49405242,Serene luxury guest house with a park like yard,16627688,Linda,,Millbrae,37.60671,-122.40993,Entire home/apt,300,28,23,7/18/25,0.46,1,239,8,
49417155,Seaside serenity,332018568,Jennifer,,Unincorporated Areas,37.51514,-122.51228,Private room,315,2,45,8/31/25,3.08,1,44,32,
49418300,Business-Friendly room w/fast Wifi near IKEA (CF),16156700,Kristian,,East Palo Alto,37.46466,-122.14439,Private room,51,4,69,8/3/25,1.39,5,203,16,
49513955,Stanford Meta Family & Pet Friendly BBQ Gated Lot,3998181,Lana,,East Palo Alto,37.46902,-122.14787,Entire home/apt,199,30,7,8/3/25,0.15,2,41,1,
49530375,Tiny Home - Coastal Living,12418275,Don,,Pacifica,37.63626,-122.49396,Entire home/apt,70,30,0,,,1,179,0,
49546836,!Newly Cozy 4 Beds and 2 baths Free parking Unit!,130195754,Will,,Daly City,37.68964,-122.45354,Entire home/apt,201,2,259,9/21/25,4.87,1,209,60,
49552836,New Modern Private 1B1B near Stanford & Palo Alto,26013423,Sarah,,East Palo Alto,37.46427,-122.14617,Entire home/apt,,2,97,1/31/25,1.87,3,0,2,
49553480,"Private Studio  Stanford, Facebook, Amazon, Google",3998181,Lana,,East Palo Alto,37.46898,-122.14597,Entire home/apt,82,30,11,5/1/25,0.23,2,269,4,
49567304,Business-Friendly room w/fast Wifi near IKEA (CG),16156700,Kristian,,East Palo Alto,37.4639,-122.14585,Private room,53,4,39,8/17/25,0.77,5,147,5,
49579733,"Blueground | San Mateo, w/d, pool, near stores",107434423,,,San Mateo,37.5602271,-122.3258207,Entire home/apt,289,31,1,1/23/24,0.05,144,225,0,
49595110,Unit 2,184272123,Yanrong,,East Palo Alto,37.46958,-122.13341,Private room,69,3,52,6/17/25,0.98,2,353,14,
49606534,"Blueground | San Mateo, w/d, pool, gym, parking",107434423,,,San Mateo,37.5677454,-122.3185907,Entire home/apt,407,31,1,10/28/22,0.03,144,289,0,
49618152,Luxury Beachfront Penthouse Walk to the Beach,3699159,Andreia,,Unincorporated Areas,37.49355,-122.46089,Entire home/apt,547,1,171,9/2/25,3.23,14,301,27,
49620009,Comfortable and private    unit-3,184272123,Yanrong,,East Palo Alto,37.46948,-122.13359,Private room,77,3,14,9/8/25,0.27,2,359,3,
49638065,Business-Friendly room w/fast Wifi near IKEA (CE),422256440,Rika,,East Palo Alto,37.46449,-122.14415,Private room,64,2,58,9/10/25,1.11,6,238,17,
49676223,"New, modern quiet private studio",218194,Alex,,Belmont,37.51143,-122.31553,Entire home/apt,126,2,106,9/7/25,1.99,1,256,16,
49694789,A beautiful room + amazing views in Silicon Valley,4563713,Sumi,,Unincorporated Areas,37.46737,-122.27165,Private room,97,1,1,1/27/22,0.02,1,365,0,
49730825,"Cozy, coastal, getaway! Walking distance to beach",131939435,Shannon,,Unincorporated Areas,37.54157,-122.509,Entire home/apt,,2,84,7/30/23,1.6,1,0,0,
49738276,Hot Tub Firepit Pool Table Home 5 Star Host!,27754493,Daniel,,Pacifica,37.58654,-122.47183,Entire home/apt,373,2,252,8/31/25,4.75,10,110,42,
49740577,Stanford Remodeled Private She-shed,50211416,Jessie,,East Palo Alto,37.45524,-122.12855,Private room,,4,29,7/4/23,0.55,7,0,0,
49794112,Beach Villa Home - Walk to Beaches Trails,3699159,Andreia,,Unincorporated Areas,37.49316,-122.45925,Entire home/apt,233,1,134,9/3/25,2.55,14,316,22,
49838221,Modern spacious one bedroom with full kitchen,47197321,Wayland,,Unincorporated Areas,37.64467,-122.44054,Entire home/apt,120,2,212,3/29/25,4.01,1,265,9,
49840730,Hotel Aura- Boutique SFO Hotel,401959144,Hotel,,San Bruno,37.61705,-122.40749,Private room,,1,65,5/15/24,1.25,1,0,0,
49860333,Modern Room & Attached Private Bathroom,242779353,Yong,,Redwood City,37.48574,-122.19406,Private room,94,2,119,8/3/25,2.26,9,247,14,
49860579,Cozy Room & Attached Private Bathroom,242779353,Yong,,Redwood City,37.48371,-122.19375,Private room,87,1,104,9/15/25,1.99,9,250,17,
49860701,Comfy Room &  Detached Private Bathroom,242779353,Yong,,Redwood City,37.48376,-122.19434,Private room,87,1,128,9/19/25,2.43,9,255,29,
49860830,Luxurious Room with Attached Private Bathroom,242779353,Yong,,Redwood City,37.48453,-122.19257,Private room,91,1,132,8/31/25,2.51,9,239,27,
49860944,Bright and Crisp Room & Attached Private Bathroom,242779353,Yong,,Redwood City,37.48371,-122.19456,Private room,91,1,99,8/27/25,1.88,9,255,12,
49861016,New Luxurious Modern 5Beds/5Baths in Redwood City,242779353,Yong,,Redwood City,37.4837,-122.1941,Entire home/apt,699,2,36,8/12/23,0.71,9,239,0,
49944659,Free Parking | Bright 1BR | Kitchen | Desk+WiFi,30283594,Global Luxury Suites,,Menlo Park,37.48627,-122.18354,Entire home/apt,,1,14,5/29/23,0.27,28,365,0,
49949650,Room in Millbrea near SFO walk  Bart and Caltrain,108048713,Marilu,,Millbrae,37.60098,-122.39261,Private room,78,60,3,11/19/22,0.06,2,364,0,
49960301,studio in Millbrae - SFO walk to caltrain & Bart,108048713,Marilu,,Millbrae,37.60142,-122.39136,Entire home/apt,128,28,1,6/30/21,0.02,2,342,0,
49986215,Coastal Airstream (Sunrise) - new listing,440021,Dean Byron,,Unincorporated Areas,37.35641,-122.3979,Entire home/apt,284,2,237,9/14/25,4.53,4,303,43,
49986863,Pacifica nest,16591965,Sharon,,Pacifica,37.65043072,-122.4808382,Entire home/apt,144,30,0,,,1,365,0,
49999793,Upscale 1BR | Gym| Business Traveler Friendly,30283594,Global Luxury Suites,,Menlo Park,37.48627,-122.18354,Entire home/apt,267,1,4,9/9/25,0.09,28,365,2,
50002408,Upscale 1BR Apt | Near FB | Kitchen & Laundry,30283594,Global Luxury Suites,,Menlo Park,37.48627,-122.18354,Entire home/apt,200,1,11,9/2/25,0.21,28,365,1,
50002968,Modern 1BR w/Kitchen| Free Parking | Desk+WiFi,30283594,Global Luxury Suites,,Menlo Park,37.48627,-122.18354,Entire home/apt,267,1,61,4/5/25,1.23,28,365,1,
50013296,Room2: queen bed/shared bathroom ( 2 people only ),402974822,Chia Lee,,Daly City,37.68707,-122.4735,Private room,60,2,64,9/22/25,1.25,4,359,6,
50024006,Room3 with a private bathroom for 2 people or less,402974822,Chia Lee,,Daly City,37.68554,-122.47136,Private room,73,2,107,6/30/25,2.04,4,267,12,
50024309,Room 6 with private bathroom for one person only,402974822,Chia Lee,,Daly City,37.68592,-122.472,Private room,56,2,68,9/4/25,1.65,4,331,7,
50034032,@ Marbella Lane - Vibrant 4BR RWC | Ldry + P,210837437,Marbella,,Redwood City,37.4822,-122.21037,Entire home/apt,272,2,87,8/4/25,1.67,11,320,22,
50043572,"LOCATION!  close  SF,  everything need nearby!",7595918,Mario,,Daly City,37.69679,-122.49317,Entire home/apt,177,2,33,8/11/25,0.63,1,365,2,
50043962,Comfy queen in beautiful house with Private Bath,26901685,Angela,,Burlingame,37.58647134,-122.3682892,Private room,105,30,0,,,3,23,0,
50044061,Amazing 1BR Apt | Full Kitchen | Pool | Laundry,30283594,Global Luxury Suites,,Menlo Park,37.48627,-122.18354,Entire home/apt,,1,2,8/4/24,0.05,28,365,0,
50055296,Lovely Room with Air Condition & Maid Service,393355679,Ella,,Redwood City,37.47076,-122.25402,Private room,71,31,3,10/14/21,0.06,4,297,0,
50075249,Home sweet Home. Welcome Home,403936254,Jezrael,,Daly City,37.69315,-122.48987,Private room,,1,0,,,1,0,0,
50090875,MJ@3B1B SFH/Redwood City/Atherton/Bay Area | 40,286181740,Joey,,Unincorporated Areas,37.46906,-122.20789,Entire home/apt,249,2,163,9/10/25,3.1,1,78,34,
50172501,Serene Private Villa Pool Hot Tub & Sauna,404918930,Jessica,,Pacifica,37.58701,-122.47048,Entire home/apt,1095,2,151,9/5/25,2.95,1,227,34,
50241984,Elle's Place 2 Blocks from Main Street,6662308,Jacqueline,,Half Moon Bay,37.46175,-122.42762,Entire home/apt,205,2,172,9/15/25,3.74,1,195,44,
50286738,"Cozy Artists Studio in downtown 
Burlingame",5253789,Donna,,Burlingame,37.5779,-122.35142,Entire home/apt,175,2,124,9/12/25,2.42,1,344,26,
50293263,Private Studio with Furnished Balcony,259045643,Dean,,Burlingame,37.58226,-122.35311,Entire home/apt,,15,0,,,1,0,0,
50310671,Cozy studio close to beach,304931771,Fei,,Daly City,37.68963,-122.49212,Entire home/apt,105,2,88,9/12/25,1.71,4,334,16,
50362246,214B - Cozy Studio with AC & Kitchen near Stanford,250584391,Victor 5,,Unincorporated Areas,37.45596,-122.2255,Entire home/apt,112,2,154,9/9/25,2.98,35,167,28,
50462531,San Mateo Downtown Cozy 1B1B Suite PRIVATE Entranc,374807718,Zoe,,San Mateo,37.56661,-122.33187,Private room,170,1,2,12/23/21,0.04,2,267,0,
50464373,"Luxuriously appointed apartment, breakfast include",191485619,Juanita,,San Mateo,37.57208,-122.338,Private room,,4,2,9/8/21,0.04,1,0,0,
50479913,"2 Queen Beds, Minutes to SFO, Walk to Restaurants",162571512,Vipul,,San Bruno,37.61303,-122.40186,Private room,156,1,21,7/1/24,0.41,3,362,0,
50490259,Luxury Suite With Amazing View!,152919408,Daniel,,Unincorporated Areas,37.49349,-122.27984,Entire home/apt,196,30,4,10/1/23,0.12,1,268,0,
50490675,"Cozy private in-law suite, close to SFO, fast WiFi",29573430,Alice,,Belmont,37.51572,-122.29969,Entire home/apt,106,2,148,8/2/25,3.11,1,217,29,
50543264,Master bedroom w/ private bath with beautiful view,61407878,Ritchie,,Daly City,37.70725,-122.42667,Private room,,30,0,,,1,0,0,
50567536,Downtown Menlo Park Oasis: 1BR w outdoor space,20236235,Ava,,Menlo Park,37.44789,-122.18657,Entire home/apt,,20,10,9/25/23,0.28,1,85,0,
50618309,Comfy King Bed-Walk to Restaurants-Minutes to SFO,412954453,Tushar,,San Bruno,37.61302,-122.40317,Private room,151,1,89,7/24/25,1.72,1,361,3,
50641908,Oceanfront Coastal Home with Breathtaking Views,3699159,Andreia,,Unincorporated Areas,37.53303,-122.51798,Entire home/apt,310,1,164,9/8/25,3.18,14,43,27,
50662767,Lovely 1 bedroom in Menlo Park,251121731,Quinn,,Menlo Park,37.462433,-122.156021,Private room,,4,1,7/9/22,0.03,1,0,0,
50681243,Half Moon Bay Coastal Suite-Short Walk to Beach,409553739,John  And Kimberly,,Half Moon Bay,37.4596,-122.4395,Entire home/apt,146,1,156,9/21/25,3.06,1,247,23,
50711899,"Blueground | Foster City, gym, pool, nr highways",107434423,,,Foster City,37.5537546,-122.2764358,Entire home/apt,360,31,0,,,144,334,0,
50711907,"Blueground | Foster City, gym, pool, nr highways",107434423,,,Foster City,37.55261,-122.27521,Entire home/apt,378,31,1,10/5/21,0.02,144,303,0,
50736043,Clean Modern 2BD/2BA House near downtown San Mateo,256895225,Jimmy,,San Mateo,37.55822,-122.28928,Entire home/apt,211,2,160,9/1/25,3.13,4,43,23,
50790774,Tranquil Coastal Retreat - Walk to the Beach!,14411669,Kali,,Unincorporated Areas,37.50378,-122.47052,Entire home/apt,,2,101,9/21/25,2.58,1,249,35,
50814830,Furnished Private Studio Apartment in Daly City,410743266,Teresita Mission,,Daly City,37.67436,-122.49239,Entire home/apt,101,1,178,5/31/25,3.54,1,272,18,
50848438,Queen size bed with private bathroom near Stanford,410554145,Diana,,Unincorporated Areas,37.44998,-122.22037,Private room,90,30,7,6/27/24,0.14,5,352,0,
50915192,Ocean Views near San Francisco,180932236,Lydia & Elena,,Daly City,37.7031,-122.45966,Entire home/apt,425,2,213,9/18/25,4.17,2,22,46,
50924800,Stylish Seaside Cottage - Walking to Beach,49226984,Diana,,Unincorporated Areas,37.5052,-122.46886,Entire home/apt,154,1,433,9/20/25,8.5,5,80,80,
50928821,"Blueground | San Bruno, pool, gym, w/d, nr shops",107434423,,,San Bruno,37.6344349,-122.421705,Entire home/apt,260,31,1,11/4/21,0.02,144,354,0,
50959689,Cheerful residential home with free parking,62042947,Varsha,,East Palo Alto,37.4668,-122.14286,Entire home/apt,,2,4,12/22/21,0.08,1,0,0,
50961877,Escape to the coast - relax and recharge!,55701086,Wendy,,Unincorporated Areas,37.50137,-122.46716,Entire home/apt,148,30,157,1/25/25,3.24,1,205,3,
51009682,"Blueground | Foster City, gym, pool, w/d",107434423,,,Foster City,37.5543656,-122.2766427,Entire home/apt,378,31,0,,,144,325,0,
51036558,"Blueground | Foster City, pool, gym, nr highways",107434423,,,Foster City,37.55501,-122.26371,Entire home/apt,259,31,1,3/30/25,0.17,144,117,1,
51062556,Relax & Fun |Fire Pit| Lovely 2BR FUN Game #Family,25120232,Sharon,,Half Moon Bay,37.47027,-122.4375,Entire home/apt,206,2,224,9/19/25,4.51,5,334,34,
51106162,8bd/8ba Unique Spacious Clean Home,181555034,Tony,,Daly City,37.69291,-122.46964,Entire home/apt,610,2,200,9/20/25,4.36,1,80,44,
51106242,"Cozy, modern 1-bedroom with backyard ocean view!",15982990,Michael,,Pacifica,37.59651,-122.48101,Entire home/apt,139,2,176,9/21/25,3.58,1,302,31,
51127488,"Oceanview Retreat, Steps to Beach|Pier|Golf Course",413744118,Liping,,Pacifica,37.632565,-122.49147,Entire home/apt,240,2,248,9/21/25,5.17,1,229,57,
51138396,"Blueground | San Bruno, pool, gym, w/d, nr trains",107434423,,,San Bruno,37.6344349,-122.421705,Entire home/apt,,31,0,,,144,303,0,
51139262,"Blueground | Foster City, pool, gym, nr highways",107434423,,,Foster City,37.5550506,-122.2612304,Entire home/apt,361,31,1,12/27/21,0.02,144,146,0,
51162258,"Blueground | Foster City, pool, gym, nr highways",107434423,,,Foster City,37.56948,-122.26472,Entire home/apt,354,31,1,12/16/23,0.05,144,276,0,
51169399,Modern and Sunny In-Law Cottage with Fenced Yard,17699017,Jennifer,,Redwood City,37.467182,-122.220474,Entire home/apt,,30,9,2/14/23,0.18,1,0,0,
51174236,San Mateo Prime Location 1br Suite,20872295,Jiale,,San Mateo,37.53651,-122.29463,Entire home/apt,229,14,12,6/21/25,0.32,3,327,7,
51186210,Private bedroom in the heart of Millbrae,47904486,Marco,,Millbrae,37.60152,-122.39264,Private room,54,1,35,8/16/25,0.69,2,27,33,
51186379,Nice place on the heart of Millbrae,47904486,Marco,,Millbrae,37.6016723,-122.3933581,Private room,60,1,9,9/3/25,2.39,2,38,9,
51190355,Dreamy Downtown Flat,28840768,Mina,,Burlingame,37.57802,-122.33858,Entire home/apt,153,2,103,8/9/25,2.09,2,226,10,
51235556,Boho beach bungalow- walk to Poplar Beach,10735985,Thomas,,Half Moon Bay,37.45435,-122.43881,Entire home/apt,190,2,181,9/14/25,3.57,3,167,29,
51244647,"Stylish Spacious Seaside Retreat, Walking to Beach",49226984,Diana,,Unincorporated Areas,37.50373,-122.46619,Entire home/apt,174,1,315,9/22/25,6.23,5,355,76,
51286422,★8min→SFO★Fast WiFi★Parking★Kitchen★Self Check-In★,153923937,Michael,,San Mateo,37.56962,-122.33,Entire home/apt,137,31,3,10/22/24,0.06,2,120,1,
51292590,Lovely 2-bedroom apartment in the heart of Menlo Park,363785118,Dimitar,,Menlo Park,37.44521,-122.18088,Entire home/apt,,5,1,8/13/23,0.04,1,0,0,
51330681,4 bed/3.5 baths & secluded house in Emerald Hills,30604505,Kuok,,Unincorporated Areas,37.46672,-122.26988,Entire home/apt,319,28,7,5/17/24,0.19,1,305,0,
51352697,"Oceanfront Oasis, Sunsets & Crashing Waves",177521946,Amy,,Unincorporated Areas,37.53016,-122.51622,Entire home/apt,463,2,118,8/27/25,2.36,5,246,34,
51354791,"Blueground | Redwood City, gym, parking, nr train",107434423,,,Redwood City,37.4831939,-122.2284285,Entire home/apt,439,31,0,,,144,354,0,
51394877,"Downtown Luxury 1 BR | Pool, Gym, Patio, Caltrain",2609709,Kimberly,,Redwood City,37.4871,-122.22565,Entire home/apt,,4,10,10/14/22,0.21,1,0,0,
51403582,"Night & Day Cabin, a National Park like experience",173441745,Kristin,,Unincorporated Areas,37.22964,-122.32709,Entire home/apt,149,2,147,6/29/25,3,1,109,10,
51439187,"Blueground | Foster City, gym, pool, nr highways",107434423,,,Foster City,37.5519651,-122.2740848,Entire home/apt,299,31,0,,,144,178,0,
51475284,"12-Min From SFO, Tastefully Designed, Work Station",3621220,Hai,,San Mateo,37.53339,-122.29784,Entire home/apt,211,7,200,8/25/25,3.98,1,247,33,
51497820,PrivEntryFridgeMV/EsyAccesFreeParking/FullBath2ste,259989889,Ling,,Burlingame,37.58357,-122.3889,Private room,,30,19,4/3/22,0.38,7,0,0,
51545375,Lovely 3 Bedroom house in SFO/Bay Area Wi-Fi A/C,34347739,Christine Hong,,San Bruno,37.61887,-122.41994,Entire home/apt,262,1,361,9/7/25,7.21,2,122,96,
51548821,"Blueground | Redwood City, gym, parking",107434423,,,Redwood City,37.4831939,-122.2284285,Entire home/apt,317,31,0,,,144,295,0,
51578661,Cozy 2B/1BA private suite close to SF and SFO!,165143851,Mengkai,,Daly City,37.7044,-122.45107,Entire home/apt,104,1,224,9/24/25,4.47,1,322,58,
51636653,Spacious 1BR Ideal for Business Travelers,163251048,Global Luxury,,Menlo Park,37.486271,-122.18354,Entire home/apt,328,1,4,9/25/23,0.08,6,365,0,
51715934,Panoramic views with indoor fireplace,417754453,Amy,,Daly City,37.70538,-122.44122,Entire home/apt,99,31,24,5/12/25,0.48,1,281,3,
51716403,Chic two bedroom pool house,418966703,Anna,,Burlingame,37.57562,-122.34861,Entire home/apt,150,30,45,8/19/25,0.93,1,317,7,
51753613,Lovely Mango House near SFO & Paradise Valley,419261802,Grace,,South San Francisco,37.66537,-122.41412,Entire home/apt,284,14,40,5/12/25,0.82,1,353,2,STVR21-0008
51836660,"Blueground | Redwood City, pool, w/d, parking",107434423,,,Redwood City,37.4889691,-122.2430102,Entire home/apt,307,31,0,,,144,194,0,
51868884,Private Room/ Private Bathroom /Flexible Parking,31281433,Adriane,,Daly City,37.65487,-122.46876,Private room,106,7,20,3/17/24,0.4,2,238,0,
51885402,Make it a Boutique Stay - Choose Inn at Rockaway,420273487,Inn At Rockaway,,Pacifica,37.60809,-122.49585,Private room,248,1,66,3/28/25,1.34,3,364,1,
51893739,Studio with Parking in a Private yard and Entrance,56731063,Peter,,Daly City,37.7021,-122.46155,Entire home/apt,,31,19,8/9/25,0.41,4,37,7,
51929649,"Basement apartment, private access",1905172,Cath,,Unincorporated Areas,37.47029,-122.27083,Entire home/apt,117,31,7,8/15/25,0.14,13,329,3,
51972373,"Blueground | Menlo Park, pool, courts, nr schools",107434423,,,Menlo Park,37.4247813,-122.1983202,Entire home/apt,478,31,1,5/31/23,0.04,144,322,0,
51992218,Lovely Room for rent with access to home.,190911950,Marquita,,Unincorporated Areas,37.47635,-122.20915,Private room,75,1,3,7/2/22,0.08,1,364,0,
52047387,"Blueground | Foster City, gym, pool, w/d",107434423,,,Foster City,37.55288,-122.27553,Entire home/apt,,31,0,,,144,197,0,
52047452,"Blueground | Foster City, gym, pool, w/d",107434423,,,Foster City,37.5537546,-122.2764358,Entire home/apt,313,31,0,,,144,18,0,
52047504,"Blueground | Foster City, gym, pool, w/d",107434423,,,Foster City,37.55344,-122.2757566,Entire home/apt,299,31,0,,,144,226,0,
52047555,"Blueground | Foster City, gym, pool, w/d",107434423,,,Foster City,37.55344,-122.2757566,Entire home/apt,299,31,0,,,144,177,0,
52068493,Private Ensuite w bath & 3 beds in a Shared home,87569129,Leeman,,Daly City,37.6866,-122.4615,Private room,81,4,81,8/28/25,1.67,3,262,14,
52069478,Private bedroom w Queen bed & TV. Shared home,87569129,Leeman,,Unincorporated Areas,37.68651,-122.46004,Private room,63,4,62,3/25/25,1.26,3,206,7,
52070188,Private bedroom w Queen & Twin bed in Shared home,87569129,Leeman,,Daly City,37.68849,-122.46161,Private room,63,4,60,9/3/25,1.22,3,265,10,
52176572,Entire Ocean View Home beaches hiking,421794482,Sarah,,Pacifica,37.59507,-122.49716,Entire home/apt,237,1,98,7/29/25,2,6,302,11,
52188088,Lovely private - 1 BR apartment in Redwood City,373681446,Jennifer,,Redwood City,37.47302,-122.22638,Entire home/apt,106,2,48,9/14/24,1.01,1,19,0,
52189394,@ Marbella Lane - Oceanfront w/unobstructed views!,210837437,Marbella,,Pacifica,37.639,-122.494,Entire home/apt,,2,182,9/15/25,3.75,11,318,48,
52239856,"Coastal Hideaway – Beaches, Restaurants, Activities",421706094,Sändra,,Half Moon Bay,37.45918,-122.43082,Private room,351,1,2,5/13/24,0.04,7,345,0,
52259453,"King bed, Clawfoot Tub, Gas Fireplace – Beaches, Restaurants, Activities",421706094,Sändra,,Half Moon Bay,37.45743,-122.43065,Private room,403,1,3,4/26/25,0.06,7,330,1,
52269185,"Clean 1 Bed 1 Bath Bedroom Only

Lock on Bathroom & Bed

Cozy and Clean Bed

Closet Space + Kitchen",423084398,Tina,,Belmont,37.52457,-122.27784,Private room,,1,0,,,1,0,0,
52273853,"Blueground | San Bruno, pool, w/d, gym, nr tech",107434423,,,San Bruno,37.6344349,-122.421705,Entire home/apt,308,31,1,10/15/23,0.04,144,209,0,
52281631,"Adorable, spacious and comfy",346194549,Monica,,Redwood City,37.49164,-122.24186,Entire home/apt,139,30,25,5/7/25,0.56,1,197,5,
52289604,c1.2 Better Than a Hostel. Stay with us. Male room,38163072,Evgeny,,Daly City,37.70311,-122.46862,Shared room,41,4,38,8/29/25,0.78,26,363,8,
52318942,Perfect Vacation Apt  for Palo Alto and Menlo Park,25826187,Hanxi Zhang,,Menlo Park,37.45328,-122.17056,Entire home/apt,276,28,6,8/16/25,0.12,2,323,2,
52390314,Cozy 1 bedroom located at rustic boutique winery,424064374,Jennifer,,Unincorporated Areas,37.48121,-122.40608,Entire home/apt,181,2,51,9/7/25,1.05,1,346,12,
52412533,❤8min→SFO❤Parking❤King Bed❤Kitchen❤Downtown,153923937,Michael,,San Mateo,37.57055,-122.33044,Entire home/apt,137,31,5,4/12/25,0.11,2,160,1,
52423182,SFO | Dtown Burlingame| Kitchen Island | Privacy,15034732,I-Chuan Karen,,Burlingame,37.57668,-122.34862,Entire home/apt,87,3,22,7/1/25,0.52,1,4,3,
52443170,Near Stanford 1 Story House Huge Flat Fenced Yard,31017145,Mara,,Unincorporated Areas,37.44569,-122.22723,Entire home/apt,395,31,6,8/23/25,0.13,3,185,2,
52443635,Modern indoor-outdoor living w Hot Tub Walk to,3699159,Andreia,,Unincorporated Areas,37.54211,-122.50388,Entire home/apt,342,1,206,9/1/25,4.25,14,330,48,
52516748,"Spacious and Serene, Whirlpool Tub, Gas Fireplace – Beaches, Restaurants, Activities",421706094,Sändra,,Half Moon Bay,37.45922,-122.43078,Private room,481,1,0,,,7,336,0,
52516927,"Beach Retreat Overlooking the Garden – Beaches, Restaurants, Activities",421706094,Sändra,,Half Moon Bay,37.4574,-122.42904,Private room,338,1,0,,,7,336,0,
52519658,"Coastal Elegance – Beaches, Restaurants, Activities",421706094,Sändra,,Half Moon Bay,37.45921,-122.4291,Private room,310,1,9,1/10/25,0.19,7,317,1,
52519690,"Enchanting Coastal Getaway – Beaches, Restaurants, Activities",421706094,Sändra,,Half Moon Bay,37.45923,-122.42886,Private room,332,1,2,1/3/22,0.04,7,341,0,
52519720,"Comfortable & Cozy – Beaches, Restaurants, Activit",421706094,Sändra,,Half Moon Bay,37.4588,-122.43083,Private room,208,1,25,9/1/25,0.52,7,320,18,
52615188,"Einj: private room near F4cebook, Amaz0n, Stanford",425039978,Namit,,East Palo Alto,37.46522,-122.14467,Private room,71,3,9,9/2/25,0.43,10,320,4,
52630084,Room 4 with a private bathroom for one person only,402974822,Chia Lee,,Daly City,37.68569,-122.47326,Private room,56,2,105,9/15/25,2.21,4,343,11,
52635031,Silicon Valley Oasis,10853068,Slavik,,San Carlos,37.4887,-122.25276,Entire home/apt,159,3,154,9/21/25,3.23,1,302,37,
52657362,"Huac: Private room near Stanford, F3ceb00k, Amazon",425039978,Namit,,East Palo Alto,37.46522,-122.14671,Private room,56,7,10,8/23/25,0.22,10,268,4,
52661288,Large private room near SFO airport and Biotech,16967303,Liezl,,South San Francisco,37.66251,-122.41071,Private room,,2,1,10/30/21,0.02,1,0,0,
52670213,Charming Detached Studio Cottage in West Menlo,400037034,Geeta,,Unincorporated Areas,37.43527,-122.20438,Entire home/apt,135,5,61,8/28/25,1.29,1,62,8,
52691122,Adorable full guest suite (30days min stay),37924162,Nadège,,Unincorporated Areas,37.46287,-122.26819,Entire home/apt,161,30,8,8/9/25,0.17,1,364,2,
52707941,Cozy Private BR in apt. close to SFO & Meta Campus,277193982,Jorge,,San Mateo,37.57101,-122.31047,Private room,,1,206,8/28/25,4.3,2,90,40,
52713541,Cozy Private BR in Apartment Close to SFO,277193982,Jorge,,San Mateo,37.57022,-122.31106,Private room,51,1,204,8/23/25,4.25,2,226,41,
52733768,"Gabe: Friendly house near Stanford, FB, Amazon",425039978,Namit,,East Palo Alto,37.46518,-122.14526,Private room,54,4,18,9/21/25,0.44,10,144,4,
52735490,Mora:Cozy Private Room in near Tech Hubs& Stanford,425039978,Namit,,Menlo Park,37.48001,-122.15865,Private room,71,3,6,8/24/25,0.13,10,180,1,
52735973,Ubai: Friendly house near Stanford University,425039978,Namit,,East Palo Alto,37.46582,-122.14646,Private room,71,5,14,8/3/25,0.34,10,339,2,
52738952,Light & Bright Abode Near SFO + Downtown Millbrae,80405162,Justine,,Millbrae,37.60342,-122.39367,Entire home/apt,295,2,237,9/21/25,5.12,1,43,68,
52743209,Spacious Oasis Centrally Located in Peninsula!,31242562,Janice,,Redwood City,37.46934,-122.24413,Entire home/apt,,6,2,12/10/21,0.04,1,0,0,
52776537,Taia: Private Room close to F4c3book / Stanford,425039978,Namit,,Menlo Park,37.47986,-122.15931,Private room,72,3,3,4/19/25,0.13,10,269,2,
52777684,Warm and comfortable home,194511609,Yuching,,Burlingame,37.58581,-122.3633,Private room,65,1,145,9/9/25,3.05,1,34,44,
52777833,Walk to the ocean! Private bedroom w/ everything,427272063,Manatsu,,Pacifica,37.65884,-122.47621,Private room,,1,0,,,1,0,0,
52778712,"Modern 2BR House Daly City, 15 mins from SFO",74667158,Winnie,,Daly City,37.65364,-122.47024,Entire home/apt,,2,17,8/15/22,0.39,2,0,0,
52814264,L4 Chek Room with priv bath near Stanford,425039978,Namit,,East Palo Alto,37.46648,-122.14456,Private room,77,3,16,9/10/25,0.39,10,291,3,
52830774,"CASA-SFO/OASIS CITY GETAWAY, RUSTIC/MODERN DESIGN",4335354,Waifung,,South San Francisco,37.65811,-122.42343,Entire home/apt,183,2,136,8/30/25,2.87,2,316,40,
52847699,RENOVATED! CLOSE TO SFO! NEWLY FURNISHED!,4335354,Waifung,,South San Francisco,37.65842,-122.42368,Entire home/apt,119,3,80,9/14/25,1.71,2,330,24,112626
52862491,"Min’s from SFO, private rooms, lovely shared Apt.",419818660,Nick,,South San Francisco,37.66008,-122.4066,Private room,56,1,53,7/14/23,1.11,1,365,0,
52867557,Cozy Entire 1-Bedroom Condo in Redwood City,37820807,Star,,Redwood City,37.46579,-122.23207,Entire home/apt,142,2,150,9/20/25,3.32,1,265,22,
52880823,Large 1-Bedroom Apt in Prime Location with Yard,53617599,Kwok,,Burlingame,37.58907,-122.37363,Entire home/apt,,1,28,8/31/24,0.65,1,0,0,
52923269,"3BR Near Stanford, Bonus Room, No Cleaning Fee",12940850,Kevin,,Unincorporated Areas,37.4353672,-122.2105864,Entire home/apt,315,5,99,7/28/25,2.08,6,24,34,
52926691,Cozy and freshly remodeled 1 bedroom Redwood City,292773573,Sabine,,Redwood City,37.479103,-122.228897,Entire home/apt,145,2,28,1/12/25,0.59,8,5,2,
53001871,Spacious⭐️Heated Pool⭐️GOOD ENERGY⭐️Near SFO,395430750,Natasha,,San Bruno,37.63343,-122.4213,Private room,149,10,16,3/27/22,0.34,1,269,0,
53004521,Studio w/ Shared Deck & Yard - Near Stanford!,126644161,Evolve,,Menlo Park,37.4466,-122.18017,Entire home/apt,,3,6,8/12/22,0.13,7,0,0,
53004523,Updated Menlo Park Home < 1 Mile to Stanford!,126644161,Evolve,,Menlo Park,37.4466,-122.18017,Entire home/apt,,3,18,7/27/22,0.38,7,0,0,
53016308,Adorable 2 Bedroom in Burlingame.,65508426,Isaac,,Burlingame,37.58263,-122.35539,Entire home/apt,156,2,140,9/24/25,3.07,1,305,33,
53053545,Beautiful Home near Stanford w/ Private Garden,49841710,Amanda & Kate,,Unincorporated Areas,37.43308,-122.21197,Entire home/apt,364,4,41,9/20/25,0.94,2,34,13,
53092383,Newly renovated 4BR 2BA home!,5241283,William,,Daly City,37.67381233,-122.4821106,Entire home/apt,,14,0,,,4,0,0,
53093663,Spacious 4BR/2BA in San Mateo-Central Location-HEM,85048744,Sky,,San Mateo,37.56609,-122.30255,Entire home/apt,250,30,9,9/7/25,0.2,24,327,3,
53112742,Peaceful studio oasis by the beach,705062,Alexis,,Unincorporated Areas,37.52807,-122.51114,Entire home/apt,,7,10,10/13/24,0.21,1,0,2,
53137565,"c4.2 Vibrant community, be our friend.",38163072,Evgeny,,Daly City,37.70364,-122.47028,Shared room,31,4,26,3/17/25,0.56,26,270,5,
53137616,c4.3 Clean and quiet. Shared.,38163072,Evgeny,,Daly City,37.70478,-122.46874,Shared room,38,4,18,4/30/25,0.39,26,270,3,
53137633,c4.4 Walking distance to BART. Shared.,38163072,Evgeny,,Daly City,37.70292,-122.46865,Shared room,33,4,35,8/14/25,0.75,26,266,6,
53216776,Private SFO Oasis: Pool & Jacuzzi - Near San Mateo,30423849,Sanjay,,Hillsborough,37.53895,-122.34496,Entire home/apt,293,1,21,9/18/25,1.11,1,86,6,
53218449,Modern Beach Apartment open for Summer months,723385,Tess,,Unincorporated Areas,37.5036,-122.47343,Entire home/apt,150,31,1,12/31/23,0.05,1,39,0,
53219659,The Pacific Dream,430867945,Carlos,,Unincorporated Areas,37.52753,-122.51658,Entire home/apt,3800,2,29,7/7/25,0.62,1,338,9,
53278361,3 Bedroom Entire House @ Safe Town in SFO Bay Area,56176873,Haidong,,Millbrae,37.60263,-122.40625,Entire home/apt,257,1,375,9/8/25,8.16,1,188,103,
53279860,Tiny Cabin by the Coast,400952907,Janette,,Pacifica,37.64277391,-122.4677824,Entire home/apt,142,2,74,9/7/25,2.75,1,136,27,
53291467,Family home for rent in July while we're traveling,21214934,Maroussia,,East Palo Alto,37.46718,-122.14804,Entire home/apt,,10,3,9/3/23,0.07,7,365,0,
53364404,Townhouse/condo. Close to 2 downtowns & Stanford,432051126,Farhad,,Menlo Park,37.44913,-122.17181,Entire home/apt,152,30,14,8/2/25,0.3,1,235,3,
53381702,Bright and spacious 1 bedroom unit with pool,236325833,Ashish,,Foster City,37.55913,-122.25145,Entire home/apt,,2,29,6/7/24,0.63,1,0,0,
53382698,ADORABLE 1BR IN  DALY CITY,278378474,Tarek,,Daly City,37.66045,-122.47326,Entire home/apt,,21,0,,,1,0,0,
53406543,Greek islands inspired 3 bedrooms home,33875596,Amnon,,Unincorporated Areas,37.47757,-122.18833,Entire home/apt,350,30,43,7/9/25,1.23,2,270,3,
53409866,"Blueground | San Mateo, pool & gym, highway access",107434423,,,San Mateo,37.5632,-122.28236,Entire home/apt,461,31,3,3/5/24,0.07,144,365,0,
53421506,Quiet Downtown Home. BART+Caltrain+Parking | SFO,842359,Betty,,South San Francisco,37.65855,-122.41968,Entire home/apt,139,2,0,,,3,84,0,
53421853,3 bedroom residential home with pool,82105539,Vinutha,,Foster City,37.54136,-122.27426,Entire home/apt,,30,0,,,1,0,0,
53434208,1B1B kitchen new remodel Private Entry,432648768,Moon Ying,,Daly City,37.66428,-122.49019,Entire home/apt,,1,3,1/17/22,0.07,1,0,0,
53449375,Adorable & Newly Built 1/1 Guest House Close to SF,432794457,Ben,,San Bruno,37.63075,-122.41573,Entire home/apt,,2,12,5/1/23,0.27,3,0,0,
53457008,@ Marbella Lane - Hidden Gem in Pacifica!,210837437,Marbella,,Pacifica,37.59181,-122.47134,Entire home/apt,416,1,120,9/16/25,2.61,11,324,35,
53474155,Cheerful 2 BD+1 Den house close to downtown,249286920,Christine,,Redwood City,37.47425,-122.23133,Entire home/apt,200,2,74,8/31/25,1.62,1,294,8,
53479675,Make it a Boutique Stay - Choose Inn at Rockaway,420273487,Inn At Rockaway,,Pacifica,37.60846,-122.4953,Private room,243,1,32,4/29/25,0.82,3,363,4,
53479895,Make it a Boutique Stay - Choose Inn at Rockaway,420273487,Inn At Rockaway,,Pacifica,37.60988,-122.49734,Private room,282,1,13,4/19/25,0.39,3,363,1,
53498833,Palo Alto Port,12147145,Noe,,East Palo Alto,37.46273,-122.14992,Private room,,2,58,7/26/24,1.26,1,0,0,
53501807,"Elegant, Private & Newly Built Unit close to S.F.O",432794457,Ben,,San Bruno,37.6295,-122.41384,Entire home/apt,,90,37,6/9/24,0.8,3,0,0,
53508754,"Blueground | Foster City, gym & laundry",107434423,,,Foster City,37.553562,-122.2751887,Entire home/apt,360,31,0,,,144,260,0,
53518329,"Suite close to SF/SSF, nature with gorgeous views",10452839,Radu,,Brisbane,37.677,-122.4018,Entire home/apt,,30,5,6/8/24,0.12,3,176,0,
53570974,Clean and elegant master bedroom with private bath,21214934,Maroussia,,East Palo Alto,37.46585,-122.14821,Private room,1010,1,0,,,7,365,0,
53581159,"Blueground | San Mateo, pool & gym, highway access",107434423,,,San Mateo,37.5631959,-122.2823553,Entire home/apt,439,31,1,3/7/22,0.02,144,1,0,
53599720,"Blueground | Foster City, gym & laundry",107434423,,,Foster City,37.55197,-122.27409,Entire home/apt,267,31,0,,,144,202,0,
53607277,Private 1-Bedroom. San Bruno/Near SFO,248686019,Valaisree(Ning),,San Bruno,37.62963,-122.46116,Private room,65,1,289,9/9/25,6.35,2,302,65,
53608594,Oceanfront Boho Retreat - Pacific Sunset Views 🌅🌊🐳,434125417,Al,,Pacifica,37.64913,-122.4935,Entire home/apt,384,1,347,9/2/25,7.48,1,262,63,
53609586,Luxo Stays |Stanford| 3bd/2ba #pet #comfy,25120232,Sharon,,East Palo Alto,37.46369,-122.14576,Entire home/apt,184,2,115,9/6/25,2.52,5,322,17,
53612088,"Restful home near by SF, airport, public transit",131693722,Joe,,Daly City,37.6894,-122.46306,Entire home/apt,157,3,198,9/22/25,4.3,1,141,51,
53650230,In-Law Unit w/ Multiple Amenities,22783360,Jaime,,Daly City,37.7038,-122.44026,Private room,70,2,0,,,1,143,0,
53702834,"Luxury Studio Near SFO, SFSU ,BART, Walk to shops!",434941835,Elinoemi Curimao,,Daly City,37.70537,-122.47556,Entire home/apt,112,2,186,8/29/25,4.19,2,252,28,
53719327,Charming farmhouse in downtown HMB,5226985,Ariel,,Half Moon Bay,37.4618,-122.42963,Entire home/apt,,3,4,8/8/23,0.11,1,0,0,
53741381,"Top Location, King Bed, near Palo Alto & Stanford",216097266,Elie,,Menlo Park,37.456038,-122.1633266,Entire home/apt,184,3,62,9/18/25,1.79,1,207,25,
53763071,"Blueground | San Mateo, pool & w/d, access to 101",107434423,,,San Mateo,37.5613694,-122.3206279,Entire home/apt,399,31,2,5/21/23,0.06,144,241,0,
53835364,Lovely 2-bedroom  (& den),34226895,Rozbeh,,San Mateo,37.56912,-122.33545,Entire home/apt,293,90,7,8/14/25,0.16,2,364,3,
53852216,Lovely Gorgeous View Walkable Location!,335703981,Jennifer,,San Mateo,37.565723,-122.328865,Entire home/apt,198,3,32,9/5/25,0.73,1,33,5,
53865743,SFO Airport Boutique Hotel-2 Queens-Walkable Area,162571512,Vipul,,Millbrae,37.6111,-122.40208,Private room,,1,126,8/25/25,2.75,3,360,19,
53882818,Incredible Ocean Views from Tuscan Villa Suite,38046254,Janeen,,Pacifica,37.63386,-122.4779,Entire home/apt,221,2,200,9/20/25,4.51,1,166,25,
53902875,"Oceanview Penthouse, Stylish, Walking to Beach",49226984,Diana,,Unincorporated Areas,37.50398,-122.46711,Entire home/apt,203,1,332,9/18/25,9.5,5,342,99,
53939184,"Tuit: Private Room close to Stanford, F3ceb00k",425039978,Namit,,Menlo Park,37.47945,-122.15917,Private room,72,4,12,8/11/24,0.27,10,365,0,
53941690,Cozy & huge studio w/ full kitchen & bath,436186659,Yu Zhen,,San Mateo,37.56892,-122.30258,Entire home/apt,198,3,44,5/9/25,0.96,4,362,2,
53974117,c6 Most Affordable in SF.,38163072,Evgeny,,Daly City,37.70181,-122.46725,Private room,52,3,28,9/8/25,0.97,26,362,11,
54022116,Turnkey ready 2 BR Apt near Beach! Rent monthly.#3,30545092,Ralph,,Unincorporated Areas,37.5028,-122.47073,Entire home/apt,246,3,3,7/23/24,0.07,4,299,0,
54076037,Fully stocked Studio in a safe neighborhood,96900260,Gracie,,Redwood City,37.48721,-122.24618,Entire home/apt,241,1,18,9/2/25,0.41,1,363,5,
54086314,Great Private Room & Bathroom in Daly City Home,86027378,Ernest,,Daly City,37.68283,-122.47688,Private room,48,30,4,12/8/23,0.1,9,269,0,
54124714,Tropical Retreat • Comfy Room 15min from SFO,93787814,Juliet,,Daly City,37.70532,-122.45053,Private room,46,1,262,9/3/25,5.82,4,297,49,
54141268,SkyHigh Redwoods Retreat with Bay Views,438921164,HiC And Jeff,,Woodside,37.38351,-122.26285,Entire home/apt,171,1,301,9/20/25,6.88,1,265,107,
54183204,Newly remodeled airy house on a quiet street.,3129933,Colin & Elle,,Redwood City,37.47238,-122.24602,Entire home/apt,,4,1,1/27/22,0.02,1,0,0,
54223652,"3 bedroom 2 bath home w washer/dryer, arcade, more",66111091,Howard,,Brisbane,37.68327,-122.40214,Entire home/apt,221,30,11,8/23/25,0.25,1,341,2,
54225908,"Charming, modern, restorative, private studio",63814848,Julie,,Unincorporated Areas,37.47484,-122.20074,Entire home/apt,110,1,221,5/16/25,5.12,1,344,40,
54240929,Relaxing 1 bed 1 private bath in Daly City,10770504,Rebecca,,Daly City,37.70547,-122.43382,Private room,67,30,9,6/30/25,0.24,2,364,3,
54241388,Newly Remodeled! Large Bright Modern House Central,376752417,Danlu,,San Carlos,37.48587,-122.26117,Entire home/apt,226,1,121,9/6/25,2.75,2,75,25,
54328855,旧金山机场附近Millbrae高级住宅区私人洗手间舒适四床双套房,247094531,Yuefeng,,Millbrae,37.59197,-122.39912,Private room,150,1,31,6/30/25,0.72,11,360,12,
5.10934E+17,"Peaceful & Safe Home Near Hillside Park, Daly City",434810260,Ran,,Daly City,37.69403,-122.45924,Entire home/apt,100,1,95,8/17/25,2.06,1,328,5,
5.12352E+17,40 Acre Redwood Forest With Private Trails,435100541,David,,Unincorporated Areas,37.3127,-122.2899,Entire home/apt,136,2,193,9/21/25,4.22,1,341,53,
5.43589E+17,Cozy private studio near SFO & Downtown Burlingame,441231798,Michelle,,Burlingame,37.58369,-122.34814,Entire home/apt,98,1,170,9/8/25,3.83,3,312,32,
5.45816E+17,"Linda Mar, Pacifica Beach House",55848176,Craig,,Pacifica,37.59028,-122.49785,Entire home/apt,,31,0,,,1,0,0,
5.46479E+17,Gracious Flat in Downtown San Mateo,23723705,Ana,,San Mateo,37.56991577,-122.3240128,Entire home/apt,153,2,121,9/9/25,2.74,6,293,21,
5.46651E+17,Silicon Valley Retreat 2BR Apt in Menlo Park,254463667,Madi,,Redwood City,37.48535,-122.18468,Entire home/apt,264,1,135,8/22/25,3.11,6,246,30,
5.4878E+17,LuxoStays! | 5 Bed |Westlake Mall| #Family #SF,226555948,Gino Angelo Timpog,,Daly City,37.68534851,-122.4867477,Entire home/apt,271,30,168,5/18/25,3.82,15,113,24,
5.4968E+17,"Blueground | Redwood City, gym & tennis court",107434423,,,Redwood City,37.4831939,-122.2284285,Entire home/apt,489,31,1,9/18/22,0.03,144,0,0,
5.50873E+17,@ Marbella Lane - Modern and Sleek Home in Redwood,118412894,Wendy,,Redwood City,37.4816,-122.21085,Entire home/apt,237,1,48,6/18/25,1.11,5,324,8,
5.5112E+17,Home for Executive Stay * Business Pro * Family,6292078,Cecilia,,San Mateo,37.56297,-122.30319,Entire home/apt,287,2,72,8/16/25,1.74,2,241,10,
5.52502E+17,BRIGHT & SPACIOUS 3BR/3BA HOME WITH AMAZING VIEW,130853806,Wenxiang,,Belmont,37.51837,-122.30932,Entire home/apt,,3,46,9/8/23,1.06,1,0,0,
5.54535E+17,Adorable sunny 1-bedroom guesthouse,118003448,Ralph,,San Carlos,37.50703,-122.25624,Entire home/apt,169,1,81,9/13/25,2.13,1,356,20,
5.5663E+17,Adorable 1 bed-1 bath house in beautiful Woodside!,363882546,Ruchi,,Woodside,37.43312,-122.24806,Entire home/apt,139,3,8,6/14/23,0.18,1,267,0,
5.56709E+17,Spacious Bright Renovated 2 Bedroom 2 Bath Central,376752417,Danlu,,San Carlos,37.48626,-122.25965,Entire home/apt,157,1,103,9/6/25,2.4,2,95,11,
5.57139E+17,"Blueground | Menlo Park, gym, easy highway access",107434423,,,Menlo Park,37.4247813,-122.1983202,Entire home/apt,,31,1,3/9/24,0.05,144,309,0,
5.57176E+17,Adorable 1-bed/1-bath place in Belmont.,444015632,Rinkee,,Belmont,37.52539,-122.28817,Private room,86,1,15,6/14/25,0.34,1,292,4,
5.57723E+17,"Blueground | Foster City, gym, w/d & pool",107434423,,,Foster City,37.5550506,-122.2612304,Entire home/apt,,31,0,,,144,272,0,
5.59651E+17,"Luxury 3BDR/2BA Next To BART Subway, Close To SFO",22009135,Lawrence,,South San Francisco,37.66196,-122.43952,Entire home/apt,399,2,35,8/4/25,0.82,1,237,10,
5.60053E+17,Ocean Beach Lux Retreat Back from Remodel,27754493,Daniel,,Pacifica,37.59584,-122.5123,Entire home/apt,722,2,118,9/20/25,2.84,10,168,14,
5.63856E+17,Cozy Cottage - Private Back Unit,54740349,Quazi,,East Palo Alto,37.46686,-122.12565,Entire home/apt,91,2,59,7/15/25,1.44,2,365,3,
5.64716E+17,Cozy Storybook Beach House in Pacifica near Pier,7338266,Sean,,Pacifica,37.63089655,-122.4895111,Entire home/apt,327,3,72,8/28/25,2.59,1,335,27,
5.66117E+17,Modern 1-bdrm home in the heart of Silicon Valley,32941347,Yee Seir,,Redwood City,37.47073,-122.24272,Entire home/apt,,2,16,12/7/23,0.44,2,0,0,
5.66158E+17,"Entire charming 3B2B house, 10 minutes to SFO",47563583,Ava,,San Mateo,37.57541,-122.32036,Entire home/apt,190,2,44,5/16/25,1.02,2,140,4,
5.68804E+17,Cheerful 3-bedroom home in Redwood City,446521597,Neil,,Redwood City,37.45583,-122.24316,Entire home/apt,,1,55,7/27/25,1.28,1,61,7,
5.70871E+17,"Clean& Comfy, 10min Meta&Stanford, 3beds,fast WiFi",137745531,Magnolia Sabrina,,East Palo Alto,37.4714,-122.15477,Entire home/apt,113,2,30,7/10/25,0.69,3,248,6,
5.72558E+17,Coastal Calm - Newly Refurbished Seaside Room,267360801,Linda,,Burlingame,37.5846,-122.34999,Private room,85,2,13,7/8/25,0.3,2,49,5,
5.72756E+17,"1 block away from beach, hot tub, 3 bed 3 bath",5503776,Anna,,Pacifica,37.63228,-122.49299,Entire home/apt,230,1,211,9/19/25,5,3,322,54,
5.73851E+17,"Kasa the Niche Redwood City | Cozy King, Downtown",88566861,Kasa,,Redwood City,37.48589,-122.22555,Entire home/apt,900,1,54,9/15/25,1.33,5,294,17,
5.73851E+17,Kasa the Niche Redwood City | Accessible Queen,88566861,Kasa,,Redwood City,37.48643,-122.22611,Entire home/apt,900,1,15,8/3/25,0.35,5,281,4,
5.73851E+17,Kasa the Niche Redwood City | Cozy Queen Micro-pod,88566861,Kasa,,Redwood City,37.48593,-122.22767,Entire home/apt,900,1,48,9/15/25,1.17,5,293,18,
5.73917E+17,Sun room for all guests to read and enjoy sunshine,410554145,Diana,,Unincorporated Areas,37.45031,-122.22018,Private room,100,30,9,5/26/25,0.24,5,285,3,
5.74268E+17,Beautiful 3BR Home-Perfect Location,447669665,Ashley,,South San Francisco,37.65537,-122.4475,Entire home/apt,275,2,175,9/22/25,4.1,3,148,28,
5.75404E+17,Modern 3Br/2.5Ba Corporate Housing 10min from SFO,2973203,Richie,,San Mateo,37.54682,-122.3116,Entire home/apt,180,360,4,3/14/23,0.1,1,365,0,
5.77824E+17,"Edge of the Redwoods, cozy cabin retreat",112147445,Grace,,Unincorporated Areas,37.36097,-122.26565,Entire home/apt,192,1,93,9/14/25,3.35,1,170,41,
5.79629E+17,Cali Studio w/ Resort Perks: 6 Mi to San Fran,126644773,Evolve,,Daly City,37.66439056,-122.4628296,Entire home/apt,,30,3,8/30/23,0.07,8,0,0,
5.80294E+17,"Blueground | Redwood City, gym & pool, nr Caltrain",107434423,,,Redwood City,37.4831939,-122.2284285,Entire home/apt,362,31,0,,,144,264,0,
5.80985E+17,"OceanView 4BR w/Hot Tub, FirePit, EV Plug, Seaview",42563379,Ela,,Pacifica,37.654663,-122.484467,Entire home/apt,394,2,135,9/22/25,3.2,8,312,27,
5.82522E+17,"Blueground | Redwood City, gym & w/d, nr Caltrain",107434423,,,Redwood City,37.48226,-122.22917,Entire home/apt,395,31,0,,,144,291,0,
5.82534E+17,"Blueground | Foster City, pool, spa, nr Caltrain",107434423,,,Foster City,37.5556541,-122.2610574,Entire home/apt,275,31,2,1/2/25,0.08,144,6,1,
5.83361E+17,"Blueground | San Carlos, gym, pool, nr Caltrain",107434423,,,San Carlos,37.5091986,-122.2620655,Entire home/apt,,31,1,9/24/23,0.04,144,323,0,
5.83554E+17,Walk to Beach - 6 bedrooms - 4 bathrooms- Fits 14,974866,Bo,,Pacifica,37.59054,-122.49972,Entire home/apt,764,2,162,9/18/25,3.82,1,323,43,
5.84103E+17,"Well Maintained, Super Clean 1B/1B guest house",31756038,Shihhao,,East Palo Alto,37.470795,-122.153381,Entire home/apt,116,2,97,8/30/25,2.49,1,230,24,
5.84121E+17,Spacious 1-Bedroom in shared home,434270952,Noelani,,Daly City,37.70261,-122.46603,Private room,50,30,1,9/17/22,0.03,1,365,0,
5.84189E+17,Nantucket Penthouse - walk to restaurants beaches,3699159,Andreia,,Half Moon Bay,37.45991,-122.43069,Entire home/apt,178,1,68,9/2/25,1.6,14,314,29,
5.85E+17,Cozy private 2b/1ba near SFO & Downtown Burlingame,441231798,Michelle,,Burlingame,37.58548,-122.34925,Entire home/apt,152,1,82,9/8/25,1.94,3,24,15,
5.85033E+17,Comfy 2 bdrm 1 bath 3 beds in-law unit w/kitchen,16514177,Da Qian,,Daly City,37.69807,-122.46766,Entire home/apt,121,1,166,9/6/25,3.95,2,221,50,
5.8528E+17,"Blueground | Redwood City, gym & w/d, nr Caltrain",107434423,,,Redwood City,37.48226,-122.22917,Entire home/apt,363,31,1,12/15/22,0.03,144,314,0,
5.8528E+17,"Blueground | Redwood City, gym & w/d, nr Caltrain",107434423,,,Redwood City,37.48226,-122.22917,Entire home/apt,343,31,0,,,144,178,0,
5.85417E+17,Light Bright Downtown Oasis,9474626,Aaron,,San Mateo,37.56566,-122.31737,Entire home/apt,,30,1,5/26/22,0.02,1,0,0,
5.86564E+17,"Seaside homebase: 15 min SF/SFO, 1 block to ocean!",29111282,Steven,,Pacifica,37.6316185,-122.4917679,Entire home/apt,101,1,288,9/5/25,6.93,1,124,53,
5.88425E+17,Bright and comfortable studio close to SFO and SF,220400948,Laura,,Daly City,37.70413,-122.47423,Entire home/apt,182,2,73,8/18/25,1.71,2,313,8,
5.90024E+17,SF Home Base-Stunning Views-2 bed/1 bth,31939607,Brian,,Pacifica,37.59467,-122.51182,Entire home/apt,,1,4,10/15/23,0.15,1,0,0,
5.90789E+17,"Spacious 3 bdrm, 8 beds, 2 baths w/ full kitchen",16514177,Da Qian,,Daly City,37.70006,-122.46749,Entire home/apt,234,1,194,9/14/25,4.55,2,237,55,
5.91592E+17,Extraordinary Ocean Views from Modern Abode,446261108,Heath,,Unincorporated Areas,37.54441,-122.51276,Entire home/apt,281,2,110,9/21/25,3.06,1,351,34,
5.91991E+17,Private adorable studio in East Palo Alto,81782478,Luz Adriana,,East Palo Alto,37.46872,-122.1481,Entire home/apt,,30,3,4/28/25,0.12,2,0,1,
5.92014E+17,Magical 2br/2ba cabins nestled in the redwoods,2373815,Eoin,,Portola Valley,37.37859,-122.239,Entire home/apt,209,2,157,8/16/25,3.71,1,0,32,
5.92623E+17,Cozy Unit 2BR/1BA | Parking & Laundry | Stanford,168033968,Andrew,,Redwood City,37.48392,-122.22218,Entire home/apt,148,2,60,9/18/25,1.44,4,259,24,
5.92676E+17,"Private Tiny House, Bike to Stanford/FaceB/Goog/VA",4705778,Brian,,Menlo Park,37.46741,-122.15325,Entire home/apt,118,3,81,4/16/25,2.12,1,61,6,
5.94444E+17,Cozy newly remodeled 2 BR / 1 BA walk to Bart & SF,78363908,Jia Ling,,Daly City,37.699932,-122.468857,Entire home/apt,125,1,170,9/18/25,4.05,4,143,44,
5.97392E+17,PrivateRoom+Private bathroom#2 (8mins-SFO ),424087022,Lam,,South San Francisco,37.658356,-122.414322,Private room,50,1,191,8/25/25,4.55,3,72,41,
5.98798E+17,Lovely 1-bedroom apartment w/terrific views,4080849,Steve,,Daly City,37.70748,-122.43361,Entire home/apt,,2,0,,,1,0,0,
5.99244E+17,Stunning 4 bedr. house & pool in San Carlos Hills,149114688,Christine,,San Carlos,37.50645,-122.28367,Entire home/apt,624,7,1,7/21/25,0.45,1,9,1,
6.01003E+17,Quiet retreat from SF w/Fast Wi-Fi for remote work,61482873,Nader,,South San Francisco,37.64155,-122.44689,Entire home/apt,202,2,124,9/22/25,3.03,1,327,55,
6.01123E+17,Family PrivateRoom+Private Bathroom #1(8mins-SFO ),424087022,Lam,,South San Francisco,37.65876,-122.41327,Private room,81,1,252,9/7/25,6,3,14,60,
6.01135E+17,Private room+Private bathroom (8 mins-SFO),424087022,Lam,,South San Francisco,37.65904,-122.41502,Private room,,1,29,5/12/25,0.69,3,0,2,
6.02883E+17,LuxoStays| Beautiful Beach Home w/ Games,226555948,Gino Angelo Timpog,,Unincorporated Areas,37.50692846,-122.4755682,Entire home/apt,444,2,131,8/31/25,3.16,15,351,23,
6.03841E+17,Charming Newly Remodeled Between SFO& SF Near BART,78363908,Jia Ling,,Daly City,37.69993,-122.46886,Entire home/apt,94,1,140,9/21/25,3.39,4,154,25,
6.03935E+17,Cozy & Quiet/Safe Bright 4brs Home in Daly City,454055614,Jie Ci,,Daly City,37.69272995,-122.4739914,Entire home/apt,270,2,173,9/16/25,4.17,2,320,45,
6.05633E+17,"Blueground | Foster City, gym, 2 pools & w/d",107434423,,,Foster City,37.5373535,-122.2613007,Entire home/apt,340,31,2,7/13/24,0.05,144,365,0,
6.07209E+17,Enjoy a cozy 2BR house next to San Francisco,454715719,Gordon,,Daly City,37.70543,-122.41545,Entire home/apt,167,4,102,7/28/25,2.6,1,19,30,
6.08612E+17,Summer oasis in Sillicon Valley / Stanford,5928881,Tamara,,Menlo Park,37.46109,-122.18796,Entire home/apt,,7,2,7/19/25,0.05,1,0,1,
6.0884E+17,Charming Cottage & Work Space - Walk to Stanford,5664031,Marcus,,Menlo Park,37.44718,-122.17208,Entire home/apt,,3,128,9/20/25,3.18,1,0,35,
6.0917E+17,"Blueground | Foster City, gym, 2 pools & w/d",107434423,,,Foster City,37.534672,-122.261475,Entire home/apt,302,31,1,4/8/24,0.06,144,276,0,
6.10894E+17,Comfy& cozy private room with golf course view,100935130,Yan,,Unincorporated Areas,37.69435,-122.47668,Private room,80,1,64,8/16/25,1.55,5,365,3,
6.10926E+17,3 Queen size beds for group guests .Comfy room,100935130,Yan,,Unincorporated Areas,37.69361,-122.47668,Private room,81,30,12,12/5/22,0.31,5,365,0,
6.11327E+17,"Cozy suburban cottage near SF, SFO & Caltrain/BART",19253514,Anthony,,South San Francisco,37.66107965,-122.4138637,Entire home/apt,125,30,0,,,1,362,0,
6.12499E+17,"❤️Newly remodeled SFO Guesthouse, Private entrance",204632615,Jonas,,San Bruno,37.62731619,-122.4440385,Entire home/apt,99,30,230,11/16/24,5.98,2,359,9,
6.12533E+17,Beautiful Seaside Retreat.,102083815,John,,Unincorporated Areas,37.5058,-122.47417,Entire home/apt,528,2,162,9/22/25,3.92,1,345,38,
6.12888E+17,Cozy Unit 2BR/1BA | Parking & Laundry | Stanford,168033968,Andrew,,Redwood City,37.48403,-122.22299,Entire home/apt,166,2,89,9/19/25,2.17,4,252,21,
6.13981E+17,"Luxurious 6 BR Entire Home, Hot tub, Views!",27754493,Daniel,,Pacifica,37.59292,-122.4853,Entire home/apt,688,2,168,9/1/25,4.06,10,102,42,
6.14019E+17,"Master Room board line Stanford, private bathtub",410554145,Diana,,Unincorporated Areas,37.45187,-122.22182,Private room,100,30,75,6/15/25,1.81,5,356,2,
6.14352E+17,[intern welcome] great location,4142181,Dawei,,San Mateo,37.54221,-122.30432,Private room,55,31,3,8/16/25,0.08,7,365,1,
6.14492E+17,Modern Redwood Retreat near Half Moon Bay & SV,2451096,Pam & Albie,,Unincorporated Areas,37.42233,-122.33701,Entire home/apt,385,30,4,12/26/22,0.1,1,334,0,
6.14708E+17,Tranquil Private Hillside Deck 5 BR  5 Star Host!,27754493,Daniel,,Pacifica,37.58935,-122.47454,Entire home/apt,340,2,160,8/16/25,3.89,10,353,32,
6.152E+17,Modern Menlo Park 1bedroom apartment #2,9328763,Valentina,,Redwood City,37.48522,-122.1841,Entire home/apt,,30,0,,,6,236,0,
6.15421E+17,Breathtaking View 3BR House with Laundry & Parking,456558928,Andrew,,Daly City,37.70542,-122.42928,Entire home/apt,261,2,218,9/11/25,5.28,2,247,67,
6.15913E+17,Cozy San Carlos Gem | Bright & Spacious 2BR Flat,13198348,Shante,,San Carlos,37.49528857,-122.2455793,Entire home/apt,135,1,100,9/17/25,3.61,1,95,40,
6.16665E+17,9 - Peaceful & Spacious 4B2B Upper Unit near FW,250584391,Victor 5,,Daly City,37.70578,-122.46077,Entire home/apt,160,2,142,9/18/25,3.47,35,143,48,
6.16821E+17,Cheerful 3 bedroom+office and a wonderful backyard,35743262,Kristina,,Redwood City,37.49387,-122.24214,Entire home/apt,200,21,2,8/4/24,0.05,1,107,0,
6.16869E+17,1332Fn Cozy Queen Bedroom w/ Private Bath near SF,94282453,Chi Kei,,South San Francisco,37.66281,-122.40151,Private room,58,1,72,8/14/25,1.76,14,170,9,
6.17342E+17,Hot Tub Retreat in Heart of Silicon Valley,12146991,Jade,,East Palo Alto,37.45461,-122.125,Entire home/apt,,6,1,7/16/22,0.03,1,0,0,
6.18195E+17,Stunning house with views and oasis garden,71202463,Cliff,,Daly City,37.70284,-122.42239,Entire home/apt,479,30,39,3/6/25,0.96,1,92,2,
6.18287E+17,elegant two-story home in a resort-style community,14091111,Carissa,,Foster City,37.54572678,-122.2605057,Entire home/apt,338,10,4,6/11/24,0.13,3,313,0,
6.18296E+17,1 bed/1 bath private suite close to Stanford,18847105,Peggy,,Unincorporated Areas,37.40136,-122.19369,Entire home/apt,176,2,14,5/2/25,0.35,1,315,1,
6.2213E+17,@ Marbella Lane - Modern Refreshing Home,118412894,Wendy,,San Mateo,37.57479,-122.32627,Entire home/apt,309,2,75,8/4/25,1.85,5,340,12,
6.22749E+17,New | Steps from BART & grocery | Close to SFO,458158205,Hangsong,,San Bruno,37.6382,-122.415,Entire home/apt,239,30,165,2/1/25,4.05,1,312,7,
6.23122E+17,Adorable Garden Cottage near Stanford,292773573,Sabine,,Unincorporated Areas,37.45604,-122.22583,Entire home/apt,164,2,124,9/6/25,3.04,8,151,34,
6.23255E+17,Modern 2 bedroom | Walk to Bart | washer & dryer,240838590,Pablo,,Daly City,37.68867,-122.46341,Entire home/apt,103,31,6,9/10/25,0.15,1,202,3,
6.23463E+17,"Cat Lovers Special:
Cheerful beach home",55831506,Anke,,Half Moon Bay,37.46308,-122.43649,Entire home/apt,126,14,1,8/18/24,0.07,1,176,0,
6.23972E+17,Cute beach house with skylights and open spaces,430679795,Xiaojing,,Pacifica,37.63673,-122.491501,Entire home/apt,338,2,101,9/14/25,2.47,1,320,24,
6.24222E+17,Sparklingly clean guest unit with gated parking,52750248,Wan Hong,,San Mateo,37.57458,-122.32433,Entire home/apt,122,4,35,9/18/25,0.86,2,344,10,
6.25256E+17,Updated 1-bedroom private in-law (no cleaning fee),4940367,Briceyda,,Redwood City,37.45941,-122.2411,Entire home/apt,105,3,62,9/12/25,1.53,1,60,20,
6.25887E+17,"Blueground | Menlo Park, lounge & w/d, nr Caltrain",107434423,,,Menlo Park,37.4576295,-122.1895382,Entire home/apt,404,31,2,9/2/23,0.06,144,328,0,
6.26068E+17,Private Retreat Center - Entire Wooded Property,112089094,Janelle,,Unincorporated Areas,37.21866,-122.34646,Entire home/apt,,1,1,10/16/23,0.04,10,0,0,
6.27786E+17,755 - 3B1B Unit Upstairs with Nice Yard near BART,250584391,Victor 5,,Daly City,37.7022,-122.45559,Entire home/apt,136,2,132,9/21/25,3.26,35,164,39,
6.29041E+17,Modern 3B3B home in Silicon Valley near Stanford,26013423,Sarah,,East Palo Alto,37.46634,-122.14481,Entire home/apt,,2,8,1/15/25,0.56,3,0,4,
6.2965E+17,Walkers Paradise| Central San Mateo Apt. | 1/1,317540106,Mk,,San Mateo,37.54786,-122.3104,Entire home/apt,154,20,10,9/12/23,0.25,9,364,0,
6.31109E+17,"1BR with W/D, AC, Patio, Sofabed, Vaulted Ceilings",20881459,Krista,,San Carlos,37.48764,-122.25245,Entire home/apt,175,4,19,7/21/25,0.49,1,115,9,
6.32061E+17,Lovely House In Great Neighborhood,8145777,Michael,,San Carlos,37.50049,-122.25466,Entire home/apt,551,3,4,10/2/23,0.1,1,89,0,
6.32634E+17,Comfortable Luxury Farmhouse on 8 acres of privacy,4448652,Sacha,,Unincorporated Areas,37.33062,-122.20304,Entire home/apt,423,2,76,8/15/25,1.88,1,156,18,
6.34078E+17,Newly Renovated Comfy Home in Daly City w/ Parking,460765115,Seng Io,,Daly City,37.69233,-122.46278,Entire home/apt,152,2,205,9/21/25,5.06,1,320,67,
6.35046E+17,Ocean/Beach Front 2B1B Retreat • 15 min to SFO/SF,220760679,Arlene,,Pacifica,37.653397,-122.492691,Entire home/apt,271,2,291,9/20/25,7.19,9,331,76,
6.35192E+17,"Blueground | Menlo Park, pool, w/d, gym",107434423,,,Menlo Park,37.4247813,-122.1983202,Entire home/apt,371,31,1,3/23/23,0.03,144,341,0,
6.36049E+17,"Blueground | Foster City, gym, pool, spa & w/d",107434423,,,Foster City,37.5347989,-122.2723463,Entire home/apt,325,31,1,7/2/22,0.03,144,299,0,
6.36149E+17,"OCEAN VIEWS | NEWLY REMODELED| HOMEY| 3B,2BTH",316008712,Kevin,,Daly City,37.6671,-122.49023,Entire home/apt,,2,8,8/14/22,0.2,1,0,0,
6.36996E+17,NEW- Spacious Half Moon Bay Coastal Gem,223851900,Brian,,Half Moon Bay,37.47479,-122.43167,Entire home/apt,200,3,2,6/26/22,0.05,1,351,0,
6.3712E+17,1-bedroom shared bath 5-min walk Hillsdale Station,55161882,Teresa,,San Mateo,37.54162981,-122.3050395,Private room,98,5,0,,,2,365,0,
6.3861E+17,Poplar Beach Home and Guesthouse with Hot Tub,10735985,Thomas,,Half Moon Bay,37.45424,-122.43659,Entire home/apt,743,3,5,7/27/25,0.13,3,56,3,
6.39911E+17,Ocean/Beach Front 🏖🌊w/ Sweeping Oceanviews🌅🐳🪂,220760679,Arlene,,Pacifica,37.6533973,-122.4926941,Entire home/apt,276,2,279,9/22/25,7.02,9,338,61,
6.40119E+17,Cheerful 4-bedroom home nearby beach,304931771,Fei,,Daly City,37.69014,-122.49292,Entire home/apt,347,3,78,8/19/25,2.12,4,348,23,
6.40125E+17,Private 2BR/Office room/Family/Business Travel,368616861,Hui,,Unincorporated Areas,37.69427,-122.48532,Entire home/apt,213,2,31,9/1/25,0.82,5,359,7,
6.40247E+17,"Blueground | San Bruno, gym, pool, nr highways",107434423,,,San Bruno,37.6344349,-122.421705,Entire home/apt,238,31,1,4/17/23,0.03,144,114,0,
6.40366E+17,"Blueground | Menlo Park, pool, gym, nr 101, 280",107434423,,,Menlo Park,37.4247813,-122.1983202,Entire home/apt,511,31,1,12/13/24,0.1,144,102,1,
6.4197E+17,Bright and sunny luxurious three bedroom Craftsman,2899101,Christina,,San Mateo,37.5592839,-122.3157785,Entire home/apt,353,28,48,8/27/25,1.2,3,360,10,
6.42075E+17,Delightful Hideaway in San Carlos,462575060,Marilynn,,San Carlos,37.4872035,-122.268446,Entire home/apt,129,2,110,9/19/25,2.79,1,301,24,
6.42988E+17,"Twenty minutes to SF, one block to beach, fire pit",5503776,Anna,,Pacifica,37.63026,-122.49171,Entire home/apt,172,1,206,9/13/25,5.18,3,61,61,
6.43162E+17,@ Marbella Lane - Cozy and Eccentric Design Home,210837437,Marbella,,Pacifica,37.63442,-122.48522,Entire home/apt,299,2,103,9/4/25,2.66,11,263,21,
6.43357E+17,Private Room Hillsdale SFO Downtown San Mateo,55161882,Teresa,,San Mateo,37.54027,-122.30444,Private room,98,5,5,7/31/22,0.12,2,267,0,
6.43373E+17,Adorable 1 bedroom guest house w/ AC in San Carlos,364573229,Melissa,,San Carlos,37.5002343,-122.2784591,Entire home/apt,217,2,55,9/12/25,1.39,1,284,15,
6.43618E+17,Private room with shared bath,24660882,Shen,,Menlo Park,37.4771,-122.15771,Private room,450,365,0,,,2,365,0,
6.44361E+17,"Guesthouse New Build, near the beach, private yard",350180561,Carrie,,Unincorporated Areas,37.50985,-122.48414,Entire home/apt,181,2,45,7/26/25,1.63,1,306,11,
6.44419E+17,Walk the famous Park streets & Burlingame dining!,14840655,Lance,,San Mateo,37.5698479,-122.3503619,Entire home/apt,,30,3,9/6/24,0.08,1,0,0,
6.44883E+17,Cozy Camper in the Redwoods,43437241,Madison,,Unincorporated Areas,37.2696,-122.30962,Entire home/apt,65,30,31,12/1/24,0.78,2,151,3,
6.45381E+17,"Blueground | San Bruno, pool, gym & laundry",107434423,,,San Bruno,37.6344349,-122.421705,Entire home/apt,245,31,0,,,144,116,0,
6.45381E+17,"Blueground | Menlo Park, lounge & w/d, nr Caltrain",107434423,,,Menlo Park,37.4576295,-122.1895382,Entire home/apt,349,31,1,5/7/25,0.21,144,285,1,
6.46615E+17,"New remodeled, spacious guest house in Daly City.",463638017,Yuting,,Daly City,37.69955354,-122.4666789,Entire home/apt,246,3,69,8/4/25,2.3,1,45,21,
6.49281E+17,Private Unit 1 BR and kitchen.,3876955,Wendy,,Woodside,37.43926,-122.25669,Private room,286,1,1,8/23/25,0.88,2,364,1,
6.50572E+17,"Blueground | Redwood City, roof, gym, nr Caltrain",107434423,,,Redwood City,37.4822642,-122.2291719,Entire home/apt,387,31,1,6/6/23,0.04,144,292,0,
6.50573E+17,"Blueground | Menlo Park, pool, gym, nr 101, 280",107434423,,,Menlo Park,37.4247813,-122.1983202,Entire home/apt,350,31,0,,,144,218,0,
6.51279E+17,"Blueground | San Mateo, gym, roof & w/d",107434423,,,San Mateo,37.5555505,-122.3080056,Entire home/apt,312,31,0,,,144,335,0,
6.53006E+17,Sunny 🌞 guesthouse near Stanford 🌲 w/private patio,42563379,Ela,,Unincorporated Areas,37.4705,-122.20949,Entire home/apt,244,1,106,9/22/25,2.69,8,358,7,
6.53918E+17,"Welcoming 1 BR in beautiful San Mateo, by the Bay",205820165,Ada,,San Mateo,37.57622,-122.30915,Private room,,2,49,8/15/24,1.25,1,0,0,
6.55151E+17,"Spacious Backyard |BBQ, Games, Fast-WiFi, Sleeps 8",169087871,Hongxia,,San Bruno,37.63308,-122.4188,Entire home/apt,225,30,14,11/22/24,0.37,2,190,1,
6.55296E+17,Poplar Beach Home with Hot Tub,10735985,Thomas,,Half Moon Bay,37.45243,-122.4375,Entire home/apt,,3,15,8/3/25,0.39,3,0,3,
6.57149E+17,Delightful Stay,465953844,Stephan,,Redwood City,37.49193,-122.24292,Entire home/apt,160,2,81,8/31/25,2.08,2,329,22,
6.5742E+17,Brand new 1-bedroom place with indoor fireplace.,218346457,Diana,,Pacifica,37.5956716,-122.4932497,Entire home/apt,195,2,25,8/8/25,0.67,1,267,1,
6.59452E+17,Kasa the Niche Redwood City | Cozy King Suite,88566861,Kasa,,Redwood City,37.48449,-122.22705,Entire home/apt,900,1,23,8/2/25,0.59,5,281,9,
6.59462E+17,Kasa the Niche Redwood City | Micro-pod Full Bed,88566861,Kasa,,Redwood City,37.4856,-122.22548,Entire home/apt,900,1,304,9/21/25,7.78,5,293,128,
6.601E+17,New adorable 1 bedroom guesthouse with patio,466765703,Byron,,San Bruno,37.6215674,-122.4335194,Entire home/apt,180,30,2,12/31/22,0.06,1,340,0,
6.60255E+17,Studio Fair Oaks,50383656,Kasturi,,Unincorporated Areas,37.4753236,-122.2008807,Private room,131,1,36,9/12/25,3.07,1,176,36,
6.6213E+17,Elegant and comfortable studio,21214934,Maroussia,,East Palo Alto,37.46728,-122.14776,Entire home/apt,181,1,4,10/3/24,0.14,7,307,1,
6.62286E+17,Private Flr.-HOT TUB-SFO-SiliconVal.,8946284,Kevin,,San Mateo,37.52244703,-122.3053982,Entire home/apt,123,1,89,9/19/25,2.29,2,70,23,
6.6306E+17,Montara Beach Getaway,418729856,Scott,,Unincorporated Areas,37.54442,-122.50996,Entire home/apt,157,2,101,9/17/25,2.58,1,338,31,
6.63574E+17,"Blueground | San Bruno, pool, w/d, gym",107434423,,,San Bruno,37.6344349,-122.421705,Entire home/apt,303,31,0,,,144,259,0,
6.63579E+17,"Blueground | Menlo Park, bbq & pool, nr Caltrain",107434423,,,Menlo Park,37.4576295,-122.1895382,Entire home/apt,341,31,0,,,144,43,0,
6.64073E+17,"Sunny Urban Retreat - 1bd/1ba, mins away from SFO",20734176,Edwin,,South San Francisco,37.64727,-122.43309,Entire home/apt,103,2,17,10/11/23,0.45,4,14,0,
6.64698E+17,2 bedrooms house with sauna,467889685,Petr,,Unincorporated Areas,37.47664,-122.41621,Entire home/apt,233,1,123,9/19/25,3.19,1,163,20,
6.64729E+17,Stylish 3BR Pacifica Home • Stunning Ocean View,29557454,Liwen,,Pacifica,37.65208,-122.48464,Entire home/apt,275,1,19,9/10/25,4.83,1,305,19,
6.65913E+17,Beautiful Modern Newly Renovated 3BD 2 BA SF Home,70081063,Shannon,,South San Francisco,37.65641,-122.42454,Entire home/apt,244,30,140,9/22/25,3.58,12,250,13,
6.66158E+17,Papillion #1 first floor,69090731,Pirooz,,San Carlos,37.4990842,-122.2526048,Entire home/apt,219,3,29,8/16/25,0.75,2,346,7,
6.66159E+17,Luxury Apartment Foster City,247216,Jimmy,,Foster City,37.56458,-122.26955,Entire home/apt,235,2,1,12/15/22,0.03,4,364,0,
6.674E+17,Attached home(ADU) with great view and convenience,18522438,Haifeng,,San Mateo,37.52817,-122.29623,Entire home/apt,143,2,58,9/13/25,1.51,2,247,11,
6.68197E+17,"$14+mil estate, 2.5 miles from Stanford",27286826,Xin,,Atherton,37.46621,-122.18767,Entire home/apt,3086,3,3,8/20/25,0.08,1,56,2,
6.68299E+17,Beautiful Newly Renovated Modern 3BD 2 BA Home,70081063,Shannon,,South San Francisco,37.65571,-122.4201,Entire home/apt,329,30,3,8/10/25,0.08,12,341,1,
6.71023E+17,Private bedroom in Foster City (1),49048931,Jason,,Foster City,37.5544,-122.2505,Private room,40,12,15,8/11/25,0.39,4,101,3,
6.73308E+17,1 bd apartment.  Full kitchen and laundry in unit.,323034260,Dan,,Pacifica,37.59668,-122.48029,Entire home/apt,,2,4,8/11/22,0.1,1,0,0,
6.73775E+17,Spacious 1Bedroom home/Free Parking/WIFi/Kitchen,470169336,Tiffany,,San Bruno,37.61216,-122.40627,Entire home/apt,147,3,55,8/5/25,1.43,3,171,20,
6.73824E+17,"Blueground | Redwood City, lounge, gym & w/d",107434423,,,Redwood City,37.487146,-122.2326811,Entire home/apt,365,31,1,1/7/24,0.05,144,242,0,
6.74772E+17,LuxoStays | ! Modern 3B #KING bed #SFO#Family,470458194,Evan,,South San Francisco,37.6567838,-122.4493095,Entire home/apt,233,2,145,9/5/25,3.79,1,337,37,P22-0071
6.76494E+17,"Blueground | Redwood City, w/d, next to Caltrain",107434423,,,Redwood City,37.487146,-122.2326811,Entire home/apt,,31,0,,,144,335,0,
6.76733E+17,Breathtaking View 2BR with on site Parking,456558928,Andrew,,Daly City,37.70769,-122.42896,Entire home/apt,147,2,187,9/12/25,4.91,2,242,75,
6.78505E+17,Spacious Studio wt Prt entrance/WiFi/Freeparking,470169336,Tiffany,,Millbrae,37.61251,-122.40405,Entire home/apt,161,1,13,5/16/25,0.34,3,171,5,
6.78818E+17,"Modern Main Street, Walk to Restaurants, Step-Free",138411167,Marianna,,Half Moon Bay,37.4606331,-122.4294048,Entire home/apt,308,2,64,8/25/25,2.13,1,179,27,
6.789E+17,"Charming Garden Oasis | Walkable, Laundry, Parking",317540106,Mk,,Belmont,37.52401,-122.28098,Entire home/apt,234,3,37,9/1/25,0.98,9,304,9,
6.79046E+17,Calm 2 bedroom + private garden,16004522,Sindy,,Redwood City,37.47176,-122.22993,Entire home/apt,,2,9,11/25/22,0.23,1,0,0,
6.79559E+17,Bright Silicon Valley 1BR | Kitchen + w/d,30283594,Global Luxury Suites,,Redwood City,37.4852,-122.1841,Entire home/apt,299,3,3,10/21/23,0.08,28,180,0,
6.81389E+17,Retreat to your Quiet Private Room with Queen Bed,472125173,Arunava Steven,,Foster City,37.5427164,-122.2729875,Private room,56,3,40,8/30/25,1.05,4,268,12,
6.82039E+17,Modern Spacious & Clean 4bd Home w/Movie Theater,70081063,Shannon,,Daly City,37.65882,-122.46728,Entire home/apt,280,30,151,8/17/25,3.93,12,315,43,
6.82536E+17,"Ground floor, close to freeway & SFO, one parking",133852550,Hansen,,Daly City,37.7056,-122.41258,Entire home/apt,206,2,169,9/14/25,4.42,1,248,59,
6.83391E+17,Spacious Modern Home w Snack Bar and Movie Theater,70081063,Shannon,,Daly City,37.66111,-122.46644,Entire home/apt,392,30,2,9/20/25,0.32,12,300,2,
6.83647E+17,Cozy & Bright Studio - 15 min to Stanford,9433691,Heather,,Redwood City,37.48133,-122.18512,Entire home/apt,150,2,36,7/19/25,0.97,2,130,5,
6.84312E+17,Our most private room with own private entrance,100935130,Yan,,Unincorporated Areas,37.6946291,-122.4758031,Private room,87,1,9,8/26/25,0.24,5,365,5,
6.8489E+17,Luxury South San Francisco Furnished Apartment,247216,Jimmy,,South San Francisco,37.65339,-122.40901,Entire home/apt,145,2,0,,,4,364,0,
6.85089E+17,Chic 1bd/1ba Getaway with Patio & Backyard,20734176,Edwin,,Unincorporated Areas,37.64689,-122.43499,Entire home/apt,120,2,55,8/29/25,1.44,4,198,21,
6.85516E+17,BRAND NEW! Modern 6B/3B Home in Redwood City,233512379,Amelia,,Redwood City,37.4623,-122.2323,Entire home/apt,654,2,50,8/17/25,1.33,5,165,9,
6.85538E+17,BRAND NEW! 4B/2B Spacious Home in Redwood City,233512379,Amelia,,Redwood City,37.46126,-122.23263,Entire home/apt,282,2,21,9/1/25,0.56,5,8,4,
6.86968E+17,Chique 1-bedroom with parking close to Stanford,292773573,Sabine,,Redwood City,37.479104,-122.2288939,Entire home/apt,,2,5,5/1/25,0.15,8,0,2,
6.87202E+17,Cozy Private Room - 3 Min Walk from Waterfront,472125173,Arunava Steven,,Foster City,37.5417,-122.27405,Private room,51,3,65,7/31/25,1.74,4,208,25,
6.87213E+17,Enjoy your Peaceful Private Room w/ Double Bed,472125173,Arunava Steven,,Foster City,37.54206,-122.27206,Private room,59,3,67,8/31/25,1.77,4,331,28,
6.87636E+17,Downtown Upscale Bedroom+Near SFO+30 minutes to SF,455885560,Lilian,,San Mateo,37.568,-122.32981,Private room,90,2,0,,,1,364,0,
6.87704E+17,Sunset Oasis • Comfy Private Room 15min from SFO,93787814,Juliet,,Daly City,37.70613,-122.45031,Private room,55,1,168,9/9/25,4.5,4,347,36,
6.87706E+17,The ideal vacation home in So. San Francisco,95870738,Li,,South San Francisco,37.66179,-122.4137,Entire home/apt,288,2,1,4/10/24,0.06,1,306,0,113743
6.87823E+17,Cozy Apartment & King Bed Near Downtown Burlingame,151838706,Alaina,,San Mateo,37.5857247,-122.3326509,Entire home/apt,,31,15,9/6/25,0.42,4,0,5,
6.87868E+17,Cozy studio apt gateway to SF & Peninsula,102013969,Hesham,,Daly City,37.6812919,-122.4845142,Entire home/apt,,2,9,10/25/22,0.24,1,0,0,
6.88692E+17,Near SF Airport 1-bedroom home,473894246,Portia,,San Bruno,37.6324757,-122.4109354,Private room,59,1,251,9/7/25,6.92,4,357,72,
6.88818E+17,"Blueground | Redwood City, gym & w/d, nr Caltrain",107434423,,,Redwood City,37.487146,-122.2326811,Entire home/apt,404,31,0,,,144,365,0,
6.89106E+17,Bright Spanish-style home in Burlingame,457600543,Lauren,,Burlingame,37.5825793,-122.3400013,Entire home/apt,316,1,53,9/10/25,1.68,1,223,22,
6.89206E+17,new 1bedroom unit. (1 week min.),178691862,Donna,,South San Francisco,37.65364683,-122.4107733,Entire home/apt,109,6,0,,,1,263,0,
6.89216E+17,Your Modern & Spacious Room close to Waterfront,472125173,Arunava Steven,,Foster City,37.5427164,-122.2729875,Private room,57,3,56,9/20/25,1.48,4,331,15,
6.89695E+17,Modern 1BR Apt | Full Kitchen | Free Parking,30283594,Global Luxury Suites,,Menlo Park,37.48627,-122.18354,Entire home/apt,325,1,1,9/13/22,0.03,28,365,0,
6.89904E+17,Stylish 1BR Apt | Pool + Gym | Near FB,30283594,Global Luxury Suites,,Menlo Park,37.48627,-122.18354,Entire home/apt,267,1,1,9/19/22,0.03,28,365,0,
6.90435E+17,Peaceful and Modern 1BR in Menlo Park,30283594,Global Luxury Suites,,Menlo Park,37.48627,-122.18354,Entire home/apt,325,1,2,11/30/22,0.05,28,365,0,
6.90545E+17,1BR Balcony w Free Parking | Silicon Valley HQ,30283594,Global Luxury Suites,,Menlo Park,37.48627,-122.18354,Entire home/apt,267,1,1,8/21/22,0.03,28,365,0,
6.90749E+17,1+1 Lovely rental unit,474408470,Gurcan,,Burlingame,37.5857381,-122.3629791,Entire home/apt,,1,0,,,1,0,0,
6.91191E+17,Winnebago Era 70A RV in South San Francisco,5431489,Daniel,,South San Francisco,37.65061,-122.40494,Entire home/apt,125,3,0,,,1,365,0,
6.9126E+17,Lovely Belmont Apartment w/ Stunning Views!,126644161,Evolve,,Belmont,37.5229,-122.28262,Entire home/apt,142,2,16,1/17/24,0.45,7,268,0,
6.91423E+17,Cozy 1BD/1BA with private entrance and parking,204847035,Vicky,,East Palo Alto,37.47445,-122.14144,Entire home/apt,92,1,109,6/17/25,2.88,4,283,24,
6.91457E+17,Sunny and Spacious 1-bedroom in San Mateo,317540106,Mk,,San Mateo,37.54205,-122.30571,Entire home/apt,199,21,2,10/15/22,0.06,9,269,0,
6.92198E+17,Stafford Place,465953844,Stephan,,Redwood City,37.49215,-122.24258,Entire home/apt,160,2,65,8/22/25,1.72,2,330,15,
6.92737E+17,"SF, next to bart station",187334221,Jenny,,Daly City,37.7073743,-122.4673455,Entire home/apt,340,1,71,9/6/25,1.87,1,169,26,
6.93263E+17,@ Marbella Lane - Stylish 4BR w/ Revitalizing View,210837437,Marbella,,Pacifica,37.58597,-122.47978,Entire home/apt,,2,103,9/21/25,2.94,11,325,27,
6.93673E+17,"Cozy studio- own entry, patio, near Meta, Stanford",204847035,Vicky,,East Palo Alto,37.47433,-122.13933,Entire home/apt,75,1,184,9/10/25,4.9,4,335,42,
6.9434E+17,Beachside 3-bedroom Cottage,34316266,Harrold,,Unincorporated Areas,37.52527876,-122.5121485,Entire home/apt,450,2,70,9/14/25,1.9,1,345,24,
6.94783E+17,1BR w/ Pool & Gym | Free Parking | Desk+WiFi,30283594,Global Luxury Suites,,Menlo Park,37.48627,-122.18354,Entire home/apt,249,1,51,9/16/25,1.36,28,365,20,
6.95329E+17,@ Marbella Lane - Ocean Views & Heavenly Sunset,210837437,Marbella,,Pacifica,37.65445,-122.48401,Entire home/apt,322,2,120,9/20/25,3.53,11,321,43,
6.95335E+17,Private Ensuite with Kitchenette & Beautiful Yard,465816987,Mary,,San Carlos,37.50895743,-122.2658228,Entire home/apt,86,2,44,7/17/24,1.98,1,11,0,
6.96617E+17,Magical Mountain-Top Ocean View Retreat + Beach,15499996,Michael,,Half Moon Bay,37.48025926,-122.4460084,Entire home/apt,,1,29,10/11/24,0.77,1,0,2,
6.96815E+17,"Blueground | Redwood City, w/d & pool, nr stores",107434423,,,Redwood City,37.4889691,-122.2430102,Entire home/apt,,31,2,8/1/23,0.06,144,299,0,
7.00652E+17,"Cheerful, clean and quiet room with own bathroom",476539665,Edna,,Daly City,37.70317,-122.46167,Private room,,90,1,8/31/22,0.03,1,358,0,
7.00657E+17,Private Apt Near Google | Full Kitchen + Laundry,163251048,Global Luxury,,Menlo Park,37.48627,-122.18354,Entire home/apt,,1,2,6/22/25,0.06,6,365,1,
7.00887E+17,1 Private bedroom/bathroom in a 4-bedroom home,476590819,Josephine,,San Mateo,37.57251,-122.31987,Private room,97,30,9,5/6/25,0.24,3,364,2,
7.01553E+17,Modern home close to SF with ocean view,180932236,Lydia & Elena,,Daly City,37.70225516,-122.4613965,Entire home/apt,,20,0,,,2,0,0,
7.02009E+17,Modern 1-Bedroom Cozy Retreat,20672166,Essam,,San Carlos,37.50836004,-122.2670772,Entire home/apt,171,1,20,9/14/25,1.01,1,354,14,
7.02192E+17,Cozy 1 bed/bathroom in a NEW 4-bedroom home #2,476590819,Josephine,,San Mateo,37.57252,-122.31833,Private room,70,30,9,9/6/25,0.24,3,293,2,
7.02196E+17,Private bedroom/ bathroom in NEW 4-bedroom home #4,476590819,Josephine,,San Mateo,37.57021,-122.31835,Private room,,30,1,3/23/25,0.16,3,348,1,
7.02424E+17,Private Ranch Camping,42084077,Brendan,,Unincorporated Areas,37.43311,-122.38073,Entire home/apt,278,1,8,6/16/24,0.21,2,247,0,
7.03729E+17,Luxury 1 br Apt S. San Francisco or San Francisco,474761537,Wenseng,,South San Francisco,37.65582,-122.40758,Entire home/apt,175,90,0,,,5,364,0,
7.04352E+17,Private Bedroom & Bathroom in Mid-century home,9790104,Anita,,Millbrae,37.59242,-122.39421,Private room,64,2,26,8/1/25,0.7,2,258,8,
7.04489E+17,Entire Private Coastal Retreat - Spectacular Ocean,3699159,Andreia,,Unincorporated Areas,37.54104,-122.51715,Entire home/apt,639,1,128,8/16/25,3.47,14,303,30,
7.05315E+17,"Modern San Francisco Bay Area home, 4bed/2bath",12061076,Heather,,Hillsborough,37.56782,-122.38867,Entire home/apt,604,2,21,9/7/25,0.58,1,322,7,
7.05327E+17,Luxury 2BR Apt near Tech Companies and Stanford,254463667,Madi,,Menlo Park,37.48574,-122.1825,Entire home/apt,235,1,92,9/17/25,2.52,6,239,25,
7.05587E+17,"Blueground | Redwood City, a/c, gym & w/d",107434423,,,Redwood City,37.4831939,-122.2284285,Entire home/apt,479,31,0,,,144,362,0,
7.06074E+17,Delightful Tiny Home in the Redwoods !,12196293,Delma,,Unincorporated Areas,37.31614,-122.273,Entire home/apt,120,2,158,9/17/25,4.29,1,230,59,
7.06737E+17,Good night sleeping. Big Heart Living,3816786,Alex,,Daly City,37.70131,-122.45328,Entire home/apt,,4,9,4/21/25,0.24,1,0,1,
7.08072E+17,Detached Guesthouse with Stunning Bay Area Views,81024800,Morten,,Unincorporated Areas,37.48063,-122.27314,Entire home/apt,179,2,40,8/11/25,1.08,1,10,5,
7.0831E+17,Beautiful Montara Beach Home,117010216,Marion,,Unincorporated Areas,37.54202,-122.51326,Entire home/apt,135,2,10,8/2/25,0.35,2,15,3,
7.088E+17,"Family friendly, bright and light appt in downtown",1658844,Anna,,Redwood City,37.48565,-122.22058,Entire home/apt,,10,0,,,1,0,0,
7.09307E+17,Coastal Estate w Hot Tub Ocean Views Walk to,3699159,Andreia,,Unincorporated Areas,37.50222,-122.46856,Entire home/apt,503,1,107,8/24/25,2.97,14,31,26,
7.10086E+17,Brand New 2 bedroom w/ AC + Wi-Fi,31236892,Hatifa,,East Palo Alto,37.45785,-122.12434,Entire home/apt,171,7,5,6/7/25,0.14,1,299,3,
7.11717E+17,"Pet Friendly w/Peloton, Fast WiFi, Fire Pit, BBQ",347434681,Oriel,,East Palo Alto,37.46923,-122.12973,Entire home/apt,99,1,125,9/1/25,3.38,1,337,31,
7.1187E+17,Relaxing & Peaceful 6BR Home w/HotTub/Game/Funtime,25120232,Sharon,,Pacifica,37.59033,-122.48707,Entire home/apt,417,2,114,8/28/25,3.24,5,330,37,
7.12317E+17,Stunning ocean views close to beach and SF,158577334,Nicole,,Pacifica,37.59643,-122.49538,Entire home/apt,428,3,66,9/17/25,1.83,1,144,19,
7.13303E+17,"Clean private 1 br, share bath in S. San Francisco",479005082,Anna,,South San Francisco,37.65139912,-122.4121249,Private room,55,30,2,4/25/25,0.09,3,358,1,
7.1338E+17,High Ceilings! Modern Spacious Bright 4BR Home,479013562,Anh,,Foster City,37.54605,-122.26704,Entire home/apt,316,2,94,9/23/25,2.65,1,324,28,
7.1465E+17,"Clean, private 1 br, share bath in S San Francisco",479005082,Anna,,South San Francisco,37.65312983,-122.4102003,Private room,55,30,2,12/4/24,0.1,3,358,1,
7.14749E+17,MCM Hillside Home | 15 mins to SF | Pet Friendly,1383415,Kelly,,South San Francisco,37.64156,-122.45482,Entire home/apt,253,29,8,7/1/25,0.22,1,42,1,
7.14909E+17,"Blueground | Fremont, w/d, gym & pool, nr tech hq",107434423,,,San Mateo,37.5682571,-122.3174966,Entire home/apt,,31,1,4/26/24,0.06,144,335,0,
7.15799E+17,Comfortable Most Designed Studio with Full Kitchen,436186659,Yu Zhen,,San Mateo,37.56855,-122.30391,Private room,179,3,2,6/29/25,0.05,4,365,1,
7.15902E+17,"Blueground | Menlo Park, gym, pool & w/d",107434423,,,Menlo Park,37.4247813,-122.1983202,Entire home/apt,350,31,1,11/5/22,0.03,144,187,0,
7.16336E+17,"Blueground | San Mateo, pool, gym, nr restaurants",107434423,,,San Mateo,37.5682571,-122.3174966,Entire home/apt,368,31,0,,,144,254,0,
7.16956E+17,美国西海岸一号公路旁，临近旧金山，靠近旧金山机场，步行两分钟到海边可以看夕阳，舒适的驿站,479713755,Lily,,Pacifica,37.6478457,-122.4917214,Private room,80,1,30,10/2/23,0.84,1,61,0,
7.18927E+17,Relaxing 2 bedroom home near Stanford Hospitals,292773573,Sabine,,Redwood City,37.4660101,-122.2187875,Entire home/apt,164,1,43,9/1/25,1.55,8,18,20,
7.19461E+17,Cozy and Elegant Deco Home near San Francisco,9860123,Yayuan,,Burlingame,37.58125,-122.36536,Entire home/apt,,3,1,11/26/22,0.03,1,0,0,
7.20256E+17,Montara Charm,22820547,Neil,,Unincorporated Areas,37.54054994,-122.5098492,Entire home/apt,223,2,37,9/7/25,1.17,1,333,13,
7.20331E+17,Great Centrally Located Menlo Park home!  Welcome!,186664939,Biren,,Menlo Park,37.4573402,-122.1798156,Entire home/apt,258,1,112,9/12/25,3.07,2,221,34,
7.20443E+17,Serenity in Silicon Valley: Eco-Friendly w Pool,43001074,Alexandra,,Redwood City,37.452842,-122.2543213,Entire home/apt,452,30,50,8/10/25,1.4,1,167,26,
7.20504E+17,Cozy country Woodside home,480378211,Sherri,,Woodside,37.44877,-122.27165,Entire home/apt,,3,53,12/4/24,1.46,1,0,8,
7.20896E+17,"Blueground | Burlingame Gym, W/D, nr Caltrain",107434423,,,Burlingame,37.5788267,-122.3407319,Entire home/apt,407,31,0,,,144,295,0,
7.20931E+17,Cheerful 2 bedroom home with backyard and patio,178425455,Jennifer,,San Carlos,37.48557,-122.26232,Entire home/apt,229,30,5,6/18/25,0.14,1,342,1,
7.20945E+17,Modern Remodeled Bedroom with An Ensuite Bathroom,81993118,Ji,,Daly City,37.70714,-122.44782,Private room,61,28,4,8/31/25,0.11,8,190,2,
7.21113E+17,Spacious & clean 2 bdrm/bth home w/ free parking,2626956,Alex,,Millbrae,37.59322,-122.40058,Entire home/apt,,3,0,,,2,0,0,
7.21795E+17,Luxury Spa Retreat Guest House with Ocean View,223544072,Yolanda,,Unincorporated Areas,37.53294,-122.51361,Entire home/apt,252,1,71,9/20/25,1.95,1,342,47,
7.21898E+17,Bedroom W/ Own Private Bathroom Close to SFSU/CCSF,81993118,Ji,,Daly City,37.70593,-122.44814,Private room,65,30,10,8/9/25,0.29,8,296,4,
7.2228E+17,"Blueground | Mountain View, lounge, near highways",107434423,,,San Mateo,37.5677454,-122.3185907,Entire home/apt,391,31,0,,,144,0,0,
7.22477E+17,@ Marbella Lane - Chic Abode w/Mountain Skyline,210837437,Marbella,,Pacifica,37.58879,-122.47098,Entire home/apt,288,2,71,9/17/25,2.02,11,300,19,
7.22638E+17,Remodel Spacious Bedroom With An Ensuite Bathroom,81993118,Ji,,Daly City,37.70783,-122.44792,Private room,73,28,5,6/1/25,0.14,8,113,1,
7.24037E+17,Master Bedroom with An Ensuite Bathroom& Nice View,81993118,Ji,,Daly City,37.70775,-122.44954,Private room,78,28,10,5/31/25,0.28,8,204,3,
7.24048E+17,Spacious Master Bedroom With An Ensuite Bathroom,81993118,Ji,,Daly City,37.70781,-122.44779,Private room,79,28,7,6/16/24,0.2,8,265,0,
7.2452E+17,Modern Oceanview 2-Bed Apartment Home,4883072,Petko,,Unincorporated Areas,37.5034154,-122.4701831,Entire home/apt,175,2,150,9/17/25,4.34,3,331,55,
7.24621E+17,"3 Bedroom House, Walk to BART, Free Parking, Views",481059112,Hadi,,Daly City,37.70713,-122.4661,Entire home/apt,193,1,60,9/17/25,1.66,1,308,21,
7.25341E+17,Paradise Treehouse & Heavenly Cabin,1385163,Matt,,Unincorporated Areas,37.44461837,-122.370013,Entire home/apt,529,1,126,9/21/25,3.49,1,347,43,
7.26141E+17,Spacious home w/ hot tub & garden,481439544,Miranda,,Redwood City,37.48421,-122.22658,Entire home/apt,483,2,72,7/20/25,2.05,1,140,16,
7.26361E+17,Large Remodel Master Bedroom With Ensuite Bathroom,81993118,Ji,,Daly City,37.70559,-122.44776,Private room,81,28,5,9/21/24,0.14,8,333,0,
7.26716E+17,Valley View Beach House,435464467,April,,Pacifica,37.59289,-122.47777,Entire home/apt,,30,3,3/3/24,0.09,1,0,0,
7.26986E+17,Near SFO Airport 1 Bedroom,473894246,Portia,,San Bruno,37.63303,-122.41012,Private room,60,1,201,8/23/25,5.53,4,361,29,
7.27015E+17,Layover room for single occupant near airport,473894246,Portia,,San Bruno,37.63330532,-122.4103658,Private room,58,1,149,9/2/25,4.1,4,339,30,
7.27018E+17,Layover room for single visitors near airport,473894246,Portia,,San Bruno,37.6332,-122.41208,Private room,59,1,181,9/3/25,5.02,4,352,26,
7.27624E+17,"Amazing Views, Spacious & Remodeled | 10min to SFO",19656484,So Young,,Daly City,37.6641,-122.47378,Entire home/apt,279,1,146,9/1/25,4.04,1,260,37,
7.29412E+17,Marbella Lane - 3BR Designer Home in Pacifica,210837437,Marbella,,Pacifica,37.59066,-122.498,Entire home/apt,221,2,64,9/14/25,1.84,11,331,11,
7.29944E+17,:Spacious 3 Bedrooms 2 Baths Home for vacation:,482139717,Zhenyu,,Daly City,37.70447,-122.4536,Entire home/apt,199,2,167,9/8/25,4.63,1,176,55,
7.3066E+17,Jetty Corner - Surf Retreat Near Maverick’s,70368629,Lauren Kathryn,,Unincorporated Areas,37.50554,-122.46809,Entire home/apt,,3,6,8/3/24,0.19,1,0,0,
7.3106E+17,Stunning California Coast Airstream (New Listing),443181856,Joseph,,Unincorporated Areas,37.36178,-122.40566,Entire home/apt,449,1,241,9/10/25,8.35,2,147,75,
7.31809E+17,Spacious Home Close to Beach,490366061,Suzanne,,Unincorporated Areas,37.50776,-122.47188,Entire home/apt,343,2,54,9/7/25,1.54,1,311,18,
7.32064E+17,Close to SFSU/CCSF Master Bedroom/Ensuite Bathroom,81993118,Ji,,Daly City,37.70608,-122.44955,Private room,76,28,7,5/30/25,0.2,8,278,2,
7.32473E+17,Welcoming Downtown Flat in San Mateo,23723705,Ana,,San Mateo,37.56991545,-122.3240156,Entire home/apt,116,2,72,9/3/25,2,6,320,20,
7.32642E+17,Stunning newly renovated house!,482663040,Veronica,,San Bruno,37.6304414,-122.4155569,Entire home/apt,,1,6,4/27/23,0.18,1,0,0,
7.32781E+17,Luxury Apartment in Redwood City,247216,Jimmy,,Redwood City,37.48222,-122.22758,Entire home/apt,180,2,0,,,4,364,0,
7.32788E+17,Luxury Apartment in Redwood City,474761537,Wenseng,,Redwood City,37.48301,-122.22947,Entire home/apt,181,2,1,6/16/23,0.04,5,364,0,
7.32933E+17,"Cozy 2 Bedroom Home, Dog Friendly, w/Private Yard",70988992,Mel,,Pacifica,37.62221053,-122.4848101,Entire home/apt,234,1,164,9/19/25,5.97,2,335,68,
7.33473E+17,"Entire Home near Meta, Stanford Medical",8480593,Arash,,Redwood City,37.48273,-122.19667,Entire home/apt,,2,5,12/7/22,0.14,1,0,0,
7.34189E+17,Pet-friendly 3BR for families,6259668,Benjamin,,San Carlos,37.49149,-122.27018,Entire home/apt,,4,24,9/8/24,0.7,1,0,0,
7.34367E+17,3-bedroom house with free parking (near SFO&BART),106772174,Jinying,,Burlingame,37.58775,-122.38898,Entire home/apt,,2,1,10/19/22,0.03,1,0,0,
7.34417E+17,SanMateo Comfortable 2BR Home/WiFI & Free Parking,482972737,Xiuhua,,San Mateo,37.56256,-122.31596,Entire home/apt,190,2,78,9/8/25,2.23,1,311,19,
7.34443E+17,"King Bed, Steam Clean, private room. Millbrae, CA",481048838,Marcus,,Millbrae,37.59582,-122.39509,Private room,,3,31,4/30/25,0.87,1,31,8,
7.34773E+17,Stunning Bay Area Apartment With Lots of Amenities,482510729,Matthew,,Redwood City,37.46147,-122.24901,Entire home/apt,153,2,68,9/7/25,1.94,1,304,18,
7.35504E+17,Ocean View Stunner,180071918,Jessica,,Pacifica,37.59352,-122.51171,Entire home/apt,505,3,58,8/13/25,1.73,1,148,14,
7.3573E+17,"Private Room – Own Entrance, Bath, Kitchen & Patio",406051161,Lohanna,,South San Francisco,37.64051,-122.44863,Entire home/apt,69,1,11,8/12/25,0.43,1,80,4,
7.36106E+17,"Blueground | Redwood City, gym & a/c, nr Caltrain",107434423,,,Redwood City,37.4822642,-122.2291719,Entire home/apt,388,31,0,,,144,334,0,
7.36107E+17,"Blueground | Redwood City, gym & a/c, nr Caltrain",107434423,,,Redwood City,37.4822642,-122.2291719,Entire home/apt,393,31,0,,,144,326,0,
7.36303E+17,3 queen beds large room.Family Special & private,100935130,Yan,,Daly City,37.69567,-122.47683,Private room,81,1,61,8/4/25,1.7,5,365,2,
7.36627E+17,"Blueground | Burlingame, w/d, gym & roof, nr train",107434423,,,Burlingame,37.5788267,-122.3407319,Entire home/apt,540,31,0,,,144,169,0,
7.37141E+17,Spacious room/pvt bath/Silicon Valley/San Carlos,6092031,Geoffrey,,San Carlos,37.50633,-122.25722,Private room,122,1,8,5/21/25,0.23,1,34,6,
7.37559E+17,Newly Remodeled 1bdrm guesthouse in Silicon Valley,32941347,Yee Seir,,Redwood City,37.46874,-122.24205,Entire home/apt,,2,15,12/17/24,0.42,2,0,4,
7.38708E+17,Panoramic Ocean Views | 3rd fl walk to Beach!,245442039,Gene,,Daly City,37.68102958,-122.4939381,Entire home/apt,199,1,1,10/22/22,0.03,9,176,0,
7.42015E+17,Lovely remodeled 2-bed apt / 5mins walk to Beaches,4883072,Petko,,Unincorporated Areas,37.50245,-122.46924,Entire home/apt,,30,4,10/14/23,0.14,3,32,0,
7.42168E+17,Near SFO! Clean&Spacious Hot Tub w/ Stunning Views,70081063,Shannon,,San Bruno,37.63095,-122.44234,Entire home/apt,287,30,217,9/23/25,6.08,12,332,49,
7.42334E+17,"Modern & comfy, spacious yard, central location",34621043,Sharon,,Unincorporated Areas,37.51479,-122.33991,Entire home/apt,402,30,7,6/30/25,0.21,1,267,2,
7.44396E+17,Downtown | Private Patio | Driveway Parking | 1/1,317540106,Mk,,Burlingame,37.57666,-122.34306,Entire home/apt,232,21,26,10/13/24,0.74,9,365,1,
7.44644E+17,Tesla EV Charger Basketball Pool Table Hot Tub Spa,419003639,Jason,,San Mateo,37.53674,-122.32207,Entire home/apt,885,2,56,9/19/25,1.6,1,160,19,
7.44933E+17,"Private room, 15 mins downtown, public transport",484931830,Jaime,,Daly City,37.70233,-122.45667,Private room,67,1,3,2/22/23,0.08,1,180,0,
7.4516E+17,Spacious home convenient area.,416051493,Jerome,,Daly City,37.70615458,-122.4518344,Entire home/apt,219,3,47,9/22/25,1.43,1,333,9,
7.45245E+17,Private Bedroom A -Resort Living with Pool - RAN,85048744,Sky,,Hillsborough,37.56643,-122.33508,Private room,85,30,0,,,24,272,0,
7.4541E+17,"Blueground | San Mateo, w/d & pool, nr Caltrain",107434423,,,San Mateo,37.5594867,-122.3262964,Entire home/apt,380,31,1,3/31/23,0.03,144,163,0,
7.45739E+17,Sunny & Bright South San Francisco Room,249938804,Leah,,South San Francisco,37.64886,-122.44722,Private room,78,1,2,10/30/22,0.06,2,267,0,
7.45768E+17,Perfect San Francisco Getaway!,249938804,Leah,,South San Francisco,37.64907,-122.44712,Private room,81,1,4,11/13/22,0.11,2,235,0,
7.4593E+17,Eagle Hill Craftsman,139139909,Gonul,,Redwood City,37.4747748,-122.2456915,Entire home/apt,235,2,32,9/11/25,0.96,4,287,10,
7.47146E+17,Brand New Remodeled Entire House w/ Parking,223398337,Mona,,Daly City,37.67796,-122.48927,Entire home/apt,196,3,73,7/5/25,2.41,2,215,19,
7.47377E+17,Private Bedroom B-near Downtown San Mateo/SFO -RAN,85048744,Sky,,San Mateo,37.56673,-122.33323,Private room,100,30,3,8/11/25,0.17,24,55,1,
7.47392E+17,Private Bedroom C-near Downtown San Mateo/SFO -RAN,85048744,Sky,,Hillsborough,37.56488,-122.33338,Private room,103,30,3,8/11/24,0.12,24,92,0,
7.47399E+17,Private Bedroom D-near downtown San Mateo/SFO -RAN,85048744,Sky,,Hillsborough,37.56494,-122.3331,Private room,103,30,7,9/6/25,0.24,24,92,2,
7.47689E+17,Business Traveler Friendly 1BR Near Meta,30283594,Global Luxury Suites,,Menlo Park,37.48627,-122.18354,Entire home/apt,,1,2,12/22/22,0.06,28,365,0,
7.47817E+17,Chill by the hill,14615265,Thomas,,Redwood City,37.48418054,-122.2596782,Private room,400,100,0,,,1,365,0,
7.47852E+17,Beautiful remodeled 3bd/2ba home at Menlo Park,485469525,Ji Chen,,Menlo Park,37.4604637,-122.1469512,Entire home/apt,1127,3,15,7/31/25,0.43,1,362,3,
7.4837E+17,Cheerful 3-bedroom home in San Carlos,458000556,Vivian,,San Carlos,37.49764,-122.25175,Entire home/apt,,28,22,3/14/24,0.63,1,0,0,
7.48551E+17,Beautiful and spacious Silicon Valley Home,140517773,Josh,,East Palo Alto,37.46019,-122.13546,Entire home/apt,589,1,0,,,2,362,0,
7.50063E+17,Luxury waterfront house  near SFO & Standford Uni,47291779,Wai,,San Mateo,37.56651,-122.28885,Entire home/apt,598,60,10,5/4/25,0.29,1,341,4,
7.50176E+17,Designer Home near Stanford w AC/Gym/Peloton Bike,105859473,Parham,,Menlo Park,37.46056,-122.15976,Entire home/apt,333,3,70,9/17/25,2.01,2,72,24,
7.50527E+17,"Blueground | Burlingame, gym & w/d, nr Caltrain",107434423,,,Burlingame,37.5788267,-122.3407319,Entire home/apt,540,31,2,11/3/23,0.06,144,87,0,
7.50917E+17,"Quiet & Cozy, Walk 2 Shop, Laundry Parking & Patio",317540106,Mk,,Belmont,37.52412,-122.28061,Entire home/apt,194,3,37,9/4/25,1.08,9,262,9,
7.50934E+17,NEW! Luxury Modern 4BR In Heart of Silicon Valley,433259792,Joanne,,East Palo Alto,37.46699,-122.13655,Entire home/apt,230,3,87,9/6/25,2.49,5,220,21,
7.52741E+17,"Blueground | Redwood City, lounge & gym, nr train",107434423,,,Redwood City,37.487146,-122.2326811,Entire home/apt,370,31,1,11/25/24,0.1,144,268,1,
7.52741E+17,"Blueground | Menlo Park, pool, w/d, gym, nr 82",107434423,,,Menlo Park,37.4247813,-122.1983202,Entire home/apt,511,31,0,,,144,308,0,
7.52846E+17,Cliffside Pacifica Hideaway: Unbeatable View!,126644773,Evolve,,Pacifica,37.65687,-122.4926,Entire home/apt,407,2,93,9/15/25,2.69,8,324,25,
7.53166E+17,Modern guest house in great location,4396781,Ingmar,,San Mateo,37.53851,-122.30526,Entire home/apt,273,1,178,9/24/25,5.25,1,261,46,
7.54525E+17,Luxury Redwood City (H) Apartment w/ Amenities,486655249,James,,Redwood City,37.48246,-122.22941,Entire home/apt,150,2,0,,,6,364,0,
7.54877E+17,"Blueground | Foster City, gym, pool, w/d",107434423,,,Foster City,37.5349968,-122.2735828,Entire home/apt,303,31,2,1/2/24,0.07,144,209,0,
7.54882E+17,"Blueground | Foster City, gym, pool, w/d",107434423,,,Foster City,37.5344348,-122.2706484,Entire home/apt,325,31,2,6/20/24,0.09,144,178,0,
7.55263E+17,Luxury South San Francisco/San Francisco Apartment,486655249,James,,South San Francisco,37.65637,-122.40906,Entire home/apt,162,60,0,,,6,364,0,
7.55289E+17,Fully Furnished Luxury Apartment in Foster City,486655249,James,,Foster City,37.56567,-122.26918,Entire home/apt,136,1,0,,,6,364,0,
7.55578E+17,"Blueground | Redwood City, lounge & gym, nr train",107434423,,,Redwood City,37.48715,-122.23268,Entire home/apt,368,31,0,,,144,119,0,
7.56013E+17,Luxury Apt. South San Francisco,486655249,James,,South San Francisco,37.664,-122.44736,Entire home/apt,162,2,0,,,6,364,0,
7.5629E+17,"Blueground | San Mateo, gym, pool, clubhouse & w/d",107434423,,,San Mateo,37.5677454,-122.3185907,Entire home/apt,467,31,0,,,144,252,0,
7.58018E+17,Lisa Mar: Beautiful ocean-view home,64956903,Lisa,,Pacifica,37.64861,-122.49238,Entire home/apt,318,2,19,9/14/25,0.57,1,83,6,
7.58235E+17,Hello Kitty Guesthouse in SB,17512924,Jessica,,San Bruno,37.63295,-122.44696,Entire home/apt,86,1,200,9/21/25,6.37,1,221,81,
7.5862E+17,Queen bedroom near airport with free parking,364964945,Erwin,,South San Francisco,37.65370359,-122.4102239,Private room,69,1,271,9/19/25,7.78,4,358,104,
7.58626E+17,Private Room near Airport w/ free parking,364964945,Erwin,,South San Francisco,37.65445,-122.41042,Private room,65,1,321,9/19/25,9.34,4,354,113,
7.59772E+17,@ Marbella Lane - 3BR w/sweeping views of Bay Area,243785112,Yakun,,San Mateo,37.52684,-122.29536,Entire home/apt,405,2,43,8/3/25,1.27,2,290,14,
7.59895E+17,"Blueground | San Mateo, pool, gym, nr Caltrain",107434423,,,San Mateo,37.540939,-122.2965599,Entire home/apt,320,31,0,,,144,227,0,
7.60446E+17,Cozy Private Room Close to Airport & Downtown SF,48540029,Franco,,South San Francisco,37.64724,-122.45719,Private room,,1,1,11/25/22,0.03,3,0,0,
7.61041E+17,CLOUD HAUS | Modern Retreat + Inspirational Views,9687983,Steven,,South San Francisco,37.65015,-122.44557,Entire home/apt,,3,27,12/28/23,0.79,1,0,0,
7.61196E+17,"3 bedroom in Pacifica, 16 min to SF, 13 min to SFO",149136333,Glen,,Pacifica,37.63504,-122.49292,Entire home/apt,178,1,87,9/2/25,2.51,2,139,23,
7.62402E+17,Near SFO! Clean and Spacious 4bd 3bath,70081063,Shannon,,South San Francisco,37.65539,-122.42073,Entire home/apt,295,1,24,7/30/25,0.7,12,315,6,
7.62754E+17,Modern Home in Menlo Park,6560456,Sameera,,Menlo Park,37.45835,-122.16125,Entire home/apt,248,2,26,7/10/25,0.75,1,167,5,
7.6335E+17,Oceanfront Home Retreat w Breathtaking Views of,3699159,Andreia,,Unincorporated Areas,37.52571,-122.5164,Entire home/apt,560,1,92,9/7/25,2.66,14,319,21,
7.63374E+17,Bright & Cozy 1br/1ba Home near SFO,46795559,Wei,,San Bruno,37.61909624,-122.4061216,Entire home/apt,134,30,68,7/25/25,2.63,2,196,6,
7.64131E+17,163 - Stunning & Cozy 3B2B Upper Unit in Daly City,250584391,Victor 5,,Daly City,37.69422,-122.4668,Entire home/apt,193,2,134,9/19/25,3.92,35,133,41,
7.64781E+17,Charming Garden Cottage- steps to historic Old,481729390,Sandra,,Half Moon Bay,37.4642,-122.43025,Entire home/apt,214,1,71,7/13/25,2.12,7,303,28,
7.64995E+17,Chique 2-bedroom home near Stanford Hospitals,292773573,Sabine,,Redwood City,37.47202,-122.23198,Entire home/apt,,31,8,4/17/25,0.24,8,0,4,
7.64998E+17,"Blueground | San Mateo, gym, pool & w/d, nr mall",107434423,,,San Mateo,37.5410876,-122.297298,Entire home/apt,429,31,0,,,144,62,0,
7.65437E+17,Luxury Apartment San Francisco,486655249,James,,South San Francisco,37.65672,-122.40859,Private room,140,30,0,,,6,364,0,
7.65441E+17,Modern and Bright Cottage - 15 min to Stanford,9433691,Heather,,Menlo Park,37.47951,-122.18502,Entire home/apt,124,2,25,6/17/25,0.77,2,172,9,
7.66039E+17,Private room in South San Francisco near SFO,437213757,Jiaqi,,South San Francisco,37.63886,-122.44571,Private room,54,2,115,8/25/25,3.36,2,356,25,
7.66068E+17,Newly Remodeled Sparkling Clean 1BR near SF/SFO+EV,104391492,George (Luxyom LLC),,South San Francisco,37.66298,-122.41171,Entire home/apt,135,1,12,6/2/25,0.35,12,316,4,
7.66167E+17,Private Bedroom & Bathroom in Mid-Century Home,9790104,Anita,,Millbrae,37.59141,-122.39402,Private room,66,2,12,9/12/25,0.44,2,233,6,
7.67146E+17,"Blueground | San Mateo, pool, gym, nr Caltrain",107434423,,,San Mateo,37.5431006,-122.2984825,Entire home/apt,,31,0,,,144,0,0,
7.67151E+17,"Blueground | Menlo Park, gym, pool & w/d",107434423,,,Menlo Park,37.4247813,-122.1983202,Entire home/apt,511,31,0,,,144,257,0,
7.6797E+17,Twin Beds w/ free parking in SSF,364964945,Erwin,,South San Francisco,37.65377,-122.41123,Private room,65,1,291,9/19/25,8.47,4,256,91,
7.70403E+17,OONice 4 beds and 2 Baths UnitOO,163370002,Crystal,,Daly City,37.6551683,-122.4610323,Entire home/apt,289,2,87,7/3/25,2.58,2,89,21,
7.70662E+17,Bright & Peace 3BR |RWC Fresh Remodeled & Spotless,489536621,Cassie,,Redwood City,37.4815344,-122.2104534,Entire home/apt,194,2,31,6/1/25,0.94,1,232,10,
7.71714E+17,"Game room, 20 min to SF, hot tub, beach 1 block",5503776,Anna,,Pacifica,37.63197658,-122.491664,Entire home/apt,177,1,152,9/17/25,4.89,3,72,55,
7.72437E+17,Cozy Bright 1BD,67935528,Lei,,East Palo Alto,37.4631295,-122.129517,Private room,77,2,17,8/14/25,0.54,5,279,1,
7.72437E+17,Spacious Comfy Bright 2BD,67935528,Lei,,East Palo Alto,37.4631295,-122.129517,Private room,122,2,33,8/2/25,1.04,5,277,15,
7.72437E+17,Spacious Comfy Bright 1BD,67935528,Lei,,East Palo Alto,37.4631295,-122.129517,Private room,95,2,14,6/25/25,0.44,5,278,3,
7.72469E+17,"Large home, quiet neighborhood",353675103,Lena,,Unincorporated Areas,37.39960899,-122.2048163,Entire home/apt,588,5,3,8/3/25,0.11,1,25,1,
7.72628E+17,A Cozy Studio / Tiny home,251619050,Ryan,,Daly City,37.68107,-122.48645,Private room,,1,37,8/18/24,1.1,1,0,0,
7.73179E+17,"Moss Beach Bungalow-Walk to Fitzgerald, Seal Cove",38125397,Ruth,,Unincorporated Areas,37.52358258,-122.5143286,Entire home/apt,492,3,47,9/1/25,3.16,1,77,36,
7.73216E+17,Sparkling Clean Newly Remodeled 1BR near SF/SFO+EV,104391492,George (Luxyom LLC),,South San Francisco,37.66338,-122.41114,Entire home/apt,135,1,45,9/14/25,1.32,12,316,23,
7.74902E+17,Newly Built! - Near SF w/ Secret Bookshelf Door!,23461692,Kevin,,Daly City,37.69079,-122.45432,Entire home/apt,126,2,177,9/9/25,5.23,1,234,49,
7.74962E+17,Newly Renovate Modern Unit Hosted by Leaux & Bloom,490277740,Michelle,,Menlo Park,37.4620919,-122.1614554,Entire home/apt,164,2,99,9/4/25,2.97,5,339,37,
7.76411E+17,King bed Silicon Valley haven w/ pool and parking!,220400948,Laura,,Redwood City,37.48967,-122.24421,Entire home/apt,305,2,56,8/25/25,1.64,2,333,18,
7.77563E+17,Modern Pillar Point View Suite,12258501,April,,Unincorporated Areas,37.49881708,-122.4605535,Entire home/apt,297,1,109,9/7/25,5.13,1,45,52,
7.78309E+17,LuxoStays | Westborough Beauty | 4BR Home in SSF,226555948,Gino Angelo Timpog,,South San Francisco,37.64427,-122.45653,Entire home/apt,244,2,147,9/8/25,4.38,15,350,48,
7.79814E+17,"Convenient 2BR Unit-Parking, Walk to Train & Shops",168033968,Andrew,,San Bruno,37.63428,-122.41299,Entire home/apt,130,5,71,7/6/25,2.14,4,135,25,
7.81024E+17,Ground Level Bedroom w/ Free Parking,364964945,Erwin,,South San Francisco,37.65447,-122.41113,Private room,61,1,228,9/23/25,6.77,4,77,78,
7.81908E+17,Cozy Master Room Close to Airport & Downtown SF,48540029,Franco,,South San Francisco,37.64866,-122.45537,Private room,,1,0,,,3,0,0,
7.83688E+17,King-Size Luxury Near Stanford in a Modern 1-BR,490277740,Michelle,,Menlo Park,37.46113,-122.161,Entire home/apt,167,1,152,9/20/25,4.57,5,335,48,
7.85352E+17,"Blueground | Menlo Park, gym, pool, nr shops",107434423,,,Menlo Park,37.4247813,-122.1983202,Entire home/apt,373,31,1,2/3/23,0.03,144,284,0,
7.85353E+17,"Blueground | Foster City, gym, pool, nr shops",107434423,,,Foster City,37.5344409,-122.2756855,Entire home/apt,303,31,1,9/12/24,0.08,144,329,0,
7.8629E+17,Gorgeous Oceanview Apartment,4883072,Petko,,Unincorporated Areas,37.50252847,-122.4710765,Entire home/apt,,30,3,7/31/23,0.1,3,24,0,
7.86505E+17,Gem by the sea none-obstructive ocean view,492213649,Dongyan,,Daly City,37.693306,-122.4960778,Entire home/apt,588,2,114,9/1/25,3.41,1,330,37,
7.87281E+17,NEW Stunning Private Studio,494101489,Martha,,East Palo Alto,37.46669842,-122.1292449,Entire home/apt,100,5,48,9/13/25,1.47,1,326,16,
7.88059E+17,Casita McAlvarez,142324310,Colleen,,Foster City,37.5608063,-122.2676085,Entire home/apt,199,2,35,7/2/24,1.13,1,28,0,
7.88512E+17,Montara Apartment w/ Yard Near Beaches,126644161,Evolve,,Unincorporated Areas,37.54037,-122.51027,Entire home/apt,113,31,2,9/16/24,0.11,7,330,0,
7.89273E+17,"3187 - Cozy & Humble 2B1B near FWY, STN Meta HQ",250584391,Victor 5,,Redwood City,37.48077,-122.19913,Entire home/apt,103,30,71,9/7/25,2.2,35,256,19,
7.90091E+17,Comfy Room near SF,492767148,Lara,,Daly City,37.70445023,-122.4834074,Private room,65,1,172,9/8/25,5.2,2,44,49,
7.91503E+17,Pedro Point Penthouse,485180323,Ambrogio,,Pacifica,37.59415978,-122.5090532,Entire home/apt,190,1,103,9/19/25,3.22,1,76,28,
7.92111E+17,Home Near BART -SSF,20242994,Priscilla,,South San Francisco,37.6607861,-122.4432515,Entire home/apt,187,3,35,9/16/25,1.57,1,293,15,P24-0006
7.92142E+17,Beautiful home in South SF,390094923,Faith,,South San Francisco,37.6655566,-122.4112565,Private room,82,1,2,8/2/25,0.32,2,269,2,
7.92267E+17,NEW! Woodside Retreat: Gorgeous Views & Hot Tub,71975,Oscar,,Unincorporated Areas,37.38772,-122.29205,Entire home/apt,520,2,31,9/6/25,0.95,2,215,23,
7.92383E+17,Stylish and Serene Executive Silicon Valley Home,17690151,Linda,,Redwood City,37.4841994,-122.2423309,Entire home/apt,,3,2,10/27/24,0.16,3,0,1,
7.92428E+17,San Mateo Downtown Cozy 1B1B master suite,374807718,Zoe,,San Mateo,37.56854398,-122.3316307,Private room,170,365,0,,,2,365,0,
7.92665E+17,Half Moon Bay ocean view studio,68674415,Les,,Half Moon Bay,37.4889104,-122.4533317,Entire home/apt,99,90,1,1/8/23,0.03,1,362,0,
7.92955E+17,"Stay in Menlo Park! Private Patio, Pool and Gym!",86658575,Diana,,Menlo Park,37.4255989,-122.1980283,Entire home/apt,254,18,10,12/1/24,0.33,10,321,1,
7.92975E+17,2x2BA Sandhill pool BBQ,86658575,Diana,,Menlo Park,37.4255989,-122.1980283,Entire home/apt,339,2,30,8/15/25,0.98,10,322,9,
7.94903E+17,Private room in South San Francisco near SFO,437213757,Jiaqi,,South San Francisco,37.63950316,-122.4455042,Private room,53,2,128,9/4/25,3.86,2,348,23,
7.95853E+17,"Comfy Master Bedroom, Workstation & Private Bath",126702897,Aprille,,Millbrae,37.59607894,-122.4075429,Private room,90,2,216,9/2/25,6.62,2,198,44,
7.96467E+17,Private Room & Bathroom,21339737,James,,Millbrae,37.604124,-122.4002908,Entire home/apt,225,5,1,4/20/23,0.03,1,364,0,
7.97072E+17,Comfy Family Home in the Hills,126702897,Aprille,,Millbrae,37.59615,-122.40773,Entire home/apt,189,7,13,8/10/25,0.46,2,14,4,
7.97191E+17,Stylish & Serene Home Plus Cottage,17690151,Linda,,Redwood City,37.48439857,-122.2429936,Entire home/apt,,3,6,11/25/24,0.2,3,0,1,
7.97205E+17,"Private Suite, Patio, Hot Tub.",495230705,Janice,,Unincorporated Areas,37.524529,-122.5121125,Private room,,2,31,6/3/23,0.95,1,0,0,
7.97393E+17,Luxury Home Near Stanford,1905172,Cath,,Unincorporated Areas,37.4323075,-122.2069864,Entire home/apt,743,2,24,8/7/25,0.86,13,312,10,
7.97454E+17,Splendid Custom Bungalow | Stanford | Meta | IKEA,494407275,Ray,,Menlo Park,37.47687346,-122.1842107,Entire home/apt,557,1,114,8/28/25,3.48,1,51,36,
7.98489E+17,Spacious 1BR Near G00gle HQ | Pool & Gym,30283594,Global Luxury Suites,,Menlo Park,37.48627,-122.18354,Entire home/apt,225,1,1,2/27/23,0.03,28,365,0,
7.98563E+17,"Stunning Views, Hot tub w/ 4 BD",70081063,Shannon,,San Bruno,37.62883,-122.44222,Entire home/apt,419,30,0,,,12,320,0,
8.00884E+17,Cozy Cottage,4695368,Ani,,Burlingame,37.58216058,-122.3688351,Entire home/apt,,1,0,,,1,0,0,
8.01852E+17,2 private rooms near SFO,494742015,Weiwen,,Daly City,37.668281,-122.4649905,Private room,120,1,0,,,1,364,0,
8.04399E+17,"222-New, Stylish Quiet 2B1B w/ Yard near Stanford",250584391,Victor 5,,Unincorporated Areas,37.45450359,-122.2265975,Entire home/apt,179,2,129,9/18/25,3.97,35,158,56,
8.05399E+17,Cottage with bay views near Stanford,2152990,Min,,Redwood City,37.46081,-122.25926,Entire home/apt,105,2,25,9/19/25,0.78,1,127,12,
8.05745E+17,Comfortable & Beachy   *31 Day minimum*,256682119,Mary,,Unincorporated Areas,37.50821941,-122.4791457,Entire home/apt,166,31,2,8/7/25,0.12,2,203,1,
8.05929E+17,4BR/2.5BA Home 3 Blocks to Beach,496453743,Sarah,,Unincorporated Areas,37.50211961,-122.4671029,Entire home/apt,393,2,66,9/2/25,2.06,1,111,24,
8.0593E+17,Menlo Park 2bd @ Sandhill Rd nr Stanford,185531355,Sandra,,Menlo Park,37.42627888,-122.1989613,Entire home/apt,370,30,31,9/12/25,0.96,2,164,8,
8.06669E+17,Luxury loft by the water,96072959,Chris,,San Mateo,37.55432,-122.28667,Entire home/apt,136,3,12,9/20/25,2.4,1,45,12,
8.06688E+17,Luxurious 5BR Hot Tub Oasis w/Views Pool Table!,27754493,Daniel,,Pacifica,37.58968245,-122.4656067,Entire home/apt,495,2,160,9/5/25,4.92,10,236,48,
8.06851E+17,Convenient House near SFO,89242015,Helen,,South San Francisco,37.66799,-122.41542,Entire home/apt,,2,16,8/13/23,0.51,1,0,0,
8.07031E+17,"Blueground | San Mateo, pool & w/d, access to 101",107434423,,,San Mateo,37.5613694,-122.3206279,Entire home/apt,345,31,1,6/2/23,0.04,144,194,0,
8.07129E+17,"Blueground | San Mateo, pool, nr 20+ restaurants",107434423,,,San Mateo,37.5613694,-122.3206279,Entire home/apt,255,31,2,10/15/23,0.07,144,274,0,
8.07237E+17,Luxury Apartment With Pool Milbrae nr SFO,474761537,Wenseng,,Millbrae,37.60080426,-122.385492,Entire home/apt,185,180,0,,,5,364,0,
8.07752E+17,JANE'S HOME (RA) | Central Location Priv Bath+AC 1,250217039,Emily,,East Palo Alto,37.46766,-122.15,Private room,96,1,18,4/5/25,0.56,59,356,3,
8.07755E+17,JANE'S HOME (RA) | Central Location Priv Bath+AC 3,250217039,Emily,,East Palo Alto,37.46705,-122.15005,Private room,119,1,40,6/26/25,1.24,59,284,12,
8.08019E+17,New Guesthouse in Redwood City,15790002,Mary,,Redwood City,37.4833132,-122.247136,Entire home/apt,240,30,5,5/10/24,0.16,1,360,0,
8.08326E+17,Mid-Century 1-BR Oasis Near Stanford with King Bed,490277740,Michelle,,Menlo Park,37.46113921,-122.1611341,Entire home/apt,148,2,110,9/21/25,3.39,5,334,44,
8.10442E+17,Montara Beach Mountain Escape,415848557,Bella,,Unincorporated Areas,37.54174,-122.50723,Entire home/apt,170,1,120,8/30/25,3.8,5,266,41,
8.11765E+17,"Private Room Daly City, South Bay San Francisco",205094864,Khai,,Daly City,37.70103115,-122.4198003,Private room,60,29,3,6/8/25,0.1,2,336,1,
8.12781E+17,"Blueground | Menlo Park, a/c, lounge, nr park",107434423,,,Menlo Park,37.4576295,-122.1895382,Entire home/apt,518,31,0,,,144,211,0,
8.13002E+17,SFO Gorgeous Modern & Spacious 3B2B,204632615,Jonas,,San Bruno,37.62637302,-122.4440719,Entire home/apt,279,30,100,11/18/24,3.27,2,313,9,
8.13031E+17,Beautiful Remodeled Home,206756630,Jennifer,,Unincorporated Areas,37.4531056,-122.2182548,Entire home/apt,,20,2,8/31/25,0.07,1,282,1,
8.13173E+17,Bright+Modern Brand New Guest House-Great Location,447669665,Ashley,,South San Francisco,37.6598195,-122.4564694,Entire home/apt,117,2,82,9/22/25,2.65,3,242,25,
8.13185E+17,Relaxing Backyard Retreat -Spacious + Bright Home,447669665,Ashley,,San Mateo,37.5591925,-122.2981818,Entire home/apt,225,2,88,9/14/25,2.93,3,59,31,
8.13228E+17,Clean Private Room and Bath-8mins from SFO Airport,26746593,Kelly,,San Bruno,37.63115,-122.44897,Private room,72,30,10,6/29/25,0.35,1,171,3,
8.1473E+17,Cozy 3 BR House 10 mins near Stanford,391701095,Yihua,,East Palo Alto,37.45637242,-122.1263822,Entire home/apt,219,2,52,9/16/25,2.17,1,102,36,
8.1555E+17,"Peaceful room in the Belmont, 30 days +",135142472,Meghana,,Belmont,37.52029,-122.29447,Private room,90,4,1,10/22/24,0.09,1,326,1,
8.15558E+17,Stylish Getaway Walking Distance From BART Station,118436227,Jason,,Daly City,37.7054105,-122.4634768,Entire home/apt,146,1,239,9/15/25,7.49,2,260,96,
8.16002E+17,Relaxing Cozy home w/ driveway Parking免費車位,498748136,Miu,,Daly City,37.67318,-122.48606,Entire home/apt,145,1,132,9/10/25,4.19,1,210,54,
8.16231E+17,Beautiful view residence,153036222,Maryam,,Belmont,37.52003823,-122.3028414,Entire home/apt,135,3,22,8/20/25,0.69,1,83,3,
8.18232E+17,Comfy Private Studio with private bathroom(ML),499104087,Sharon,,South San Francisco,37.65568,-122.41248,Private room,55,1,18,10/4/24,0.57,26,221,1,
8.1895E+17,Private Suite SharedBath Kitchen near Genentech M1,499104087,Sharon,,South San Francisco,37.65568,-122.41248,Private room,53,1,20,2/8/25,0.63,26,240,3,
8.18987E+17,Private Suite w/ shared Bath & Kitchen in SSF 2ML,499104087,Sharon,,South San Francisco,37.65568,-122.41248,Private room,53,1,17,3/22/25,0.61,26,309,2,
8.19015E+17,Private Suite & Bath w/ Shared Kitchen in SSF (ML),499104087,Sharon,,South San Francisco,37.65568,-122.41248,Private room,55,1,15,6/14/25,0.48,26,313,9,
8.21263E+17,Spacious Redwood City Apartment,474761537,Wenseng,,Redwood City,37.48421591,-122.2278323,Entire home/apt,183,1,1,4/10/23,0.03,5,365,0,
8.21275E+17,Redwood City Luxury Apartment,247216,Jimmy,,Redwood City,37.48462,-122.22976,Entire home/apt,230,1,0,,,4,365,0,
8.219E+17,Cozy studio! Newly constructed,18826297,Chuck,,Unincorporated Areas,37.48035,-122.19843,Entire home/apt,82,5,0,,,1,278,0,
8.22393E+17,Sunny Bedroom Walk to Everything,36911454,Marie-Jeanne,,Redwood City,37.47041,-122.21831,Private room,99,3,9,9/13/25,0.31,1,322,3,
8.23476E+17,Beautiful Remodel Bedroom with An Ensuite Bathroom,81993118,Ji,,Daly City,37.70786282,-122.447746,Private room,74,28,5,5/24/25,0.17,8,333,2,
8.23496E+17,Garden Retreat - Private Suite,3463930,Morganne,,East Palo Alto,37.45962,-122.14363,Private room,77,2,86,9/14/25,2.73,2,86,28,
8.23894E+17,A private and quaint gateway on Belmont Hills,16179573,Qing,,Belmont,37.51558622,-122.3061904,Entire home/apt,123,1,100,9/22/25,3.52,1,149,54,
8.23916E+17,Lovely 2BD Sandhill @ Menlo Park,86658575,Diana,,Menlo Park,37.42465,-122.19892,Entire home/apt,311,14,25,8/30/25,0.82,10,352,6,
8.24209E+17,Poplar Beach Home,33764403,Kosol,,Half Moon Bay,37.45510258,-122.4325701,Entire home/apt,261,3,84,9/1/25,2.66,1,43,15,
8.25587E+17,Apartment South San Francisco,474761537,Wenseng,,South San Francisco,37.65669995,-122.4068897,Entire home/apt,195,90,0,,,5,363,0,
8.27376E+17,Ranch house with secluded garden,8158669,Karine,,Unincorporated Areas,37.46998662,-122.2101708,Entire home/apt,295,4,5,8/23/24,0.16,2,298,0,
8.27703E+17,1bd/1ba remodeled furnished condo in Crown Colony,498700219,Albert,,Daly City,37.6639429,-122.4629555,Entire home/apt,84,60,2,3/31/25,0.08,1,117,1,
8.29387E+17,Palo Alto Stanford Private Room,50211416,Jessie,,East Palo Alto,37.45779,-122.12561,Private room,,5,1,3/11/23,0.03,7,0,0,
8.30059E+17,Beautiful home close to SFO,225281003,Khaled,,San Bruno,37.6368089,-122.4145282,Entire home/apt,,1,139,9/7/25,4.42,2,63,49,
8.32126E+17,"Shoreview-Private Bath, Kitchen, Laundry + Parking",171916864,Jeff,,San Mateo,37.57089,-122.31086,Entire home/apt,110,7,15,8/17/25,0.49,3,271,3,
8.32674E+17,Easy commute Private guest suite,149576002,Helen,,Redwood City,37.4666992,-122.2230429,Entire home/apt,148,2,35,9/17/25,1.27,1,255,17,
8.33972E+17,"Menlo Park 2bd @ Sandhill nr Stanford - Pool, Gym",185531355,Sandra,,Menlo Park,37.42534,-122.19983,Entire home/apt,355,14,34,8/16/25,1.14,2,305,15,
8.35474E+17,"Beautiful, Spacious Private Master Suite",48050808,Alicia,,San Carlos,37.49288906,-122.2643199,Private room,102,2,131,9/16/25,4.68,1,35,67,
8.36481E+17,Spellbinding 5 BR Ocean View Pool Table Remodeled!,27754493,Daniel,,Pacifica,37.63368942,-122.4854023,Entire home/apt,746,2,118,9/7/25,3.78,10,101,43,
8.37858E+17,Cozy bedroom in the heart of Silicon Valley,6887379,Jimena,,Unincorporated Areas,37.45952137,-122.2657136,Entire home/apt,68,1,119,9/9/25,3.84,3,309,48,
8.38031E+17,"246C - Large Studio w/ Kitchenette, Laundry & Deck",250584391,Victor 5,,San Mateo,37.52825123,-122.2978262,Entire home/apt,124,2,91,8/14/25,2.96,35,162,34,
8.38031E+17,246A- Modern 3B2B w/ Deck & View by Hillsdale Mall,250584391,Victor 5,,San Mateo,37.52954933,-122.2997892,Entire home/apt,220,2,54,9/17/25,1.75,35,123,29,
8.3821E+17,Superior King at Grand Bay Hotel San Francisco,499043189,Grand Bay Hotel San Francisco,,Redwood City,37.52306,-122.26212,Private room,239,1,1,7/27/25,0.49,7,140,1,
8.38211E+17,Signature King Bed at  San Francisco,499043189,Grand Bay Hotel San Francisco,,Redwood City,37.52396188,-122.2600736,Private room,157,1,5,8/3/25,0.18,7,140,3,
8.38213E+17,Signature Junior Suite,499043189,Grand Bay Hotel San Francisco,,Redwood City,37.52287,-122.2622,Private room,,1,2,9/2/23,0.08,7,140,0,
8.38214E+17,Deluxe Two Doubles,499043189,Grand Bay Hotel San Francisco,,Redwood City,37.52267,-122.26011,Private room,,1,34,9/1/25,1.09,7,140,20,
8.39345E+17,Newly Renovated Unit in SSF,503751910,Shui,,South San Francisco,37.66528955,-122.4025878,Entire home/apt,280,1,82,9/18/25,2.67,1,263,23,
8.40767E+17,Affordable PrivateRoom ShareBath near Kaiser SFO G,499104087,Sharon,,Daly City,37.67176,-122.48123,Private room,53,30,0,,,26,333,0,
8.4078E+17,Affordable PrivateRoom ShareBath near Kaiser SFO B,499104087,Sharon,,Daly City,37.6717609,-122.4812317,Private room,53,30,1,9/7/25,1,26,336,1,
8.40863E+17,Luxury Bedroom near SF!,89869531,Tammy,,Daly City,37.70499,-122.43102,Private room,87,1,12,5/20/23,0.39,3,6,0,
8.40912E+17,Luxury Comfy Bedroom near SF!,89869531,Tammy,,Daly City,37.7048,-122.43286,Private room,94,1,12,10/20/24,0.39,3,6,1,
8.41225E+17,Mint House Menlo Park  | Studio Apartment,239175383,Mint,,Menlo Park,37.4553249,-122.1839839,Entire home/apt,283,1,12,7/10/25,0.4,4,230,3,
8.41247E+17,Mint House Menlo Park | Caltrain-Facing 1BR Apt,239175383,Mint,,Menlo Park,37.4553249,-122.1839839,Entire home/apt,297,1,78,9/5/25,2.58,4,247,38,
8.42227E+17,Affordable PrivateRoom ShareBath near Kaiser SFO E,499104087,Sharon,,Daly City,37.67161225,-122.4813309,Private room,53,30,1,8/17/25,0.75,26,338,1,
8.4223E+17,Affordable PrivateRoom ShareBath near Kaiser SFO F,499104087,Sharon,,Daly City,37.67163,-122.48137,Private room,53,30,0,,,26,333,0,
8.42501E+17,"Blueground | Menlo Park, a/c, lounge, nr park",107434423,,,Menlo Park,37.4576295,-122.1895382,Entire home/apt,529,31,0,,,144,260,0,
8.43655E+17,Mint House Menlo Park | Caltrain-Facing 2BR Apt,239175383,Mint,,Menlo Park,37.4553249,-122.1839839,Entire home/apt,443,1,16,8/7/25,0.53,4,233,8,
8.44066E+17,Mint House Menlo Park | Premium 2BR Apt w/ Balcony,239175383,Mint,,Menlo Park,37.4553249,-122.1839839,Entire home/apt,479,1,6,7/21/25,0.2,4,188,1,
8.45042E+17,Quiet Garden Oasis | Sunset View | Parking | 1/1,317540106,Mk,,Belmont,37.52424,-122.27957,Entire home/apt,256,3,13,7/13/25,0.43,9,365,4,
8.46465E+17,Casa Cedar Studio in San Bruno!,5444327,Lidia,,San Bruno,37.62063,-122.42195,Entire home/apt,100,2,23,6/13/25,0.79,1,267,7,
8.4747E+17,(Big discount) Brand NEW! Breathtaking view,13795097,Jenny,,Daly City,37.65464391,-122.4615419,Entire home/apt,108,1,3,5/19/23,0.1,1,266,0,
8.47811E+17,Bright & Lofty 6bd/3.5ba 15 min to SF + SFO,245442039,Gene,,South San Francisco,37.66098894,-122.4102529,Entire home/apt,299,2,0,,,9,193,0,
8.48593E+17,"Ideal Location! Onsite Pool, Free Breakfast",501999514,RoomPicks,,San Bruno,37.64134,-122.41925,Hotel room,,1,0,,,36,337,0,
8.48594E+17,"Relax and Unwind! Pets Allowed, Parking Onsite",501999514,RoomPicks,,San Bruno,37.64134,-122.41925,Hotel room,,1,3,8/18/24,0.18,36,337,0,
8.48594E+17,"Comfort and Convenience! Kitchen, Onsite Pool",501999514,RoomPicks,,San Bruno,37.64134,-122.41925,Hotel room,50000,1,21,9/14/25,0.76,36,336,12,
8.48595E+17,Best Place to Stay in California! Onsite Pool,501999514,RoomPicks,,San Bruno,37.64134,-122.41925,Hotel room,,1,1,8/12/24,0.07,36,336,0,
8.48595E+17,"Tour Around California! Parking, Onsite Pool",501999514,RoomPicks,,San Bruno,37.64134,-122.41925,Hotel room,,1,0,,,36,336,0,
8.48595E+17,"Always a Great Idea To Unwind! Kitchen, Pool",501999514,RoomPicks,,San Bruno,37.64134,-122.41925,Hotel room,50000,1,13,8/9/25,0.5,36,336,8,
8.48598E+17,"You Found it! Onsite Pool, Free Breakfast!",501999514,RoomPicks,,San Bruno,37.64134,-122.41925,Hotel room,,1,0,,,36,333,0,
8.48598E+17,"Relax and Unwind! Free Breakfast, Onsite Pool",501999514,RoomPicks,,San Bruno,37.64134,-122.41925,Hotel room,,1,1,4/29/23,0.03,36,333,0,
8.48598E+17,"Convenient Stay! Full Kitchen, Free Breakfast",501999514,RoomPicks,,San Bruno,37.64134,-122.41925,Hotel room,,1,0,,,36,333,0,
8.48599E+17,"Enjoy a Hassle-Free Stay, Free Breakfast, Pool",501999514,RoomPicks,,San Bruno,37.64134,-122.41925,Hotel room,,1,0,,,36,336,0,
8.48599E+17,"Best Value, Quality Stay! Pool, Free Breakfast",501999514,RoomPicks,,San Bruno,37.64134,-122.41925,Hotel room,,1,0,,,36,336,0,
8.48599E+17,"Pets are Welcome! Outdoor Pool, Free Breakfast!",501999514,RoomPicks,,San Bruno,37.64134,-122.41925,Hotel room,50000,1,11,9/18/25,0.39,36,336,1,
8.51264E+17,Luxury 2BR Condo at Elan Menlo,503340076,Tigran,,Menlo Park,37.4855206,-122.1829086,Entire home/apt,,1,5,4/20/25,0.17,11,0,2,
8.52174E+17,Dazzling Modern Home Near DT Palo Alto & Stanford,464154312,Adela,,Menlo Park,37.46043,-122.14756,Entire home/apt,212,2,67,9/20/25,3,1,20,32,
8.52202E+17,Bay Area Vacation Rental 4 Mi to Stanford!,126644161,Evolve,,Unincorporated Areas,37.47806,-122.20833,Entire home/apt,,30,3,7/27/24,0.12,7,0,0,
8.52207E+17,Arcade Getaway • 5 Beds • Fast Wi-Fi • Fenced Yard,163604315,Brian,,Pacifica,37.59164587,-122.4980473,Entire home/apt,157,31,23,8/27/25,1.04,1,290,4,
8.54133E+17,"NEW! Luxe, Sunny 3000 Sq Ft Estate | Walk to Town",506494496,Andrew,,Belmont,37.5179042,-122.2751868,Entire home/apt,,12,0,,,3,0,0,
8.54282E+17,Half Moon Bay Vacation Rental: 1 Mile to Beach!,126644773,Evolve,,Half Moon Bay,37.46367,-122.43075,Entire home/apt,301,2,39,8/31/25,1.36,8,82,17,
8.56019E+17,SF Bay Views XL Bedroom w. Livingroom Space,2505792,Abby,,San Mateo,37.52801,-122.30226,Entire home/apt,150,2,4,9/8/23,0.14,1,263,0,
8.57359E+17,"Cozy Daly City Gem w/ Shops, Golf & Transit Access",14989406,Jonathan,,Daly City,37.70347886,-122.4867992,Entire home/apt,271,2,165,9/18/25,5.54,2,136,70,
8.57785E+17,Beautiful Master Suite,5174351,Amit,,San Mateo,37.53280235,-122.2875081,Private room,,1,0,,,1,0,0,
8.57989E+17,Bay Area Charm close to SFO Int,507655800,Lily,,San Carlos,37.51032756,-122.2525454,Entire home/apt,180,30,3,7/15/23,0.1,1,269,0,
8.58035E+17,NEW Lux Modern Home. 3bd 2bath w/loft,4071737,Shuyan,,Foster City,37.54671,-122.26886,Entire home/apt,,14,20,3/31/25,0.66,3,1,7,
8.59133E+17,"Stay in Menlo Park! Private Patio, Pool and Gym!",86658575,Diana,,Menlo Park,37.42468,-122.19869,Entire home/apt,254,18,21,8/30/25,0.86,10,321,10,
8.59137E+17,2 bedroom apartment Menlo park,86658575,Diana,,Menlo Park,37.42468171,-122.1982553,Entire home/apt,330,2,38,4/30/25,1.54,10,345,7,
8.59663E+17,Private room1 in a 2bed 1 bath house,39178549,Soraya,,East Palo Alto,37.46911,-122.13779,Private room,70,7,8,9/7/24,0.27,3,365,0,
8.61169E+17,New Luxury Bedroom in South SF,483769346,Sze,,South San Francisco,37.66476204,-122.4523746,Private room,56,2,2,6/12/23,0.07,2,356,0,
8.61538E+17,Ocean View Guest Suite,28841467,Lisa,,Unincorporated Areas,37.53148864,-122.5164242,Entire home/apt,281,2,70,9/14/25,2.66,1,242,34,
8.62586E+17,Peaceful Dwelling,251642988,Clarence,,East Palo Alto,37.47281,-122.13639,Private room,55,2,23,9/1/25,0.84,3,158,11,
8.63333E+17,"10min walk to YouTube,Loft Style Home Close to SFO",508770652,Yat,,San Bruno,37.62242141,-122.4275767,Entire home/apt,148,1,103,8/18/25,3.49,1,343,26,
8.63335E+17,New Remodeled 2BR/1BA Walk to SF and Bart Station,507935480,Jun M,,Daly City,37.6986566,-122.4671715,Entire home/apt,137,1,124,8/30/25,4.17,1,359,27,
8.63445E+17,NEW! | Sunny & Spacious | A+ Location | Parking,506494496,Andrew,,Millbrae,37.6005294,-122.401729,Entire home/apt,,3,3,6/7/23,0.1,3,0,0,
8.64576E+17,Private room in a 2bed 1 bath house,39178549,Soraya,,East Palo Alto,37.47020901,-122.1377328,Private room,63,7,13,8/2/25,0.46,3,362,4,
8.65367E+17,NEW! Stunning Bay Views | Sun Deck | Parking,506494496,Andrew,,San Bruno,37.61391,-122.43102,Entire home/apt,,3,3,5/29/23,0.1,3,0,0,
8.66079E+17,Luxury 2 bedrooms near SF!,89869531,Tammy,,Daly City,37.705,-122.4311,Private room,,1,0,,,3,37,0,
8.66287E+17,Z-NEWPrivate Oasis | Kitchen | Sun Patio | Parking,509346058,Malcolm,,San Bruno,37.6302156,-122.4538194,Entire home/apt,,2,30,11/7/24,1.07,19,0,7,
8.67349E+17,"Z-NEW!Huge, Bright, Private | Full Kitchen | Patio",509346058,Malcolm,,South San Francisco,37.64247,-122.43761,Entire home/apt,,1,11,2/18/24,0.44,19,0,0,
8.67417E+17,Private ADU with private entry,43888987,Sina,,Redwood City,37.46795,-122.24632,Entire home/apt,91,3,16,12/6/24,0.54,1,352,2,
8.67806E+17,Private | Modern | Full Kitchen | EZ Parking,509346058,Malcolm,,Daly City,37.68294892,-122.4844268,Entire home/apt,62,2,45,9/6/25,1.59,19,10,26,
8.68968E+17,Bayside Bungalow,54740349,Quazi,,East Palo Alto,37.46714924,-122.1272699,Entire home/apt,112,2,34,8/29/25,1.16,2,345,16,
8.69136E+17,Luxury Mid-Century Modern Home w/ XL Deck,10493060,Rosemary,,Woodside,37.38609186,-122.262635,Entire home/apt,974,3,75,9/15/25,2.71,1,281,26,
8.69566E+17,Private | Modern | Laundry | Kitchenette,509346058,Malcolm,,Daly City,37.67747717,-122.4791578,Entire home/apt,,3,18,5/29/25,0.63,19,0,9,
8.6965E+17,Clean and modern space near SF,21191813,Lily,,Daly City,37.65476109,-122.4699672,Entire home/apt,116,30,2,9/9/24,0.08,1,363,0,
8.70333E+17,Silicon Valley Residence: Master Bedroom Unit,127589590,Vera,,Menlo Park,37.4310933,-122.2133457,Private room,179,3,13,8/19/25,0.9,1,301,9,
8.71005E+17,Private suite with Jacuzzi,135767857,Nicole,,Belmont,37.5019821,-122.3045287,Private room,81,5,0,,,1,178,0,
8.71203E+17,Mariposa Home,510386498,Shirley,,Daly City,37.6789316,-122.4798037,Entire home/apt,350,1,41,8/17/25,1.39,1,350,20,
8.72478E+17,"Location - Comfortable King Bed, Fridge & Kettle",51021687,Sonja,,East Palo Alto,37.46528393,-122.1409381,Private room,77,2,10,9/12/25,0.4,2,360,6,
8.73847E+17,Casita de la Playa - Studio in El Granada,510953979,Rose,,Unincorporated Areas,37.50588,-122.48013,Entire home/apt,160,2,98,9/12/25,3.56,1,124,45,
8.74187E+17,2381A New Modern 4B3B Stanford Meta,4924943,Diana,,East Palo Alto,37.47001788,-122.1488395,Entire home/apt,257,3,32,8/29/25,1.11,3,82,15,
8.75388E+17,NEW! Cozy Remodel | Sun Patio | SF 5 min!,509346058,Malcolm,,Daly City,37.7075,-122.4603,Entire home/apt,60,1,0,,,19,5,0,
8.76295E+17,Alida way apartment,458669675,Hamza,,Unincorporated Areas,37.64302,-122.4274,Entire home/apt,250,90,0,,,1,365,0,
8.77578E+17,Explore the City by the Bay! Pets are Welcome Here,501999514,RoomPicks,,South San Francisco,37.66615,-122.39429,Hotel room,168,1,112,9/21/25,4.11,36,335,58,
8.78506E+17,Newly Updated Guest Suite w/ Sweeping Ocean Views,511955204,Xuong Quoc,,Pacifica,37.64804156,-122.493583,Entire home/apt,109,1,150,9/7/25,5.17,1,221,46,
8.79684E+17,Sunny Oasis | A+ Kitchen | Walk to Town | Parking,509346058,Malcolm,,Belmont,37.51892,-122.27389,Entire home/apt,54,1,29,9/10/25,1.04,19,13,17,
8.79725E+17,NEW! Luxe | Safe & Quiet | A+ Beds | Big Yard,509346058,Malcolm,,San Bruno,37.63446077,-122.4601516,Entire home/apt,,3,18,1/1/24,0.62,19,0,0,
8.81468E+17,Luxe 1 BR Casita @ Finca Montara,46495135,Matthew,,Unincorporated Areas,37.53396376,-122.4954343,Entire home/apt,319,2,12,9/1/25,0.92,1,355,9,
8.82835E+17,Private 2BR near SF with ocean view,234474941,Yadana,,Daly City,37.68559,-122.49325,Entire home/apt,217,3,21,5/25/25,0.76,1,345,5,
8.83652E+17,Peaceful Pacifica Restful Retreat Home,513061069,Gina,,Pacifica,37.58799,-122.47167,Entire home/apt,,2,0,,,1,115,0,
8.85112E+17,ddd,37729997,John,,Redwood City,37.48427781,-122.2441081,Entire home/apt,146,1,0,,,1,298,0,
8.85172E+17,"New! CozyStay in Menlo Park, near Stanford & Techs",433259792,Joanne,,Menlo Park,37.45394049,-122.1661415,Entire home/apt,130,2,16,8/27/25,0.59,5,294,9,
8.8548E+17,Modern Architectural Oasis in Menlo Park,513444769,Tim,,Menlo Park,37.44453719,-122.1792082,Entire home/apt,910,4,20,9/8/25,0.79,2,70,14,
8.86225E+17,"Private Paradise - Gather, Celebrate, Reconnect!",15835124,Betty,,Unincorporated Areas,37.46985013,-122.2753818,Entire home/apt,1063,3,22,6/17/24,0.79,1,50,0,
8.86528E+17,New 2 Bed In-Law w/Private Entrance near SF,135936845,Carrie,,Daly City,37.68748,-122.4875,Entire home/apt,165,2,14,8/10/25,0.51,2,250,1,
8.86801E+17,"Upscale, Spacious 4B2B house with Amazing Views",47563583,Ava,,Daly City,37.70553,-122.43078,Entire home/apt,246,2,15,9/1/25,0.52,2,250,7,
8.8774E+17,Bright and airy beach vacation spot- perfect for,481729390,Sandra,,Unincorporated Areas,37.52722,-122.51598,Entire home/apt,574,1,56,9/10/25,1.95,7,296,18,
8.87778E+17,Brand new 1 Bd/Ba w/kitchenette!,5241283,William,,Daly City,37.67408,-122.48204,Private room,,30,0,,,4,0,0,
8.88439E+17,Home near downtown Half Moon Bay and beaches,6697880,Francesca,,Half Moon Bay,37.4588871,-122.4315286,Entire home/apt,293,2,29,7/27/25,1.03,1,72,17,
8.885E+17,New Luxury Bedroom in South SF,483769346,Sze,,South San Francisco,37.66248,-122.4524,Private room,56,2,0,,,2,364,0,
8.89246E+17,"@Coastal Garden Retreat near beach, San Francisco",33497626,Judith Elizabeth,,Pacifica,37.61204,-122.47972,Entire home/apt,428,3,6,6/16/25,0.21,1,106,1,
8.90713E+17,Steps 2 Shops + 10 Min SFO: Quiet/Stylish 1BR w/AC,2860537,Saik Kia,,San Mateo,37.57093,-122.31087,Entire home/apt,134,2,76,9/6/25,2.7,4,122,35,
8.90738E+17,10-Min SFO *A/C* Modern Comfort 2BR Family Retreat,2860537,Saik Kia,,San Mateo,37.5692283,-122.3108729,Entire home/apt,168,2,105,9/19/25,3.7,4,113,50,
8.91371E+17,Coastal Home in Pacifica,7749427,Claire,,Pacifica,37.60157,-122.48592,Entire home/apt,151,30,0,,,1,129,0,
8.91397E+17,Cozy Private Room Near San Francisco/SFO,31281433,Adriane,,Daly City,37.6553438,-122.4697889,Private room,85,3,1,6/14/25,0.29,2,39,1,
8.92105E+17,Pet-Friendly Stay by the Bay! Free Breakfast!,501999514,RoomPicks,,South San Francisco,37.66677,-122.39336,Hotel room,,1,8,7/14/24,0.28,36,337,0,
8.92129E+17,Between SF and Silicon Valley.,52460053,Peachy,,Daly City,37.66513,-122.46469,Entire home/apt,97,30,3,3/10/25,0.15,1,263,1,
8.92156E+17,Willow Place,16543572,Ryan,,Menlo Park,37.4497321,-122.1728808,Entire home/apt,200,14,17,7/10/25,0.6,1,238,14,
8.92369E+17,"San Francisco Suburb, Community Pool & Tennis",499892054,Warren,,San Bruno,37.61264966,-122.4158785,Entire home/apt,190,5,2,7/8/25,0.69,1,113,2,
8.92883E+17,"Cute, updated Menlo Park rancher",26379674,Jim,,Menlo Park,37.439994,-122.1924087,Entire home/apt,350,5,11,8/2/25,0.43,1,32,5,
8.93692E+17,"2 bed, 2 bath condo",31484689,Webster,,East Palo Alto,37.46156,-122.14634,Entire home/apt,194,3,20,8/29/25,0.93,1,262,11,
8.94186E+17,Stunning 2BR w/ 1BA Home near BART,515385698,Kim,,Daly City,37.69909,-122.46788,Entire home/apt,146,1,78,9/9/25,2.78,6,189,16,
8.95321E+17,Z-NEW! Luxe Spacious 4BR | A+Beds | EasySF | Pking,509346058,Malcolm,,Daly City,37.6834758,-122.4853057,Entire home/apt,,1,27,1/10/25,1.03,19,0,5,
8.95791E+17,Studio with Private Entrance / Patio / Hot Tub,515720681,Scott,,Unincorporated Areas,37.52503,-122.51138,Entire home/apt,148,1,206,9/20/25,7.25,3,80,55,
8.96742E+17,Lagoon Living Offsite + Family Retreat!,321998,DROdio,,San Mateo,37.56584,-122.29152,Entire home/apt,384,1,69,8/20/25,2.68,1,79,16,
8.96749E+17,"Cozy Retreat in a High-End, Walkable Neighborhood",480065043,Heather,,Burlingame,37.57935298,-122.3581672,Entire home/apt,140,2,31,3/2/25,1.15,1,267,10,
8.97335E+17,Spacious Upstairs Studio With Private Entrance,270570288,Vishal,,Redwood City,37.48678382,-122.2215233,Entire home/apt,137,2,5,9/22/25,0.79,1,329,5,
8.97365E+17,SFO Spacious & Beautiful 3BR house,470169336,Tiffany,,Millbrae,37.611761,-122.4051233,Entire home/apt,288,2,78,9/19/25,2.78,3,337,33,
8.9791E+17,Cozy Home in South San Francisco,489004899,Isabelle,,South San Francisco,37.65572811,-122.447758,Entire home/apt,262,1,58,9/19/25,2.27,1,176,26,
8.97921E+17,Modern Oasis | Quiet | Parking | Laundry | Patio,509346058,Malcolm,,Daly City,37.6786537,-122.4801366,Entire home/apt,,1,4,6/29/25,0.14,19,0,2,
8.97961E+17,Blue Cottage,194929510,Annegret,,Menlo Park,37.46058,-122.14999,Entire home/apt,133,2,75,9/21/25,2.72,1,317,34,
8.98119E+17,New & Cozy 2BD/1BA private suit w/ Parking,516266570,YaoWen,,Daly City,37.70605,-122.43294,Entire home/apt,125,2,123,9/13/25,4.37,1,64,48,
8.98132E+17,Renovated Seaside 2B1B • 15m SF/SFO • Free Parking,220760679,Arlene,,Pacifica,37.65334283,-122.4925575,Entire home/apt,207,2,136,9/23/25,4.79,9,350,49,
8.98529E+17,Stunning Bay Views | Private | Sun deck | Parking,509346058,Malcolm,,San Bruno,37.61312,-122.4318858,Entire home/apt,,1,26,9/7/25,0.94,19,3,2,
8.99195E+17,Efficiently Equipped Pacifica Apt - 1 Mi to Beach!,126644773,Evolve,,Pacifica,37.65554,-122.49035,Entire home/apt,168,2,42,9/1/25,1.49,8,10,10,
9.00339E+17,Beach Lover’s 2B1B • 15min SF/SFO • Free Parking,220760679,Arlene,,Pacifica,37.65250485,-122.4933183,Entire home/apt,203,2,116,9/20/25,4.1,9,349,40,
9.00682E+17,Stunning 2BR w/ 1BA Home near BART,515385698,Kim,,Daly City,37.6981757,-122.4687819,Entire home/apt,151,1,22,7/18/25,0.78,6,189,11,
9.01466E+17,"Beautiful Guesthouse in Woodside, 1 Bedroom + Loft",1905172,Cath,,Woodside,37.43541582,-122.2414912,Entire home/apt,296,2,55,8/24/25,1.97,13,352,13,
9.0366E+17,Spacious Unit with  private bath and kitchen,839900,Kelly,,Millbrae,37.60003,-122.41184,Private room,85,1,16,5/21/25,0.59,1,5,6,
9.03876E+17,903 - BRAND NEW Modern 2B2B w/ New Appliances,250584391,Victor 5,,Redwood City,37.48315595,-122.1988132,Entire home/apt,123,30,75,4/6/25,2.71,35,208,18,
9.04586E+17,Oceanviews 2B/2BA Located 12mins from SF & SFO,517617417,Ashley,,Daly City,37.66445673,-122.4875381,Entire home/apt,168,1,122,9/20/25,4.45,1,334,47,
9.04936E+17,Audrey's place,89441512,Francis,,Pacifica,37.64188393,-122.469554,Private room,65,2,54,8/8/25,1.96,1,256,21,
9.05144E+17,"You Found it! 2 Relaxing Units, Kitchen, Pool!",501999514,RoomPicks,,San Bruno,37.64134,-122.41925,Hotel room,,1,1,6/16/24,0.06,36,336,0,
9.05144E+17,"Pet-friendly Hotel! 2 Modern Units, Pool, Kitchen!",501999514,RoomPicks,,San Bruno,37.64134,-122.41925,Hotel room,,1,0,,,36,336,0,
9.05145E+17,"Rare Find! 2 Spacious Units, Free Breakfast, Pool!",501999514,RoomPicks,,San Bruno,37.64134,-122.41925,Hotel room,,1,0,,,36,336,0,
9.06584E+17,Black Oak,7510249,David,,Unincorporated Areas,37.46002435,-122.2623382,Entire home/apt,567,30,6,4/19/25,0.27,1,205,3,
9.06974E+17,NEW! Luxe Remodel | Bay View | SF 20 min | Deck,509346058,Malcolm,,San Bruno,37.6355183,-122.461165,Entire home/apt,,1,36,6/26/25,1.51,19,0,13,
9.07648E+17,"Home Away From Home! 2 Modern Units, Breakfast!",502000472,RoomPicks,,San Bruno,37.64134,-122.41925,Hotel room,,1,0,,,5,335,0,
9.07648E+17,"Pleasant Stay! 2 Modern Units, Free Breakfast!",502000472,RoomPicks,,San Bruno,37.64134,-122.41925,Hotel room,,1,0,,,5,336,0,
9.07648E+17,"Ideal Family Vacation! 2 Spacious Units, Kitchen!",502000472,RoomPicks,,San Bruno,37.64134,-122.41925,Hotel room,,1,0,,,5,336,0,
9.07668E+17,"Get Lost In San Bruno! 2 Spacious Units, Kitchen!",502000472,RoomPicks,,San Bruno,37.64134,-122.41925,Hotel room,,1,0,,,5,335,0,
9.07668E+17,"San Bruno Getaway! 2 Relaxing Units, Full Kitchen!",502000472,RoomPicks,,San Bruno,37.64134,-122.41925,Hotel room,50000,1,2,9/21/25,0.14,5,335,1,
9.07995E+17,"Gorgeous Guesthouse in Woodside, 2 Bedroom + Loft",1905172,Cath,,Woodside,37.43274193,-122.234511,Entire home/apt,272,1,34,9/1/25,1.25,13,329,17,
9.08531E+17,"Blueground | Menlo Park, pool & a/c, nr shopping",107434423,,,Menlo Park,37.4247813,-122.1983202,Entire home/apt,,31,0,,,144,263,0,
9.08532E+17,"Blueground | Menlo Park, gym, nr farmer's markets",107434423,,,Menlo Park,37.4247813,-122.1983202,Entire home/apt,389,31,0,,,144,274,0,
9.09391E+17,Cozy bedroom near San Francisco,19416721,Raymond,,Unincorporated Areas,37.68978,-122.48806,Private room,899,1,0,,,1,365,0,
9.11553E+17,NEW Modern Home w/ FUN Game Room & Amazing views!,4071737,Shuyan,,South San Francisco,37.6429,-122.4595,Entire home/apt,360,1,93,9/5/25,3.41,3,211,36,STVR21-0002
9.12671E+17,City Oasis | 10mins to SF•Garage•VIEWS•New Beds!,3917293,Jenny,,Daly City,37.68534,-122.47881,Entire home/apt,241,2,85,9/3/25,3.19,1,71,33,
9.14407E+17,Central  3B1b home in San Mateo/garage parking/AC,487227318,Qiuer,,San Mateo,37.5703,-122.31613,Entire home/apt,,1,14,7/18/24,0.51,1,0,0,
9.14517E+17,Newly Remodeled Beautiful 3BD Home,70081063,Shannon,,Redwood City,37.48241,-122.2004,Entire home/apt,,30,0,,,12,0,0,
9.15267E+17,Z-NEW 4BR Palace | Patio | Walk toTown | A+ Master,509346058,Malcolm,,South San Francisco,37.6556734,-122.4180159,Entire home/apt,,2,9,11/1/23,0.34,19,0,0,
9.15473E+17,Peaceful Abode,251642988,Clarence,,East Palo Alto,37.47321752,-122.1352128,Private room,64,2,12,5/1/25,0.63,3,174,4,
9.16293E+17,Home for Business Executive Stay or Family Near SF,6292078,Cecilia,,Daly City,37.65125858,-122.4635611,Entire home/apt,278,2,38,9/18/25,1.42,2,350,11,
9.167E+17,Stylish & Serene Home - Private Unit!,520666778,Forrest,,South San Francisco,37.63987914,-122.4470121,Entire home/apt,92,1,142,9/21/25,5.37,2,110,54,
9.16909E+17,Home in San Mateo with amazing backyard,6491711,Rocío,,San Mateo,37.52844309,-122.3020038,Entire home/apt,310,300,8,7/30/23,0.29,1,147,0,
9.17746E+17,Home Oasis walkable to downtown,520970588,Naomi,,San Mateo,37.56494674,-122.3173736,Entire home/apt,300,30,13,6/18/25,0.53,1,60,9,
9.18385E+17,"Amazing Apt, King Bed, Kitchen, Walker's Paradise",42563379,Ela,,San Carlos,37.49288924,-122.2464013,Entire home/apt,147,1,35,9/21/25,1.28,8,361,15,
9.18389E+17,"Chic Studio: King Bed, Walker's Paradise",42563379,Ela,,San Carlos,37.49286,-122.24625,Entire home/apt,194,1,63,2/14/25,2.31,8,208,15,
9.18392E+17,"Divine Studio: King Bed, Kitchen, Near Eateries",42563379,Ela,,San Carlos,37.49291216,-122.2468208,Entire home/apt,156,1,49,2/3/25,1.79,8,147,3,
9.19015E+17,"Brand new Redwood City ""Cottage""",41829404,Keith,,Unincorporated Areas,37.4778445,-122.2025021,Entire home/apt,114,1,12,10/26/24,0.94,1,80,8,
9.19795E+17,Family house close to beaches,45389227,Eystein,,Pacifica,37.58393538,-122.4936762,Entire home/apt,,9,0,,,1,0,0,
9.20015E+17,"Blueground | Menlo Park, gym & pool, nr shops",107434423,,,Menlo Park,37.4247813,-122.1983202,Entire home/apt,346,31,0,,,144,329,0,
9.20015E+17,"Blueground | Menlo Park, gym & pool, nr shops",107434423,,,Menlo Park,37.4247813,-122.1983202,Entire home/apt,390,31,0,,,144,299,0,
9.20015E+17,"Blueground | Menlo Park, gym & pool, nr shops",107434423,,,Menlo Park,37.4247813,-122.1983202,Entire home/apt,364,31,1,6/8/24,0.06,144,279,0,
9.20033E+17,"Blueground | Redwood City, parking, pool, nr train",107434423,,,Redwood City,37.4831939,-122.2284285,Entire home/apt,379,31,0,,,144,222,0,
9.20275E+17,Ocean View Moss Beach Retreat,47316700,Ovr,,Unincorporated Areas,37.5176777,-122.5122126,Entire home/apt,384,1,32,9/19/25,1.2,1,315,13,
9.20568E+17,Seaside Home Modern Retreat with Breathtaking,481729390,Sandra,,Half Moon Bay,37.49093,-122.45387,Entire home/apt,348,1,78,9/9/25,2.87,7,325,38,
9.20904E+17,"Boutique Studio: King Bed, 90 Walk Score!",42563379,Ela,,San Carlos,37.49467,-122.24518,Entire home/apt,186,1,19,9/20/25,0.7,8,265,7,
9.21848E+17,44M-Adorable & New 2B1B Ground Unit Near FWY&BART,250584391,Victor 5,,Daly City,37.69071975,-122.4547111,Entire home/apt,89,2,87,9/14/25,3.23,35,144,44,
9.22574E+17,Redwood City Escape with Big-Screen TV!,126644161,Evolve,,Redwood City,37.47753,-122.23843,Entire home/apt,141,30,9,9/14/25,0.34,7,281,6,
9.23268E+17,"Z-NEW! Stunning Oasis | Sun Deck, Jacuzzi & Hiking",509346058,Malcolm,,San Bruno,37.6302156,-122.4538194,Entire home/apt,,3,26,1/24/25,1,19,0,7,
9.23683E+17,"Blueground | San Bruno, pool, gym, nr groceries",107434423,,,San Bruno,37.6344349,-122.421705,Entire home/apt,324,31,1,8/31/25,1,144,350,1,
9.25702E+17,3Bd 2Ba 2 story Edwardian house.,117349033,Ovays,,Daly City,37.70810699,-122.4557077,Entire home/apt,180,90,0,,,1,365,0,
9.27521E+17,Homey 1 bedroom with Pool near Stanford Hospitals,292773573,Sabine,,Redwood City,37.46262,-122.25003,Entire home/apt,,5,4,8/16/25,0.15,8,2,1,
9.27807E+17,湾区中心免费停车独立出入/最贵邮编优美峡谷氧吧好气侯/钢琴TV,259989889,Ling,,Burlingame,37.58585028,-122.3892181,Shared room,,1,4,12/8/23,0.15,7,0,0,
9.28348E+17,"Cozy 2 Bedrm Home, dog friendly small private yard",70988992,Mel,,Pacifica,37.62107,-122.48672,Entire home/apt,163,1,66,9/1/25,2.46,2,50,21,
9.31928E+17,Beautiful private guest studio,12464792,Jonathan,,Redwood City,37.47941,-122.23377,Entire home/apt,96,2,147,9/21/25,6.57,1,143,71,
9.32395E+17,You’ll feel in your own home,524735368,Oktay,,San Carlos,37.50236908,-122.261656,Entire home/apt,142,1,1,7/25/23,0.04,1,326,0,
9.32545E+17,The Master Bedroom in Foster City,372729255,Baiyuan,,Foster City,37.54881,-122.26211,Private room,95,30,2,8/25/23,0.07,1,365,0,
9.32965E+17,Cliff May Style Ranch,985427,Meredith Anne,,Hillsborough,37.55392607,-122.3706619,Entire home/apt,,30,0,,,1,0,0,
9.33289E+17,(B5) South SF - 1Bed/bath free parking SFO,225133911,Bella,,South San Francisco,37.65952599,-122.4107489,Private room,73,1,6,6/1/25,0.23,6,265,2,
9.34283E+17,Relaxing Gateway to The Bay - 3B/2BA/Parking W/D,368616861,Hui,,Unincorporated Areas,37.69377,-122.48687,Entire home/apt,251,2,31,9/1/25,1.33,5,354,14,
9.35168E+17,"Beach Oasis to Love, HalfMoonBay 538B",154896480,Yang,,Unincorporated Areas,37.5041115,-122.4700354,Entire home/apt,216,1,54,9/18/25,2.02,2,56,11,
9.35666E+17,2 Bedroom House Near Palo Alto,32878607,Wesley,,Menlo Park,37.45993621,-122.1526403,Entire home/apt,184,2,81,9/4/25,3.06,1,281,45,
9.35676E+17,Stylish Getaway: Modern Home w/ 3 Queen Beds!,520666778,Forrest,,South San Francisco,37.64002712,-122.4469098,Entire home/apt,138,1,156,9/2/25,5.9,2,119,70,
9.36993E+17,Classic 2 Double Beds,499043189,Grand Bay Hotel San Francisco,,Redwood City,37.52242298,-122.2600988,Private room,137,1,70,9/8/25,2.64,7,141,33,
9.37128E+17,9T-5 mins away from SFO in a Nice & Central area,526138045,Maggie,,San Bruno,37.63216698,-122.408618,Entire home/apt,152,1,121,9/22/25,4.6,2,305,53,
9.3931E+17,Giant Group Glamping Tent at Venture,112089094,Janelle,,Unincorporated Areas,37.21918,-122.34452,Entire home/apt,,2,0,,,10,0,0,
9.40785E+17,Beachfront California Coast Airstream_Luxury (NEW),443181856,Joseph,,Unincorporated Areas,37.36001,-122.40184,Entire home/apt,649,1,194,9/1/25,7.33,2,242,59,
9.40808E+17,Secluded Forest Oasis - Your Ultimate Retreat,481729390,Sandra,,Unincorporated Areas,37.53763,-122.49758,Entire home/apt,616,2,57,9/7/25,2.16,7,324,28,
9.40809E+17,Seaside Art Gallery Loft Inspire Your Creativity,415848557,Bella,,Unincorporated Areas,37.49531,-122.46171,Entire home/apt,179,1,81,8/31/25,3.08,5,302,37,
9.4215E+17,3W-5 mins from SFO in a Central & Quiet area,526138045,Maggie,,San Bruno,37.63255341,-122.4085793,Entire home/apt,147,1,139,9/19/25,5.29,2,316,61,
9.42891E+17,Hi-Tech Hub near Stanford,46734387,Jinyan,,East Palo Alto,37.45607,-122.12646,Private room,110,1,115,9/18/25,4.5,1,80,46,
9.44113E+17,Cozy &Baytrail Studio Close to Downtown Palo Alto,276523715,Karen,,East Palo Alto,37.46842593,-122.1330958,Entire home/apt,100,1,25,1/1/25,0.97,18,173,3,
9.44438E+17,Prime 2BR Retreat - Walk to Redwood City Downtown!,45631169,Erlinda,,Redwood City,37.4831733,-122.2224404,Entire home/apt,180,30,0,,,1,363,0,
9.44561E+17,Charming furnished studio,14913692,Dana,,Redwood City,37.47457,-122.24404,Entire home/apt,120,5,28,9/21/25,1.11,1,332,17,
9.45786E+17,Ensuite with the most spectacular View of the Bay,23267379,Joyce,,San Carlos,37.510206,-122.273785,Private room,118,2,29,8/27/25,1.11,1,143,12,
9.47866E+17,Private room near the airport.,83846122,Natallia,,South San Francisco,37.64547,-122.45526,Private room,,1,7,9/24/23,0.27,1,0,0,
9.48663E+17,New! Spacious 2/2 Condo! King bed! Supreme Locatio,509734269,Anna,,San Carlos,37.50323,-122.26621,Entire home/apt,,1,31,12/8/24,1.2,1,0,6,
9.49119E+17,Anton Menlo 1BR Getaway Near Attractions,266966519,Tigran,,Redwood City,37.48547704,-122.1845353,Entire home/apt,281,1,0,,,38,233,0,
9.4912E+17,Luxury Silicon Valley Apartment Retreat,266966519,Tigran,,Redwood City,37.48529,-122.18411,Entire home/apt,,1,0,,,38,233,0,
9.4912E+17,Contemporary 1BR Apt with High-End Amenities,266966519,Tigran,,Menlo Park,37.48539,-122.18318,Entire home/apt,,1,0,,,38,233,0,
9.49121E+17,Prime Location: 1BR Luxury Apt near Meta HQ,266966519,Tigran,,Menlo Park,37.48581281,-122.1827088,Entire home/apt,,1,0,,,38,233,0,
9.49122E+17,Anton Menlo Cozy 1BR Condo,266966519,Tigran,,Menlo Park,37.48745,-122.18302,Entire home/apt,246,1,0,,,38,233,0,
9.49122E+17,Upscale Silicon Valley Apt Retreat,266966519,Tigran,,Redwood City,37.48537,-122.18472,Entire home/apt,,1,0,,,38,233,0,
9.49123E+17,Modern 1BR Apartment with Luxe Amenities,266966519,Tigran,,Redwood City,37.4850867,-122.1834476,Entire home/apt,246,1,2,4/16/25,0.15,38,233,1,
9.49124E+17,Stylish 1BR Apt near Local Hot Spots,266966519,Tigran,,Menlo Park,37.48739241,-122.1826796,Entire home/apt,,1,0,,,38,233,0,
9.49124E+17,Anton Menlo 1BR Haven with Great Access,266966519,Tigran,,Menlo Park,37.48584,-122.18473,Entire home/apt,246,1,0,,,38,233,0,
9.49125E+17,Lavish Silicon Valley Apt with Luxury Amenities,266966519,Tigran,,Redwood City,37.48507,-122.18429,Entire home/apt,,1,0,,,38,233,0,
9.49126E+17,Anton Menlo Retreat: 1BR Near Local Hot Spots,266966519,Tigran,,Menlo Park,37.48578,-122.18444,Entire home/apt,246,1,0,,,38,233,0,
9.49126E+17,Sleek 1BR Apt with Luxury Amenities,266966519,Tigran,,Menlo Park,37.48580527,-122.1848543,Entire home/apt,,1,0,,,38,233,0,
9.49127E+17,Luxe 1BR Apartment near Meta Headquarters,266966519,Tigran,,Menlo Park,37.48717,-122.18393,Entire home/apt,281,1,0,,,38,233,0,
9.49132E+17,Contemporary 2BR Apt in Silicon Valley Area,266966519,Tigran,,Redwood City,37.48519,-122.1839,Entire home/apt,,1,0,,,38,254,0,
9.49133E+17,Luxurious 2BR Condo with Top Amenities,266966519,Tigran,,Redwood City,37.48522,-122.18307,Entire home/apt,,1,0,,,38,254,0,
9.49133E+17,Modern Silicon Valley Condo with Rooftop Lounge,266966519,Tigran,,Menlo Park,37.48671,-122.18285,Entire home/apt,302,1,2,9/14/24,0.13,38,332,0,
9.49134E+17,Menlo Park 2BR Condo Near Headquarters,266966519,Tigran,,Menlo Park,37.48591,-122.18277,Entire home/apt,,1,0,,,38,254,0,
9.49135E+17,Chic 2BR Apt in Vibrant Location,266966519,Tigran,,Menlo Park,37.48715187,-122.1825579,Entire home/apt,,1,0,,,38,254,0,
9.49135E+17,Upscale 2BR Condo with Great Amenities,266966519,Tigran,,Menlo Park,37.48743595,-122.1829376,Entire home/apt,302,1,1,5/30/25,0.25,38,332,1,
9.49136E+17,Trendy Silicon Valley Condo with Rooftop Lounge,266966519,Tigran,,Redwood City,37.48539,-122.18486,Entire home/apt,,1,0,,,38,254,0,
9.49137E+17,Menlo Park 2BR Getaway Near Corporate Offices,266966519,Tigran,,Menlo Park,37.48744,-122.18343,Entire home/apt,,1,0,,,38,254,0,
9.49138E+17,Stylish 2BR Retreat in Dynamic Locale,266966519,Tigran,,Menlo Park,37.48737,-122.18286,Entire home/apt,302,1,1,9/1/23,0.04,38,332,0,
9.49138E+17,Sleek Condo with Modern Features,266966519,Tigran,,Menlo Park,37.48596,-122.18254,Entire home/apt,302,1,1,9/22/23,0.04,38,332,0,
9.49139E+17,Menlo Park 2BR Haven Near Corporate District,266966519,Tigran,,Menlo Park,37.48665,-122.1845,Entire home/apt,,1,2,3/23/25,0.12,38,254,1,
9.4914E+17,Contemporary 2BR Escape in Lively Area,266966519,Tigran,,Redwood City,37.48507535,-122.184355,Entire home/apt,337,1,0,,,38,332,0,
9.4914E+17,Modern 2BR Condo with Rooftop Lounge,266966519,Tigran,,Menlo Park,37.48669015,-122.1846323,Entire home/apt,,1,2,7/19/24,0.12,38,254,0,
9.49141E+17,Menlo Park 2BR Retreat Near Headquarters,266966519,Tigran,,Redwood City,37.48541297,-122.1841209,Entire home/apt,,1,0,,,38,254,0,
9.49142E+17,Urban Chic 2BR Apt in Bustling Neighborhood,266966519,Tigran,,Redwood City,37.48511,-122.18437,Entire home/apt,,1,0,,,38,254,0,
9.49143E+17,Stylish Condo with Top Amenities in Vibrant Locale,266966519,Tigran,,Menlo Park,37.48559,-122.18269,Entire home/apt,,1,0,,,38,254,0,
9.49289E+17,Luxurious Executive Retreat,8501613,Olga,,Unincorporated Areas,37.43444364,-122.20666,Entire home/apt,650,30,1,11/26/23,0.04,1,269,0,
9.49332E+17,"convenient house with great view, hot tub, and gym",18522438,Haifeng,,San Mateo,37.53094,-122.30821,Entire home/apt,,60,0,,,2,0,0,
9.49732E+17,warm quiet space,184158287,Qing,,East Palo Alto,37.46471866,-122.1371101,Entire home/apt,119,1,30,8/23/25,1.15,1,309,8,
9.49824E+17,Elan Menlo Park: Inspired Living,503340076,Tigran,,Menlo Park,37.485521,-122.182909,Entire home/apt,623,1,1,8/12/23,0.04,11,191,0,
9.49825E+17,Elevate Life at Elan Menlo Park,503340076,Tigran,,Menlo Park,37.485521,-122.182909,Entire home/apt,623,1,0,,,11,191,0,
9.49826E+17,Menlo Park's Creative Retreat,503340076,Tigran,,Menlo Park,37.485521,-122.182909,Entire home/apt,,1,1,6/17/25,0.3,11,191,1,
9.49827E+17,Unwind at Elan Menlo Park,503340076,Tigran,,Menlo Park,37.485521,-122.182909,Entire home/apt,499,1,0,,,11,191,0,
9.49827E+17,Spacious 2BR Bliss at Elan Menlo Park,503340076,Tigran,,Menlo Park,37.485521,-122.182909,Entire home/apt,,1,0,,,11,0,0,
9.49828E+17,Innovate in Menlo Park's Heart,503340076,Tigran,,Menlo Park,37.485521,-122.182909,Entire home/apt,499,1,0,,,11,191,0,
9.49828E+17,2 BR Luxury Living in Menlo Park,503340076,Tigran,,Menlo Park,37.48552,-122.18291,Entire home/apt,,1,0,,,11,0,0,
9.49828E+17,Discover Luxury at Elan Menlo Park,503340076,Tigran,,Menlo Park,37.485521,-122.182909,Entire home/apt,,1,5,5/16/24,0.2,11,191,0,
9.49829E+17,Elegant 2 BR Retreat: Elan Menlo Park,503340076,Tigran,,Menlo Park,37.485521,-122.182909,Entire home/apt,,1,0,,,11,0,0,
9.49951E+17,"Great Stay! Free Breakfast, w/ Pool, Pet-Friendly",501999514,RoomPicks,,South San Francisco,37.66677,-122.39336,Hotel room,,1,0,,,36,335,0,
9.49955E+17,Affordable Getaway! Near San Francisco Zoo,501999514,RoomPicks,,South San Francisco,37.66677,-122.39336,Hotel room,,1,0,,,36,337,0,
9.49962E+17,"Prime Location! Free Breakfast, Pet-Friendly",501999514,RoomPicks,,South San Francisco,37.66677,-122.39336,Hotel room,259,1,3,8/15/25,0.24,36,336,2,
9.49965E+17,Rare Gem! Near California Academy of Sciences,501999514,RoomPicks,,South San Francisco,37.66677,-122.39336,Hotel room,,1,0,,,36,335,0,
9.49967E+17,"2 Modern Units! w/ Outdoor Pool, Free Breakfast",501999514,RoomPicks,,South San Francisco,37.66677,-122.39336,Hotel room,517,1,2,8/17/25,0.15,36,336,1,
9.49968E+17,"Rare Find! 3 Comfortable Units, Free Breakfast",501999514,RoomPicks,,South San Francisco,37.66677,-122.39336,Hotel room,,1,0,,,36,334,0,
9.50123E+17,ZZ-NEW!Spacious | Parking |Laundry | Private Patio,509346058,Malcolm,,San Bruno,37.6330704,-122.4395357,Entire home/apt,,30,2,1/31/25,0.21,19,0,2,
9.50838E+17,Fully Furnished Redwood City Apt,486655249,James,,Redwood City,37.48252,-122.22905,Entire home/apt,148,120,0,,,6,269,0,
9.51586E+17,New Setup 3 bedrooms Unit for U,530122863,XueJiao,,Daly City,37.698,-122.45871,Entire home/apt,153,1,90,8/29/25,3.47,1,228,41,
9.51623E+17,Steps from ocean bluffs & trail,530133246,Nadine,,Unincorporated Areas,37.51335756,-122.5096965,Entire home/apt,135,30,8,9/4/25,0.41,1,268,5,
9.53676E+17,A Gateway to the City by the Bay from Oyster Point,501999514,RoomPicks,,South San Francisco,37.66615,-122.39429,Hotel room,,1,0,,,36,334,0,
9.53678E+17,"Prime Location! Pets Allowed, Near Jack Drago Park",501999514,RoomPicks,,South San Francisco,37.66615,-122.39429,Hotel room,,1,0,,,36,337,0,
9.53679E+17,Vacation Starts Here! Near Brisbane Community Park,501999514,RoomPicks,,South San Francisco,37.66615,-122.39429,Hotel room,50000,1,6,7/5/25,0.5,36,330,6,
9.5368E+17,A Gateway to the City by the Bay from Oyster Point,501999514,RoomPicks,,South San Francisco,37.66615,-122.39429,Hotel room,,1,0,,,36,332,0,
9.53825E+17,California Poolside Living,12940850,Kevin,,Menlo Park,37.43584,-122.19911,Entire home/apt,946,5,2,3/22/24,0.08,6,0,0,
9.54981E+17,Coastside Getaway,307601824,Tami,,Half Moon Bay,37.4546687,-122.4386995,Entire home/apt,,2,52,9/21/25,2.21,1,1,28,
9.55169E+17,Charming Burlingame Beauty!,50334755,Carla,,Burlingame,37.5921,-122.37621,Entire home/apt,284,2,75,9/21/25,3.04,1,208,34,
9.55251E+17,The Top of The Hill Cozy Flat,3191973,Ana Melissa,,Daly City,37.707434,-122.459153,Entire home/apt,147,2,81,9/5/25,3.14,4,322,31,
9.55857E+17,Montara Loft Private Guesthouse. Walk to beach,531292519,Natalia,,Unincorporated Areas,37.5427707,-122.5099377,Entire home/apt,255,1,52,8/3/25,2.13,1,89,11,
9.55859E+17,Airstream Beach View (Dream) - New Listing,440021,Dean Byron,,Unincorporated Areas,37.36105427,-122.4007506,Entire home/apt,267,2,149,9/16/25,5.82,4,281,76,
9.57046E+17,Renovated Retreat: Your Stylish Airbnb Haven,490277740,Michelle,,Menlo Park,37.4620919,-122.1614554,Entire home/apt,,1,20,3/28/24,0.78,5,0,0,
9.57468E+17,491-Luxury Home w/ AC & Patio near Meta & Stanford,250584391,Victor 5,,Menlo Park,37.46041996,-122.1597402,Entire home/apt,396,2,49,6/15/25,1.99,35,154,21,
9.57526E+17,Chateau Bleu,531718366,Julie Ann,,San Bruno,37.6226,-122.40996,Private room,70,1,89,9/19/25,3.56,1,211,49,
9.57654E+17,"493-Grandeur Home, AC & Patio near Meta & Stanford",250584391,Victor 5,,Menlo Park,37.46213,-122.15925,Entire home/apt,299,2,40,8/18/25,1.63,35,147,17,
9.58035E+17,"Oceanview Sauna, Hot Tub & Fire Pit Serene Getaway",531858227,Alan,,Pacifica,37.63444,-122.48637,Entire home/apt,1200,2,96,9/14/25,3.97,1,232,53,
9.58116E+17,Woodside Hideaway Event Space w/1bd,31763323,Garrett,,Unincorporated Areas,37.4557537,-122.2795027,Entire home/apt,243,30,17,4/8/24,0.72,5,135,0,
9.58127E+17,Oceanfront Home in Pacifica,527100475,Grace,,Pacifica,37.59615,-122.5113,Entire home/apt,548,1,119,8/30/25,4.67,1,229,46,
9.58866E+17,Private Room Close to Caltrain & Hillsdale Mall,3084158,Christopher,,San Mateo,37.5390878,-122.2949167,Entire home/apt,113,1,43,8/31/25,1.69,1,180,22,
9.5946E+17,Quaint room in Redwood City,12880413,Alex,,Redwood City,37.4682,-122.22668,Private room,165,1,5,3/19/25,0.26,1,269,2,
9.59469E+17,Newly Renovated Beautiful &Clean 3BD 2BA Home,70081063,Shannon,,Unincorporated Areas,37.48193667,-122.2095632,Entire home/apt,,30,40,5/27/24,1.61,12,39,0,
9.59555E+17,Cozy Beautiful House | Minutes from SF & Airport,475941383,Lifestyle Estate,,Pacifica,37.65668118,-122.4878892,Entire home/apt,222,31,10,7/1/25,0.4,1,365,1,
9.59761E+17,Bungalow under the redwoods,7097982,Kim,,Unincorporated Areas,37.45282,-122.2267,Entire home/apt,171,29,1,11/23/23,0.04,1,147,0,
9.59816E+17,Modern studio apartment,54297197,James,,Unincorporated Areas,37.34243213,-122.1939484,Entire home/apt,225,2,1,11/25/23,0.04,1,98,0,
9.61713E+17,Peaceful Oasis near SFO,51422762,Aditi,,San Mateo,37.5611735,-122.2966731,Entire home/apt,,30,0,,,1,0,0,
9.62108E+17,601-Lavish Home w/ AC & Patio near Meta & Stanford,250584391,Victor 5,,Menlo Park,37.46075408,-122.1593304,Entire home/apt,313,2,39,9/14/25,1.59,35,140,21,
9.63315E+17,Sunrise Boat B&B,15047866,Michelle & Ben,,South San Francisco,37.6684,-122.39345,Private room,200,1,0,,,1,365,0,
9.63436E+17,Best Commuter Home in the Bay,28782753,Diana,,East Palo Alto,37.46810095,-122.1356805,Private room,76,3,0,,,1,87,0,
9.64109E+17,Stanford/Meta nearby 1b1b SFH,133466524,Mingming,,Unincorporated Areas,37.47295,-122.21396,Private room,48,30,0,,,1,329,0,
9.64439E+17,"Vacation Starts Here! Free Breakfast, w/ Pool",501999514,RoomPicks,,South San Francisco,37.66677,-122.39336,Hotel room,176,1,6,9/3/25,0.46,36,337,5,
9.65329E+17,Cozy 20' Airstream in Lush Garden Setting,420850134,James,,Pacifica,37.59455,-122.50794,Entire home/apt,179,30,0,,,1,270,0,
9.65443E+17,Spacious Coastside home!,515720681,Scott,,Unincorporated Areas,37.52479,-122.51317,Entire home/apt,272,2,49,8/6/25,1.95,3,139,24,
9.65887E+17,Dream Spanish-style gated home (Casita),166374107,Marcelo,,East Palo Alto,37.46875,-122.14325,Entire home/apt,263,15,5,7/1/25,0.25,1,258,1,
9.65976E+17,Home in Hillsborough,315965449,Michele,,Unincorporated Areas,37.5403,-122.3633,Entire home/apt,950,2,3,5/2/25,0.14,2,269,1,
9.67032E+17,"Central Gem, Chic Retreat: 8BR/5.5BA Large Home",228110147,Jeffrey,,Millbrae,37.60289694,-122.3922783,Entire home/apt,240,1,48,9/8/25,2.03,2,161,30,
9.67744E+17,"Scenic Retreat with A/C, Gem Close to SFO/SF/Beach",40453862,Guangchun,,Pacifica,37.59086,-122.46439,Entire home/apt,232,4,105,9/9/25,4.26,2,297,40,
9.68802E+17,Lavish Modern Home 4BR near SFO/Palo Alto/Stanford,10596244,Tracy,,Foster City,37.54531374,-122.2769883,Entire home/apt,544,2,61,8/26/25,2.7,2,206,30,
9.68896E+17,Brand New Luxury Apartment with Massage Chair,534544280,Olena,,Daly City,37.68569,-122.4926,Entire home/apt,135,1,69,9/2/25,2.79,1,282,44,
9.69173E+17,"Resort Style, Modern Home 3BR near SFO, Stanford",10596244,Tracy,,Foster City,37.54665982,-122.2787939,Entire home/apt,504,2,60,8/30/25,2.39,2,205,21,
9.70386E+17,Ocean Front Luxury Home,479233907,Cathy,,Half Moon Bay,37.4784,-122.4473,Entire home/apt,995,2,43,9/8/25,1.74,1,274,26,
9.70397E+17,Central 2 Bedroom Fast Wi-Fi & Ground Floor Access,52644526,Jeremy,,Redwood City,37.4830033,-122.2323733,Entire home/apt,132,1,19,8/10/25,0.85,1,350,8,
9.70637E+17,Cityscape Haven - Central SF Home near SFO,169087871,Hongxia,,San Bruno,37.63378629,-122.417542,Entire home/apt,219,30,11,5/3/25,0.45,2,352,3,
9.71156E+17,Furnished Room For Rent,21655421,Ysabelle,,Pacifica,37.64442206,-122.4698017,Private room,60,14,0,,,1,364,0,
9.71327E+17,Beach Airstream (Bliss) - New Listing,440021,Dean Byron,,Unincorporated Areas,37.36254,-122.4021,Entire home/apt,269,2,124,9/4/25,5.16,4,292,63,
9.71345E+17,Quiet Studio. Private Entrance. Parking.,165129487,Bo,,Unincorporated Areas,37.4018,-122.20006,Entire home/apt,75,30,11,8/25/25,0.56,1,185,7,
9.72008E+17,Cozy 1Br wt Living Rm&Full Bath,454055614,Jie Ci,,Daly City,37.69152312,-122.4734913,Entire home/apt,117,1,81,9/8/25,3.25,2,327,43,
9.7344E+17,JANE'S HOME (RA) | Central Location Priv Bath+AC 2,250217039,Emily,,East Palo Alto,37.4672477,-122.1496396,Private room,64,1,31,5/25/25,1.25,59,337,8,
9.74224E+17,Modern + Spacious 2 bed/1 bath House w/ Yard,29526177,Katharine,,San Mateo,37.53135322,-122.2992109,Entire home/apt,,14,13,5/18/25,0.56,1,7,2,
9.74968E+17,Room1 with free parking,535735822,Dehe,,Millbrae,37.60832123,-122.3916019,Private room,53,2,21,9/18/25,0.85,3,321,18,
9.74982E+17,Room 2 with free parking and accesss to backyard,535735822,Dehe,,Millbrae,37.60771,-122.3927218,Private room,61,2,47,9/11/25,1.9,3,314,31,
9.74989E+17,"Room 3, Quiet Room with free parking",535735822,Dehe,,Millbrae,37.60771,-122.3927218,Private room,54,2,16,9/6/25,0.65,3,192,15,
9.75458E+17,"Location, Views and Style",291831053,Emelinda,,Unincorporated Areas,37.50535,-122.46376,Entire home/apt,284,4,21,9/15/25,0.87,1,72,5,
9.75969E+17,The Heart of Downtown Redwood,56224018,Edgar,,Redwood City,37.4845752,-122.2222528,Entire home/apt,160,5,28,8/5/25,1.31,1,36,14,
9.77024E+17,"Newly Renovated, 10 mins to SFO 2 bedrooms 1 bath",270587799,Terrenz,,Daly City,37.6559,-122.46507,Entire home/apt,102,5,3,6/23/25,0.18,2,268,1,
9.77047E+17,Large Designer Home w/Deck Views 3br3ba+Office,23916349,Reed,,Redwood City,37.45159761,-122.2563678,Entire home/apt,,3,1,12/27/23,0.05,1,0,0,
9.77543E+17,Designer Cottage in San Mateo,204460409,Dorothy,,San Mateo,37.57298005,-122.3434213,Entire home/apt,119,28,4,5/11/25,0.25,1,170,2,
9.77568E+17,Quiet Waves,234183999,Ahmed,,Foster City,37.56140536,-122.2493101,Entire home/apt,,1,0,,,1,0,0,
9.77621E+17,Luxury Beach House near Downtown Main Street,65822963,Rich,,Half Moon Bay,37.46311,-122.44288,Entire home/apt,700,3,20,7/12/25,0.84,1,194,10,
9.77689E+17,Elegant 1Bd/1Bth Condo Near SF & SFO + Amenities!,32927771,Christopher,,San Bruno,37.63266,-122.42958,Entire home/apt,,1,15,6/29/25,0.61,1,0,2,
9.78215E+17,Updated Lux Mid-Century Modern Home 0.5mi to Beach,536544004,Wayne,,Pacifica,37.64401,-122.48707,Entire home/apt,343,1,97,8/24/25,3.95,1,83,34,
9.7925E+17,Bay Area home-24 Mi to San Fran!,17944898,Kelly,,San Mateo,37.5152527,-122.3296249,Entire home/apt,795,3,21,8/18/25,0.94,1,41,8,
9.79464E+17,@ Marbella Lane - Modern 3BR Home w/ Ocean Views,243785112,Yakun,,Pacifica,37.64908,-122.4806,Entire home/apt,328,1,50,9/10/25,2.14,2,343,32,
9.79747E+17,Luxury Living in Menlo Park!,1685982,Samara,,Menlo Park,37.45466,-122.18491,Entire home/apt,203,3,5,7/6/25,0.34,1,24,4,
9.80637E+17,"SFO | Modern Central Gem | 4BD/3BA, 1 min to BART",245442039,Gene,,Millbrae,37.59562901,-122.387227,Entire home/apt,126,1,71,9/9/25,2.97,9,4,37,
9.82241E+17,"Casa Luna | Designer Condo, Walk to Downtown RWC",532779231,Kimberly,,Redwood City,37.4816141,-122.2342511,Entire home/apt,160,60,6,5/14/25,0.33,1,211,3,
9.84284E+17,Cozy Half Moon Bay with Mountain and Oceanview,421166119,Randy,,Unincorporated Areas,37.51342,-122.46259,Entire home/apt,410,3,29,9/1/25,1.72,1,165,15,
9.85717E+17,"Cabin w/sauna in redwoods, beach",168406313,Wendy,,Unincorporated Areas,37.25523,-122.32024,Entire home/apt,,30,7,3/15/24,0.29,1,0,0,
9.86328E+17,Private Bedroom and bathroom in Law Unit !,17417946,Ria,,Redwood City,37.468736,-122.2457358,Private room,79,1,97,9/22/25,4.72,1,196,40,
9.86506E+17,Stunning Views by the Bay 2BR,519990714,Philipp,,Brisbane,37.6785868,-122.4010874,Entire home/apt,215,2,64,8/23/25,2.8,2,331,29,
9.86744E+17,Spacious Sunny Commuter's Haven,17973020,Iman,,Redwood City,37.48088553,-122.2334071,Private room,74,2,9,6/1/25,0.37,7,250,4,
9.87179E+17,Guesthouse by Mills Canyon,44799882,Matt,,Unincorporated Areas,37.57842629,-122.3895668,Entire home/apt,200,2,2,4/24/25,0.38,5,263,2,
9.87219E+17,"Nice, quiet, clean & convenient",55457391,Patty,,South San Francisco,37.66039,-122.43675,Private room,73,30,0,,,1,365,0,
9.87287E+17,Lux newly built room near SF!,43546317,Henry,,Daly City,37.70451274,-122.4330975,Private room,83,1,12,5/19/25,0.55,9,259,2,
9.87317E+17,Lux comfy private room near SF!,43546317,Henry,,Daly City,37.70490629,-122.4311999,Private room,84,1,19,6/1/25,0.78,9,259,10,
9.87849E+17,Sunny modern room - short walk to Caltrain,17973020,Iman,,Redwood City,37.48197241,-122.2317435,Private room,73,2,12,5/2/25,0.49,7,263,4,
9.88578E+17,Spacious 1BR | Perfect for Long-Term Stays,163094435,Robert,,Burlingame,37.5901659,-122.3871469,Entire home/apt,145,30,11,4/11/25,0.48,1,92,4,
9.88645E+17,Clean and Modern Space,47126820,Skye,,Redwood City,37.53764787,-122.2524905,Private room,225,1,1,2/29/24,0.05,1,248,0,
9.8868E+17,Classic King Bed at Grand Bay Hotel San Francisco,499043189,Grand Bay Hotel San Francisco,,Redwood City,37.52239,-122.26048,Private room,130,1,236,9/7/25,9.74,7,162,65,
9.89315E+17,2 Bdrms-3 Bds-4 ppl-SFO-SilValley-Private-Hot Tub,8946284,Kevin,,San Mateo,37.52243522,-122.3062102,Entire home/apt,202,1,30,8/23/25,1.24,2,65,19,
9.90685E+17,The Cottage Away From Home,539432414,Tomi,,Menlo Park,37.4786477,-122.1612698,Entire home/apt,260,1,0,,,1,269,0,
9.9076E+17,Glamping Under The Stars in Private Redwood Grove,1205988,Meghan,,Unincorporated Areas,37.3834957,-122.2716693,Entire home/apt,233,1,162,9/21/25,6.97,1,210,51,
9.91385E+17,Contemporary Coastal dream home!,539579772,Shashi,,Unincorporated Areas,37.50227,-122.46616,Entire home/apt,393,2,21,9/1/25,0.92,1,85,9,
9.91493E+17,"Spacious, Clean & Comfortbale Vallemar Home!",83977952,Marjorie,,Pacifica,37.61269,-122.47756,Entire home/apt,266,1,103,8/29/25,4.7,2,316,48,
9.91657E+17,Picturesque. Private. Peaceful,6091099,Daljeet,,Portola Valley,37.36807117,-122.2153991,Entire home/apt,298,14,2,12/21/24,0.11,1,188,1,
9.92163E+17,Classy 2B2B Ground Unit near Millbrae Downtown 610,250584391,Victor 5,,Millbrae,37.59821,-122.39619,Entire home/apt,155,2,69,9/18/25,3.02,35,140,31,
9.9272E+17,Spacious Modern Bedroom,463154839,Aniruddha,,San Mateo,37.52827,-122.29649,Private room,62,5,5,6/2/25,0.21,1,203,2,
9.93542E+17,Chic Coast Bungalow Near Beaches,4808918,Rebecca,,Unincorporated Areas,37.50621106,-122.4775337,Entire home/apt,387,2,10,7/27/25,0.44,1,138,4,
9.94161E+17,"Cozy 3 Bedroom home, Ocean View, Walk to Beach",342909710,Dan,,Unincorporated Areas,37.5062279,-122.4687717,Entire home/apt,293,3,41,9/4/25,1.77,2,139,19,
9.94233E+17,Furnished Bedroom with private bathroom,49305794,Umi,,San Carlos,37.48045885,-122.2858885,Private room,83,2,1,4/6/25,0.17,1,85,1,
9.94276E+17,全新裝修的2B/1B靠近SFO機場,378727622,Angela,,Daly City,37.69046,-122.46082,Entire home/apt,143,1,40,8/31/25,1.7,4,189,12,
9.95213E+17,Spacious 4BR/3BA | Business & Family Friendly| SFO,759923,Meggie,,San Bruno,37.62590587,-122.4170507,Entire home/apt,,1,22,8/25/25,0.95,1,0,7,
9.96001E+17,位于硅谷宇宙中心Atherton的美屋主卧室,83197933,Huirong,,Atherton,37.4646653,-122.2066899,Private room,108,2,14,1/16/25,0.72,6,259,3,
9.96724E+17,Holiday House in Sharon Park,540737866,Fuping,,Menlo Park,37.43029242,-122.2151553,Entire home/apt,986,2,15,9/2/25,0.64,1,160,9,
9.97244E+17,Private Bedroom B - Near downtown San Mateo - CYP,85048744,Sky,,San Mateo,37.57508839,-122.3141616,Private room,70,30,2,5/18/24,0.11,24,162,0,
9.97954E+17,Serene Getaway in El Granada area of Half Moon Bay,414601654,Lynn,,Unincorporated Areas,37.50692615,-122.4657392,Entire home/apt,599,2,24,9/8/25,1.05,1,44,12,
9.98036E+17,497-Upscale Home w/AC & Patio near Meta & Stanford,250584391,Victor 5,,Menlo Park,37.46228,-122.16116,Entire home/apt,299,2,34,9/9/25,1.45,35,140,20,
9.98679E+17,Stylish 3BR/2BA House with Laundry & Parking,2967993,Carmen,,Daly City,37.67395187,-122.4845223,Entire home/apt,347,2,126,8/20/25,5.3,1,251,41,
9.99311E+17,Private Bedroom C - near downtown San Mateo - CYP,85048744,Sky,,San Mateo,37.57608921,-122.3121108,Private room,70,30,2,5/17/24,0.1,24,138,0,
9.99324E+17,Private Bedroom & Bath E in San Mateo - CYP,85048744,Sky,,San Mateo,37.57701496,-122.3129221,Private room,115,30,3,8/11/25,0.17,24,319,2,
9.99374E+17,Modern Studio with Kitchen Close to it All!,4898880,Allison,,San Carlos,37.4989929,-122.257612,Entire home/apt,131,30,12,9/7/25,0.59,1,219,5,
9.99517E+17,"Relaxing stay:near airport,private bath &all yours",489832481,Graziela,,South San Francisco,37.64200184,-122.4484094,Private room,,1,3,11/11/24,0.13,1,0,1,
1.00007E+18,Cozy Home in San Mateo 5 bedrooms-3 Baths - CYP,85048744,Sky,,San Mateo,37.57661,-122.31266,Entire home/apt,300,30,2,10/1/24,0.15,24,56,1,
1.00076E+18,2BD/1BA Apartment in San Bruno,74667158,Winnie,,San Bruno,37.63090956,-122.4155199,Entire home/apt,,1,1,11/17/23,0.04,2,0,0,
1.00082E+18,Sunny bedroom,66385869,Bobby,,East Palo Alto,37.48041637,-122.1333356,Private room,75,30,1,1/20/25,0.12,3,121,1,
1.00107E+18,Salada by the Sea,149136333,Glen,,Pacifica,37.63552,-122.4926,Entire home/apt,220,30,1,12/1/24,0.1,2,176,1,
1.00246E+18,Quiet Cottage Studio in Menlo Pk,19604086,Carter,,Unincorporated Areas,37.47481749,-122.1931241,Entire home/apt,71,14,15,8/16/25,0.66,1,280,5,
1.00356E+18,2381 Newly remodeled 5B4B House Stanford/ Meta,4924943,Diana,,East Palo Alto,37.47047,-122.14781,Entire home/apt,348,3,4,5/18/25,0.22,3,240,3,
1.00513E+18,Close to Costaños Canyon Park! Pets Allowed!,501999514,RoomPicks,,South San Francisco,37.66615,-122.39429,Hotel room,,1,0,,,36,332,0,
1.00513E+18,"Located Close to Jack Drago Park, Pet-friendly!",501999514,RoomPicks,,South San Francisco,37.66615,-122.39429,Entire home/apt,168,1,3,9/22/25,0.92,36,335,3,
1.00514E+18,"Great Value, Quality Stay! Pet-friendly Property!",501999514,RoomPicks,,South San Francisco,37.66615,-122.39429,Hotel room,,1,1,12/26/23,0.05,36,337,0,
1.0067E+18,ADU studio unit in a 2/3 acre Spanish mansion,58028335,Mehrdad,,Atherton,37.4714356,-122.1902361,Entire home/apt,152,1,75,9/23/25,3.45,2,337,66,
1.0079E+18,Cozy One-Bedroom Coastal Retreat,342909710,Dan,,Unincorporated Areas,37.50723927,-122.4675596,Entire home/apt,128,2,78,9/21/25,3.47,2,161,36,
1.008E+18,Modern & Bright 2 level GS - Close to SFO,40082984,Karla,,Millbrae,37.61161136,-122.4042298,Entire home/apt,150,1,81,9/17/25,6.36,1,306,76,
1.00832E+18,"Master bedroom, in a spacious house",17973020,Iman,,Redwood City,37.48052,-122.23216,Private room,87,2,5,8/16/24,0.21,7,263,0,
1.00834E+18,Private cozy room in a spacious house,17973020,Iman,,Redwood City,37.48241848,-122.2320555,Private room,81,1,8,6/29/25,0.36,7,266,2,
1.00835E+18,Spacious Sunny room with a private entrance,17973020,Iman,,Redwood City,37.48118284,-122.2339558,Private room,84,4,4,8/17/24,0.17,7,220,0,
1.00867E+18,"Modern Central 4BD/2.5Bath Home Near SF, SFO!",118256004,Kristina,,South San Francisco,37.66642,-122.40719,Entire home/apt,211,2,80,9/14/25,3.42,3,222,42,
1.00868E+18,Entire 2 bedroom house w/parking near SFO,37692454,Yixuan,,San Bruno,37.63061187,-122.4166632,Entire home/apt,175,1,101,9/13/25,4.65,1,36,39,
1.009E+18,Relaxing Home With SF Bay View,543202326,David,,Millbrae,37.59528869,-122.4106227,Entire home/apt,152,2,34,9/18/25,1.47,1,325,15,
1.00953E+18,Sunny cozy room near Meta HQ,66385869,Bobby,,East Palo Alto,37.47850819,-122.1348965,Private room,87,30,4,7/31/24,0.21,3,279,0,
1.00974E+18,Sea Barn•Family Beach Home•Surf•Bike•Trampoline,977618,Mihajlo,,Unincorporated Areas,37.52903347,-122.5101304,Entire home/apt,252,2,118,9/22/25,5.19,2,280,61,
1.01011E+18,"Relaxing Hideaway! Spacious Unit, Pets Allowed!",501999514,RoomPicks,,South San Francisco,37.66615,-122.39429,Hotel room,,1,0,,,36,337,0,
1.01011E+18,"Quick Escape! Pet-friendly Unit, Onsite Parking",501999514,RoomPicks,,South San Francisco,37.66615,-122.39429,Hotel room,,1,0,,,36,329,0,
1.01015E+18,Large Modern 2 bedrooms 1 bath close SFO City,211757673,Tan,,Daly City,37.6565387,-122.4658647,Entire home/apt,108,31,2,7/20/24,0.12,3,174,0,
1.01032E+18,Secluded Home with Views,211757673,Tan,,Daly City,37.6565387,-122.4658647,Entire home/apt,332,30,2,6/23/25,0.24,3,246,2,
1.01052E+18,NEW Stunning Views in Cute Home!,86607023,Sabrina,,Belmont,37.51312695,-122.3025036,Entire home/apt,,4,0,,,1,0,0,
1.01146E+18,Jane's Home (AZ) | Central Location Room - B,250217039,Emily,,East Palo Alto,37.45701301,-122.125706,Private room,71,1,12,1/17/25,0.52,59,363,3,
1.01147E+18,Jane's Home (AZ) | Central Location Room - C,250217039,Emily,,East Palo Alto,37.4579,-122.12521,Private room,35,1,0,,,59,265,0,
1.01147E+18,"Blueground | Menlo Park, a/c & w/d, nr tech",107434423,,,Menlo Park,37.4494316,-122.1808062,Entire home/apt,493,31,0,,,144,114,0,
1.01176E+18,Cozy 2 bedroom Home near SFO,46795559,Wei,,San Bruno,37.62069434,-122.4077869,Entire home/apt,250,30,5,8/1/24,0.22,2,196,0,
1.01392E+18,Rent room,504516523,Juan,,Redwood City,37.47221,-122.22579,Private room,,1,2,12/6/23,0.09,1,0,0,
1.01559E+18,Beautiful Affordable 6BR 5Bath Home Near SFO,499104087,Sharon,,South San Francisco,37.65774,-122.41785,Entire home/apt,572,1,2,2/18/25,0.16,26,240,1,
1.01597E+18,"Two Family-friendly Units, Pets are Welcome!",501999514,RoomPicks,,South San Francisco,37.66615,-122.39429,Hotel room,50000,1,2,7/7/24,0.13,36,334,0,
1.01597E+18,Enjoyable Trip! Spacious and Pet-friendly Unit!,501999514,RoomPicks,,South San Francisco,37.66615,-122.39429,Hotel room,,1,0,,,36,334,0,
1.01634E+18,SanMateo Cozy Central 3B1b home/Garage parking AC,520165046,Ximing,,San Mateo,37.5707069,-122.3171514,Entire home/apt,201,1,51,9/21/25,2.25,1,318,34,
1.01657E+18,Modern Design • WFH • King Bed for Longer Stays,115109717,Anthony & Ava,,San Mateo,37.52912051,-122.2946735,Private room,87,30,7,7/18/25,0.31,2,92,4,
1.017E+18,Appartement in Luxury Residence,37361885,Alix,,Menlo Park,37.4553078,-122.1839125,Entire home/apt,,3,1,12/16/23,0.05,1,0,0,
1.01742E+18,Designer Cozy Retreat: New & Premium,25011967,Meng,,East Palo Alto,37.45528,-122.12537,Entire home/apt,154,10,23,9/4/25,1.1,2,242,10,
1.01826E+18,Spacious Living in San Francisco,21662834,Brian,,Daly City,37.70829,-122.41503,Entire home/apt,452,2,44,8/24/25,1.95,1,310,16,
1.01844E+18,Inviting Bungalow in the Heart of Silicon Valley,545135634,Kris,,Menlo Park,37.47752529,-122.1836833,Entire home/apt,,1,68,8/3/25,2.97,1,0,29,
1.0185E+18,YieldMax (GU) | Spacious Bedroom +Private Bath+AC,250217039,Emily,,Foster City,37.5652,-122.25538,Private room,225,30,3,11/18/24,0.18,59,359,2,
1.01894E+18,Pretty Studio with private bathroom in SFF,499104087,Sharon,,South San Francisco,37.6577396,-122.4178536,Private room,55,1,4,4/24/25,0.2,26,328,3,
1.01907E+18,Gorgeous New and Cozy Unit.,38409316,Damoun,,San Carlos,37.49535133,-122.2657436,Entire home/apt,,7,1,12/23/23,0.05,1,0,0,
1.01955E+18,Comfy 1 bedroom close to Stanford Hospitals,292773573,Sabine,,Redwood City,37.46416904,-122.248757,Entire home/apt,,21,6,9/22/24,0.3,8,0,0,
1.01969E+18,Clean & Cozy Vallemar Retreat!,83977952,Marjorie,,Pacifica,37.61406,-122.47806,Entire home/apt,129,1,97,8/22/25,4.6,2,350,45,
1.01976E+18,Spacious 3BR Home with Bay Views in Foster City,519990714,Philipp,,Foster City,37.571202,-122.2595964,Entire home/apt,300,1,21,7/25/25,0.96,2,361,11,
1.02052E+18,Spacious and bright 2 bed/1bath,39178549,Soraya,,East Palo Alto,37.46890967,-122.1356112,Entire home/apt,150,10,0,,,3,365,0,
1.02136E+18,Gated and safe 2 bedroom 2 bath house near SFO,179270410,Q,,Unincorporated Areas,37.64330826,-122.4293812,Entire home/apt,138,2,22,9/18/25,1.04,2,307,10,
1.02142E+18,Massive Themed 5BR w/ Game Room/Hot Tub/Pool Table,545827676,Billy,,Pacifica,37.65867,-122.47992,Entire home/apt,316,2,103,8/29/25,4.86,1,76,64,
1.0215E+18,"Blueground | Menlo Park, parking & a/c, nr dining",107434423,,,Menlo Park,37.44943,-122.18081,Entire home/apt,447,31,1,8/30/25,1,144,201,1,
1.02357E+18,Oceanview Beach Home Walk to Beach Trails Food,415848557,Bella,,Unincorporated Areas,37.54709,-122.51265,Entire home/apt,,1,68,8/30/25,3.11,5,326,24,
1.02423E+18,Comfy 1b apt in RC near Stanford,34114199,May,,Redwood City,37.47506456,-122.2296837,Entire home/apt,,30,7,3/8/25,0.33,4,9,2,
1.02468E+18,"Family-friendly Choice! 2 Units, Pets Allowed!",501999514,RoomPicks,,South San Francisco,37.66615,-122.39429,Hotel room,50000,1,55,8/30/25,2.59,36,334,16,
1.02501E+18,Beach Retreat 2B1B • Free Parking • 15m to SF/SFO,220760679,Arlene,,Pacifica,37.63446301,-122.491434,Entire home/apt,200,2,86,9/13/25,3.85,9,345,45,
1.02713E+18,KING BED | Fully Furnished Luxury Condo Gym & Pool,316641588,Jarelle,,Menlo Park,37.48705,-122.18341,Entire home/apt,300,28,9,2/28/25,0.4,6,345,3,
1.02776E+18,1- Beautiful Private Room Near SFO,105174137,Mocen,,Daly City,37.69097249,-122.490702,Private room,69,1,40,8/14/25,1.8,2,264,20,
1.02785E+18,UrbanChic1BR Private Entry Haven,121209867,Jose,,South San Francisco,37.66493952,-122.4112309,Private room,,1,1,11/23/23,0.04,1,0,0,
1.02955E+18,Lux Urban Oasis near SFSU/Airport/BART and shops,434941835,Elinoemi Curimao,,Daly City,37.70469564,-122.4767017,Entire home/apt,272,2,63,9/14/25,2.95,2,21,32,
1.02987E+18,Sleeps 16! Oceanside 5bd/2.5ba 15 min to SF,266814071,Jaime,,Daly City,37.66439,-122.49324,Entire home/apt,223,2,20,9/7/25,0.93,5,173,12,
1.03E+18,Stylish Private Guest Suite Near SF and SFO,32980291,Larry,,San Bruno,37.62439261,-122.4306592,Entire home/apt,79,1,166,9/13/25,7.65,1,146,87,
1.03048E+18,Luxury Master room with private bath near SF!,43546317,Henry,,Daly City,37.70494,-122.43109,Private room,100,1,11,10/12/24,0.51,9,259,1,
1.03256E+18,Modern Coastal 2B1B • Walk to Pier • Free Parking,220760679,Arlene,,Pacifica,37.63404161,-122.492561,Entire home/apt,185,2,105,9/22/25,4.96,9,319,51,
1.03339E+18,Connie's Perch - Attached Apt.,30076517,Connie,,Unincorporated Areas,37.4562569,-122.2242864,Private room,150,1,22,9/19/25,1,1,236,5,
1.03469E+18,"Blueground | Menlo Park, patio & garage, nr dining",107434423,,,Menlo Park,37.4567972,-122.187365,Entire home/apt,528,31,0,,,144,360,0,
1.03469E+18,"Blueground | Foster City, pool & balcony, nr parks",107434423,,,Foster City,37.5647,-122.250773,Entire home/apt,424,31,0,,,144,237,0,
1.03484E+18,Apartment w hot tub / forest & ocean view,485238530,Sana,,Unincorporated Areas,37.4549354,-122.3413669,Entire home/apt,168,1,113,8/29/25,5.42,4,63,65,
1.03534E+18,"Blueground | Menlo Park, balcony & garden, nr shop",107434423,,,Menlo Park,37.46788,-122.15637,Entire home/apt,485,31,0,,,144,128,0,
1.03592E+18,"Blueground | Menlo Park, pool + patio, nr schools",107434423,,,Menlo Park,37.4248841,-122.2008994,Entire home/apt,445,31,0,,,144,100,0,
1.03692E+18,Retreat Home near Menlo Park/Palo Alto,145368875,Ying,,Menlo Park,37.45493,-122.1642,Entire home/apt,650,2,10,9/19/25,0.68,2,214,8,
1.03889E+18,"Blueground | Redwood City, balcony, nr outdoor fun",107434423,,,Redwood City,37.4957833,-122.2228039,Entire home/apt,,31,0,,,144,75,0,
1.03929E+18,Beautiful House in Heart of RWC,17973020,Iman,,Redwood City,37.48242686,-122.2322277,Entire home/apt,322,1,5,1/29/25,0.24,7,235,3,
1.0394E+18,Cozy Central RC 1b near Stanford,34114199,May,,Redwood City,37.47413,-122.22906,Entire home/apt,,30,6,3/5/25,0.32,4,0,2,
1.04003E+18,Room in a great spot near SF,22252358,Mike,,Daly City,37.6660412,-122.464178,Private room,41,30,1,4/23/24,0.06,3,181,0,
1.04115E+18,The escape room - very private.,340859839,John,,South San Francisco,37.64085,-122.44656,Private room,43,30,2,9/6/25,0.58,1,86,2,
1.04125E+18,2 Luxury Townhouses near Meta & Stanford - 493|497,250584391,Victor 5,,Menlo Park,37.46009,-122.16013,Entire home/apt,596,2,18,9/2/25,0.87,35,139,13,
1.04238E+18,beautiful and cozy,429179226,Gita,,San Mateo,37.52742085,-122.3007716,Entire home/apt,300,1,0,,,1,269,0,
1.04242E+18,Casa privado room,66385869,Bobby,,East Palo Alto,37.48058,-122.13516,Private room,87,30,6,8/10/25,0.43,3,322,4,
1.04277E+18,Private Bedroom&Bathroom near SF,492767148,Lara,,Daly City,37.70295,-122.48338,Private room,,1,4,2/8/25,0.26,2,0,1,
1.044E+18,"Blueground | Menlo Park, yard, nr trail & shuttle",107434423,,,Menlo Park,37.4784412,-122.1597405,Entire home/apt,464,31,0,,,144,278,0,
1.044E+18,"Blueground | Menlo Park, garage, yard, patio & a/c",107434423,,,Menlo Park,37.4673,-122.15391,Entire home/apt,492,31,0,,,144,365,0,
1.04456E+18,Nice RWC Apt Downtown/Stanford,34114199,May,,Redwood City,37.47449,-122.22917,Entire home/apt,,30,4,12/15/24,0.22,4,0,1,
1.04551E+18,"Blueground | Menlo Park, outdoor area, nr food",107434423,,,Menlo Park,37.4601295,-122.1614112,Entire home/apt,,31,1,7/2/25,0.35,144,112,1,
1.04553E+18,"Blueground | Redwood City, patio, nr food & trails",107434423,,,Redwood City,37.490924,-122.231334,Entire home/apt,553,31,0,,,144,280,0,
1.04554E+18,"Blueground | San Carlos, balcony, nr cafes & food",107434423,,,San Carlos,37.5023585,-122.2554852,Entire home/apt,300,31,0,,,144,248,0,
1.04558E+18,Upscale 1BR | Free Parking | Gym,163251048,Global Luxury,,Menlo Park,37.48627,-122.18354,Entire home/apt,310,1,1,10/3/24,0.08,6,365,1,
1.04558E+18,Spacious & Sunny 1BR in Menlo Park!,163251048,Global Luxury,,Menlo Park,37.48627,-122.18354,Entire home/apt,,1,1,5/30/24,0.06,6,365,0,
1.0459E+18,Coastal Oasis Retreat - Ocean Views | Entire House,550575176,Wendy,,Pacifica,37.64994,-122.47952,Entire home/apt,291,1,36,9/6/25,1.82,1,144,21,
1.04639E+18,"Blueground | San Mateo, parking & a/c, nr shops",107434423,,,San Mateo,37.5416519,-122.2960777,Entire home/apt,497,31,0,,,144,25,0,
1.04808E+18,New 5BD/4BA 10 min to SFO SF,44539810,Evelyn & Kevin,,Daly City,37.65150235,-122.4614501,Entire home/apt,357,2,84,8/19/25,4.12,1,189,38,
1.04817E+18,Jane's Home (BO) | Vaulted Ceiling Private Room -2,250217039,Emily,,San Mateo,37.56159294,-122.2967803,Private room,120,1,10,8/13/25,0.53,59,341,6,
1.04849E+18,"Modern, clean, good-vibes room",10769869,Diksha,,San Mateo,37.53712,-122.29169,Private room,102,3,6,5/16/25,0.3,1,172,4,
1.04933E+18,Charming Retreat 2 BR Main House in SFO/Bay Area,551553892,Anthony,,San Bruno,37.61398,-122.41532,Entire home/apt,172,1,109,9/9/25,5.33,1,210,48,
1.04967E+18,A wee island of sanity,523945337,Robert,,Belmont,37.51974885,-122.2795473,Entire home/apt,70,29,1,2/11/24,0.05,1,85,0,
1.04987E+18,"Blueground | Menlo Park, patio & yard, nr hikes",107434423,,,Menlo Park,37.4769492,-122.1556894,Entire home/apt,404,31,0,,,144,365,0,
1.05011E+18,Modern and homey near SFO,110662825,Gaby,,Brisbane,37.68437845,-122.4024045,Entire home/apt,251,30,12,5/18/25,0.56,1,243,1,
1.05128E+18,"Blueground | San Carlos, w/d, walk to dining",107434423,,,San Carlos,37.5023585,-122.2554852,Entire home/apt,378,31,0,,,144,237,0,
1.05128E+18,"Blueground | Foster City, yard, near parks & shops",107434423,,,Foster City,37.5437122,-122.2742187,Entire home/apt,481,31,0,,,144,290,0,
1.05183E+18,Lux Entire Suite w/t 3 rms&2 bas,43546317,Henry,,Daly City,37.70524,-122.43085,Entire home/apt,259,1,20,8/8/25,0.95,9,78,15,
1.05219E+18,Cozy 2 BR in Menlo Park near Palo Alto,95459395,Bluebird,,Menlo Park,37.48627,-122.18354,Entire home/apt,510,1,5,9/1/25,0.35,9,261,3,
1.05307E+18,"Safe Room with Bathroom near Stanford, man only",410554145,Diana,,Unincorporated Areas,37.41940719,-122.1911395,Private room,110,30,3,9/17/25,0.2,5,88,2,
1.05616E+18,Walk to Beach - Remodeled Coastal Home Safe Town,451579964,Bella,,Pacifica,37.59540583,-122.5000054,Entire home/apt,177,2,107,9/14/25,5.96,2,211,63,
1.0568E+18,20% OFF! Chic Home with Expansive Backyard,546875118,Xiaobin,,San Mateo,37.56983288,-122.3078759,Entire home/apt,177,1,33,9/6/25,1.56,2,220,20,
1.05721E+18,Spacious 1BR | Perfect for medical stays,95459395,Bluebird,,Menlo Park,37.48627,-122.18354,Entire home/apt,310,1,1,9/20/24,0.08,9,365,0,
1.05745E+18,2bd/2ba + loft townhouse close to Stanford,57691474,Nancy,,Menlo Park,37.4236,-122.22176,Entire home/apt,195,150,0,,,1,269,0,
1.05862E+18,Luxurious guest house,86417147,Shereen,,South San Francisco,37.66828357,-122.4160982,Entire home/apt,320,1,1,8/19/24,0.07,1,287,0,
1.05881E+18,San Mateo Retreat,432032302,Hea Young,,San Mateo,37.57268689,-122.331733,Private room,73,1,0,,,1,79,0,
1.05946E+18,Private Tranquil Retreat with Stunning Views,26693139,Hamed,,Unincorporated Areas,37.49271,-122.28103,Entire home/apt,276,3,29,8/16/25,1.38,1,241,9,
1.05986E+18,Just minutes away from SFO! Newly renovated!,398995861,Camellia,,South San Francisco,37.64045834,-122.4314428,Entire home/apt,141,1,44,9/23/25,6.35,1,349,44,
1.0602E+18,Oceanview 3 bed - next to beach/SF,5390769,Gennadiy,,Daly City,37.68208,-122.4908,Entire home/apt,,30,60,8/10/25,3.15,2,0,20,
1.06096E+18,New 2bd/1ba w/ ocean views!,5241283,William,,Daly City,37.66481701,-122.4909704,Private room,,3,10,10/3/24,0.67,4,0,1,
1.06096E+18,Hilltop Luxury Panoramic Views,70081063,Shannon,,South San Francisco,37.66121,-122.41392,Entire home/apt,409,1,176,9/23/25,8.38,12,275,94,
1.06099E+18,South San Francisco 2 bd 1 ba,553016022,Alexander,,South San Francisco,37.657776,-122.4210766,Entire home/apt,126,30,1,8/28/25,1,1,316,1,
1.06392E+18,Cond-Oasis in Daly City,88367415,Jocelyn,,Daly City,37.66905,-122.4642,Entire home/apt,310,30,1,5/31/25,0.25,1,264,1,
1.0646E+18,Room Great Safe location,22252358,Mike,,Daly City,37.66667,-122.46317,Private room,42,30,4,7/11/25,0.33,3,261,4,
1.06496E+18,小王子房,378727622,Angela,,Daly City,37.69145,-122.45875,Private room,63,3,11,9/6/25,0.53,4,90,1,
1.06496E+18,小公主房,378727622,Angela,,Daly City,37.6901903,-122.458463,Private room,63,3,7,8/17/25,0.38,4,76,3,
1.06533E+18,"Minutes to Ocean! Cozy 4Q/1.5BA, 15 min to SF",266814071,Jaime,,Daly City,37.66683838,-122.4949902,Entire home/apt,88,1,75,9/2/25,3.64,5,3,37,
1.06556E+18,Cozy Redwood City Guesthouse,34303787,Suril,,Unincorporated Areas,37.47226568,-122.2081209,Entire home/apt,111,31,11,8/19/24,0.54,1,88,0,
1.06595E+18,陽光房,378727622,Angela,,Daly City,37.69033,-122.4605,Private room,59,4,5,7/22/25,0.3,4,90,2,
1.06616E+18,Private Condo |Beautiful view|  2BD/1BA,16145372,Jeffrey Yufu,,Brisbane,37.69672,-122.41279,Entire home/apt,75,1,86,9/8/25,4.22,1,194,48,
1.06625E+18,Excellent 1-Bed Unit in Redwood,261023778,Karen,,Redwood City,37.4852169,-122.2222603,Entire home/apt,95,4,7,8/28/25,0.44,1,141,6,
1.06704E+18,Nice and tranquil house 7 mins away from SFO,546875118,Xiaobin,,San Mateo,37.57023934,-122.304227,Entire home/apt,171,1,70,9/5/25,3.65,2,201,44,
1.06726E+18,"Blueground | South SF, balcony & yard, near shops",107434423,,,South San Francisco,37.6575923,-122.4221052,Entire home/apt,382,31,0,,,144,222,0,
1.06978E+18,"Stunning 3BR: Pool Table, Arcades, Chic Comfort",554322849,Taylor,,South San Francisco,37.64872,-122.45811,Entire home/apt,214,2,67,9/9/25,3.97,4,67,48,
1.07052E+18,Guesthouse in woodside -,10797298,Leili,,Woodside,37.43934119,-122.2320308,Entire home/apt,238,4,19,8/14/25,0.93,2,281,9,
1.0708E+18,Garden Ocean view Apartment,62572744,Paul,,Daly City,37.68468227,-122.4936984,Entire home/apt,188,3,43,9/6/25,2.32,1,119,25,
1.07121E+18,"Home in Atherton, Menlo Park",556209923,Feng,,Atherton,37.4709,-122.19488,Entire home/apt,558,3,18,9/14/25,0.93,2,51,10,
1.0718E+18,'Little House By the Sea': Steps to Surfers Beach!,126644773,Evolve,,Unincorporated Areas,37.50374,-122.4695,Entire home/apt,165,30,2,7/14/25,0.23,8,252,2,
1.0726E+18,Stylish & artistic bedroom in a modern boho home,31943449,Yingtong,,Unincorporated Areas,37.46941,-122.2091,Private room,,30,9,6/11/25,0.44,3,0,2,
1.07272E+18,Cozy Private Bed and Bath,21402617,Si Hong,,South San Francisco,37.6457156,-122.4256888,Private room,75,14,2,8/25/24,0.11,1,142,0,
1.07284E+18,Entire 2 brms Lux suite near SF!,43546317,Henry,,Daly City,37.70533,-122.4309,Entire home/apt,166,1,22,6/8/25,1.09,9,347,14,
1.07286E+18,3B ACHome /Parking/WIFI fully Fenced Yard /Jacuzzi,521166003,Chai,,San Mateo,37.5669326,-122.2981918,Entire home/apt,362,2,38,9/21/25,1.89,1,345,22,
1.07429E+18,(476) Bright Modern 2BR House,26914130,"Carlos,Sierra And Marlene",,Pacifica,37.64709094,-122.479459,Entire home/apt,117,2,81,9/2/25,4.06,2,7,43,
1.07477E+18,Super Private Hidden Redwood City House and Garden,4930608,Nicholas David,,Redwood City,37.49282,-122.24461,Entire home/apt,257,2,36,7/31/25,1.81,2,204,23,
1.07668E+18,"Blueground | Foster City, patio & garage, nr parks",107434423,,,Foster City,37.5483087,-122.256985,Entire home/apt,382,31,0,,,144,0,0,
1.0783E+18,Stanford Traveler's love & Cozy Bay trail house,276523715,Karen,,East Palo Alto,37.47033,-122.13175,Entire home/apt,151,1,22,8/20/25,1.1,18,84,1,
1.07846E+18,(Full Bed) Room,1914449,Viren,,Redwood City,37.48804306,-122.2219781,Private room,81,1,37,9/2/25,1.9,3,270,32,
1.07929E+18,(474) Ocean View! Bright 2BR Townhouse,26914130,"Carlos,Sierra And Marlene",,Pacifica,37.64813052,-122.4793402,Entire home/apt,122,2,49,12/26/24,2.5,2,17,12,
1.07944E+18,"Group Retreat Villa, Walk Downtown",155599602,Alexander C,,San Mateo,37.55642179,-122.3300714,Entire home/apt,1271,3,1,2/16/25,0.14,4,321,1,
1.0797E+18,Brand New Master bedroom,33745901,Cathy,,Redwood City,37.4761098,-122.2300677,Private room,56,1,0,,,1,82,0,
1.08063E+18,Cottage. 15 Mins to train/dwntwn,558574088,Jo Ann,,Redwood City,37.48175425,-122.2392169,Entire home/apt,170,3,37,9/12/25,1.91,1,273,25,
1.08072E+18,Deluxe King at Grand Bay Hotel San Francisco,499043189,Grand Bay Hotel San Francisco,,Redwood City,37.52243,-122.26137,Private room,146,1,22,7/31/25,1.13,7,146,10,
1.08088E+18,2BR Home in Menlo Park Near Stanford University !,529472674,Duc,,Menlo Park,37.44788181,-122.1737385,Entire home/apt,239,2,62,9/6/25,3.49,1,171,36,
1.08136E+18,Sunlit 2B1B house w/ Deck & Garden on Belmont hill,18873704,Lacey,,Belmont,37.52293976,-122.2945596,Entire home/apt,308,1,68,9/21/25,3.5,2,235,42,
1.08143E+18,Sleeps 16! Oceanside 5bd/2.5ba 15 min to SF,266814071,Jaime,,Pacifica,37.65632917,-122.4810275,Entire home/apt,223,2,49,8/20/25,2.96,5,173,36,
1.08265E+18,Apartamento,368923918,Breno,,Belmont,37.51219,-122.3038,Entire home/apt,240,5,0,,,1,269,0,
1.08435E+18,Room Alpha (Single size bed),525230313,Mengxi,,East Palo Alto,37.4729997,-122.1497014,Private room,,1,27,8/23/25,1.43,2,173,16,
1.08512E+18,Cozy San Bruno Mountain Stay,45830204,Nicole,,Brisbane,37.68126114,-122.400864,Entire home/apt,,30,0,,,1,365,0,
1.08643E+18,"Menlo Park 1bd @ Sandhill nr Stanford - Pool, Gym",86658575,Diana,,Menlo Park,37.42463149,-122.1987619,Entire home/apt,254,26,11,8/28/25,0.64,10,266,4,
1.08736E+18,Portola Valley Rental long term 9/21/25-12/16/25,3580127,David,,Unincorporated Areas,37.39972,-122.1926,Entire home/apt,140,90,1,5/31/24,0.06,2,184,0,
1.08765E+18,"Blueground | Menlo Park, nr dining & entertainment",107434423,,,Menlo Park,37.4642972,-122.1538246,Entire home/apt,589,31,0,,,144,0,0,
1.08765E+18,"Blueground | Menlo Park, near caltrain & cafes",107434423,,,Menlo Park,37.4583165,-122.1624313,Entire home/apt,497,31,0,,,144,292,0,
1.08863E+18,Lovely Private Quiet 2Beds 1Bath near Westlake,467163507,Karen,,Unincorporated Areas,37.6942802,-122.4834036,Entire home/apt,140,1,1,7/12/25,0.39,4,87,1,
1.08863E+18,Cozy Private Studio with Full Bathroom,467163507,Karen,,Unincorporated Areas,37.6942802,-122.4834036,Entire home/apt,95,30,0,,,4,143,0,
1.08958E+18,Beautiful home next to Stanford & Palo Alto,9720386,Magalli,,Woodside,37.4368578,-122.2447033,Entire home/apt,725,2,9,7/19/25,0.55,2,226,4,
1.08985E+18,Luxury King Beds Comfy Living l Near Standford,33873142,Dien,,Unincorporated Areas,37.46966,-122.20357,Entire home/apt,174,30,5,8/25/25,0.3,1,302,3,
1.09017E+18,Modern 2BR Condo | Business & Long-Term Stays,32207029,Johana,,East Palo Alto,37.45246,-122.12891,Entire home/apt,199,7,10,8/30/25,0.55,1,198,9,
1.09229E+18,"A clean &comfortable bedroom w/queen bed, tv& desk",137745531,Magnolia Sabrina,,East Palo Alto,37.4709239,-122.1538265,Private room,65,3,16,7/20/25,0.85,3,175,8,
1.09346E+18,"Clean & comfortable bedroom w/queen bed, fast WiFi",137745531,Magnolia Sabrina,,East Palo Alto,37.4709239,-122.1538265,Private room,65,3,12,9/6/25,0.63,3,180,9,
1.09374E+18,Jane's Home (AZ) | Modern Room w Private Bathroom,250217039,Emily,,East Palo Alto,37.45667,-122.12628,Private room,93,1,15,8/24/25,0.93,59,277,11,
1.09375E+18,Cozy Downtown Burlingame Apt. | Easy Parking | 1/1,317540106,Mk,,Burlingame,37.57858,-122.34374,Entire home/apt,228,3,17,6/16/25,0.87,9,214,8,
1.09452E+18,"Charming 2BR/1BA Apt in Burlingame, Close to SFO",226555948,Gino Angelo Timpog,,Burlingame,37.58532007,-122.3615859,Entire home/apt,185,2,27,9/5/25,1.39,15,331,26,
1.09524E+18,2br Apt near Stanford/RC center,34114199,May,,Redwood City,37.47404,-122.22899,Entire home/apt,,30,0,,,4,0,0,
1.09559E+18,Palo Alto 2 BR | Full Kitchen | Kitchen + W/D,95459395,Bluebird,,Menlo Park,37.48627,-122.18354,Entire home/apt,,2,1,6/20/24,0.06,9,261,0,
1.09559E+18,Free Parking 2 BR | Business Traveler Friendly,95459395,Bluebird,,Menlo Park,37.48627,-122.18354,Entire home/apt,510,2,2,11/16/24,0.14,9,261,1,
1.09595E+18,"Pvt bedroom  - mins. to Google, Amazon, Meta.",563151333,Alicia,,East Palo Alto,37.4703,-122.13323,Private room,170,10,0,,,1,364,0,
1.09599E+18,Heart of Silicon Valley 1 BR | Fitness Center,163251048,Global Luxury,,Menlo Park,37.48627,-122.18354,Entire home/apt,302,2,2,9/22/24,0.11,6,365,0,
1.09599E+18,near Stanford 2 BR | Menlo Park | near G00gle HQ,163251048,Global Luxury,,Menlo Park,37.48627,-122.18354,Entire home/apt,,2,1,11/30/24,0.1,6,261,1,
1.09636E+18,Room Bravo (King size bed),525230313,Mengxi,,East Palo Alto,37.47229,-122.14879,Private room,,1,37,8/7/25,2,2,177,12,
1.09647E+18,"Serene & Cozy Stay by Stanford, Work & Relaxation",31943449,Yingtong,,Unincorporated Areas,37.46945,-122.20867,Private room,72,30,2,9/18/24,0.13,3,163,0,
1.09688E+18,Nearly Whole Modern Sunny House in the Peninsula,17973020,Iman,,Redwood City,37.48217,-122.23411,Private room,149,3,0,,,7,174,0,
1.09719E+18,2381C Business Studio Stanford META,4924943,Diana,,East Palo Alto,37.46842948,-122.1471981,Entire home/apt,,3,20,9/3/25,1.06,3,240,13,
1.09719E+18,Super cute place and clean.,89085975,Sheryl,,San Carlos,37.50698,-122.26492,Private room,120,2,0,,,1,364,0,
1.09784E+18,Menlo Park 1 BR | Near Stanford Med & M3ta,30283594,Global Luxury Suites,,Menlo Park,37.48627,-122.18354,Entire home/apt,267,2,2,4/27/24,0.11,28,365,0,
1.09784E+18,Palo Alto 2 BR | Heart of Silicon Valley | Modern,30283594,Global Luxury Suites,,Menlo Park,37.48627,-122.18354,Entire home/apt,,2,2,5/27/24,0.11,28,261,0,
1.09791E+18,Clean & comfy upstairs BR+private bath downtown SM,144195785,Brennan,,San Mateo,37.56936445,-122.3173373,Private room,74,31,3,8/23/25,0.22,3,137,2,
1.09871E+18,Cabin in the Woods,24387201,Dorian,,Unincorporated Areas,37.29101835,-122.2298142,Entire home/apt,280,1,2,9/1/25,1.33,1,250,2,
1.09872E+18,"2bd house near SFO, BART, CalTrain-parking incl",10833914,Christina,,San Bruno,37.63338977,-122.4153994,Entire home/apt,190,30,4,8/17/25,0.27,1,234,3,
1.10018E+18,"Spacious, Furnished Home, Large & Verdant Grounds",12940850,Kevin,,Unincorporated Areas,37.397282,-122.1987048,Entire home/apt,369,14,1,6/29/24,0.07,6,36,0,
1.10026E+18,Relaxing Oasis - Beach House Studio,4401086,Mor,,Pacifica,37.59814,-122.49903,Entire home/apt,146,30,0,,,1,236,0,
1.10027E+18,3Q Beachfront Home w/ Panoramic Ocean Views,486928322,Yufu,,Pacifica,37.65483669,-122.4886231,Entire home/apt,126,1,41,8/16/25,5.39,6,169,41,
1.10068E+18,Menlo Park Luxe Modern Haven,513444769,Tim,,Menlo Park,37.44331,-122.17749,Entire home/apt,773,1,11,6/21/25,0.59,2,174,7,
1.1009E+18,Brand New Private Luxury Apartment Near SF/SFO,104391492,George (Luxyom LLC),,South San Francisco,37.66118952,-122.411906,Entire home/apt,147,1,30,8/13/25,1.77,12,348,22,
1.10102E+18,Beautiful studio,56343629,Yesenia,,East Palo Alto,37.45583292,-122.1254991,Entire home/apt,,1,1,3/22/24,0.05,1,0,0,
1.10103E+18,Downtown 3B/3b kids friendly home,162434274,Xiangrong,,San Mateo,37.57149,-122.31954,Entire home/apt,319,5,17,9/6/25,0.91,4,257,9,
1.10228E+18,Kid Friendly Home in San Carlos,33652105,Christopher Marc,,San Carlos,37.49134,-122.25987,Entire home/apt,,2,4,7/26/25,0.26,1,0,1,
1.10319E+18,Jane's Home (LA) | Remodeled 2b2b +Backyard,250217039,Emily,,Foster City,37.56484883,-122.2535867,Entire home/apt,342,2,43,8/9/25,2.29,59,319,26,
1.10504E+18,Cozy Cottage,565260115,Alma,,Unincorporated Areas,37.31826,-122.2682,Entire home/apt,167,31,29,8/16/25,1.66,1,232,6,
1.10604E+18,Private Master Suite - Front Lake House,490245733,Rennan,,Foster City,37.537648,-122.2613288,Private room,107,3,17,9/16/25,0.93,1,320,8,
1.10741E+18,Palo Alto Villa,565932454,Nelson,,East Palo Alto,37.45650332,-122.1394032,Entire home/apt,178,1,45,9/12/25,2.44,1,38,28,
1.10764E+18,Cozy coastal oceanview by SF,104572067,George,,Daly City,37.68603275,-122.4935964,Entire home/apt,270,1,74,9/6/25,5.09,1,228,65,
1.10952E+18,Coastal Cottage Guest House,37158581,Jennifer,,Unincorporated Areas,37.49536,-122.45712,Entire home/apt,162,1,102,9/7/25,5.55,1,6,59,
1.11089E+18,Unmatched Ocean Beach and Mountain Views,3699159,Andreia,,Unincorporated Areas,37.51169,-122.50934,Entire home/apt,657,1,35,9/1/25,1.96,14,236,21,
1.11115E+18,Private 2BR/1BA in Millbrae | Near SFO & Transit,207656831,Lisa,,Millbrae,37.60441,-122.3883,Entire home/apt,148,1,13,9/14/25,3.45,1,133,13,
1.1118E+18,Lovely Private Studio with private bathroom (ML),499104087,Sharon,,South San Francisco,37.65774,-122.41785,Private room,55,1,6,9/6/25,0.33,26,302,3,
1.11258E+18,Remodeled-Private Guest Suite-1 mile from downtown,56736980,Bahar,,San Mateo,37.55036528,-122.3375097,Entire home/apt,150,30,15,5/18/25,0.93,1,181,8,
1.11431E+18,5Beds +2sofaBeds “B” Level-Hideout +BBQ Grill,519502301,Raymond,,Daly City,37.70284106,-122.453842,Entire home/apt,270,2,50,9/16/25,2.86,3,360,37,
1.11435E+18,"Next to Ocean, views - 10 beds_BBQ Grill + Arcade",519502301,Raymond,,Daly City,37.67246,-122.48988,Entire home/apt,291,2,105,9/20/25,5.84,3,281,61,
1.11475E+18,@ Marbella Lane - Vibrant 5BR Home in Daly City,118412894,Wendy,,Daly City,37.7059154,-122.4675777,Entire home/apt,282,2,35,9/15/25,2.16,5,339,22,
1.11526E+18,Spirit of the Coast,11405029,Chadwick,,Half Moon Bay,37.45844663,-122.4336662,Private room,80,7,3,8/16/25,0.77,1,165,3,
1.11528E+18,"Great view, central location",49807448,Jennifer,,San Carlos,37.50817223,-122.2655357,Entire home/apt,405,2,23,9/21/25,1.84,1,136,20,
1.11559E+18,Private 2BD/1BA apartment near SF-BBQ grill,368616861,Hui,,Daly City,37.67308,-122.48732,Entire home/apt,150,2,13,7/16/25,0.76,5,263,3,
1.11639E+18,Stunning House in South SF,568010751,Ling,,South San Francisco,37.6572,-122.41735,Entire home/apt,,2,17,7/9/25,1.03,5,0,10,114999
1.11744E+18,"Peaceful, charming home!",158770894,Tammy,,Redwood City,37.48412861,-122.1984593,Entire home/apt,,30,0,,,1,168,0,
1.12063E+18,Comfy private unit with private entry and bathroom,242779353,Yong,,Redwood City,37.48416799,-122.1905236,Entire home/apt,95,1,36,9/7/25,1.99,9,361,23,
1.12064E+18,Contemporary 1B1B suite with full kitchen,242779353,Yong,,Redwood City,37.48385383,-122.1918727,Entire home/apt,164,1,25,9/18/25,1.45,9,365,16,
1.12141E+18,EasyParking | MinsToSF | LovelyBackyard | BayView,538441356,Ruijia,,Daly City,37.70819,-122.45574,Entire home/apt,,2,87,8/4/25,5.01,3,0,53,
1.12202E+18,Belmont house - Amazing Backyard,432953310,Jennifer,,San Carlos,37.50916,-122.28648,Entire home/apt,,3,1,7/20/25,0.44,1,0,1,
1.12264E+18,Poolhouse in woodside,10797298,Leili,,Woodside,37.43817,-122.23181,Entire home/apt,247,3,8,2/12/25,0.49,2,329,2,
1.12315E+18,4BR/3BA retreat with stunning Silicon Valley views,6805761,Thomas,,Unincorporated Areas,37.46985,-122.26419,Entire home/apt,710,2,1,7/2/24,0.07,1,121,0,
1.1235E+18,Spacious Modern House,162434274,Xiangrong,,San Mateo,37.57136,-122.32104,Entire home/apt,580,2,26,9/1/25,1.59,4,242,15,
1.1239E+18,Cozy 2 Room Nasturtium Wood Cabin at Venture,112089094,Janelle,,Unincorporated Areas,37.21954,-122.34543,Entire home/apt,136,1,2,8/10/25,0.63,10,51,2,
1.12439E+18,A_Cool_Stay - 3Bd Rm_6 Beds + with Spa Jacuzzi,519502301,Raymond,,Daly City,37.70303272,-122.4527988,Entire home/apt,154,2,59,9/7/25,3.37,3,317,45,
1.12468E+18,Beautiful 2BR/1Bath +Parking,109550778,Gregory Fong,,Daly City,37.7029819,-122.4644893,Entire home/apt,111,7,26,8/28/25,1.52,1,163,17,
1.12561E+18,3040A - Lovely Private Room w/ Bath in San Bruno,250584391,Victor 5,,South San Francisco,37.64139,-122.46049,Private room,70,2,47,9/7/25,2.66,35,162,31,
1.12561E+18,3040B - Charming Private Room w/ Bath in San Bruno,250584391,Victor 5,,San Bruno,37.63941769,-122.4583496,Private room,60,2,44,9/15/25,2.56,35,161,32,
1.12633E+18,Your home in Silicon Valley,47515647,Julie,,Redwood City,37.46813675,-122.2323257,Entire home/apt,,3,19,8/22/25,1.08,1,0,11,
1.1277E+18,4BR Home | Ocean Views | 10 Min to Beach,509346058,Malcolm,,Daly City,37.67153,-122.48973,Entire home/apt,,1,9,6/5/25,0.52,19,0,3,
1.12907E+18,New studio w/ private entry,204847035,Vicky,,Menlo Park,37.4758663,-122.1398891,Entire home/apt,70,1,5,8/14/25,1.42,4,226,5,
1.12911E+18,"New 2BR w private entry, kitchen",204847035,Vicky,,East Palo Alto,37.47544532,-122.1394886,Private room,90,1,14,8/29/25,0.89,4,317,11,
1.1294E+18,Executive King Room Near Green Hills Park SAN,446820235,LuxurybookingsFZE,,Millbrae,37.61059119,-122.3998079,Entire home/apt,218,1,0,,,36,363,0,
1.12993E+18,It's quiet and super nice,509288782,Tamer,,San Mateo,37.54319,-122.30744,Private room,76,1,31,1/24/25,1.88,1,300,7,
1.13067E+18,YieldMax (SJ) | Quiet 3 Bedroom House,250217039,Emily,,Belmont,37.51542,-122.31376,Entire home/apt,201,2,18,6/23/25,1.04,59,348,13,
1.13073E+18,Sunny 2B1B house - Center of SF bay area,3295067,Hyung Jin,,San Mateo,37.53786157,-122.296106,Entire home/apt,250,30,6,8/16/25,0.4,1,164,5,
1.13357E+18,Relaxing Home W/Jacuzzi near SF,238834859,Fabiola,,Daly City,37.66073,-122.47461,Entire home/apt,328,2,27,9/15/25,1.64,1,255,19,
1.13421E+18,Water Views Room w/ In-suite Bath,61707824,Wenjie,,Foster City,37.54824,-122.27271,Private room,,1,15,9/25/24,0.87,1,0,1,
1.13452E+18,Private Central Cozy Studio W/ Private Parking!,572210086,Kariem,,Daly City,37.6991026,-122.487521,Entire home/apt,114,2,113,9/23/25,6.47,1,290,70,
1.1355E+18,780 Executive House 2200 Sqft Meta,181168848,Xiangqing,,East Palo Alto,37.47179675,-122.1334704,Entire home/apt,278,3,23,8/2/25,1.39,1,244,19,
1.13604E+18,Jane's Home (28) | 1b1b +AC near Hillsdale -3,250217039,Emily,,San Mateo,37.54139894,-122.3069622,Private room,122,1,13,5/3/25,0.77,59,317,6,
1.13658E+18,Quiet Private Room Near SFO with Free Parking,572739145,Zhaoheng,,San Bruno,37.61963,-122.41976,Private room,120,1,13,9/1/25,1.34,1,354,13,
1.13703E+18,Private Room with attached Bathroom in Foster City,70873325,Lu,,Foster City,37.55734,-122.25271,Private room,106,1,19,9/19/25,2.78,1,336,19,
1.13739E+18,Smart Comfy Home away from Home,21827047,Roman,,San Bruno,37.63499,-122.44699,Entire home/apt,226,30,8,9/8/25,0.48,1,364,6,
1.13773E+18,3bd-Sleeps 8+Stanford+META+GOOG,562871370,Tapti,,East Palo Alto,37.46811258,-122.1332161,Entire home/apt,256,1,35,9/22/25,2.34,2,182,24,
1.13782E+18,Nasturtium Wood Cabin Room (A),112089094,Janelle,,Unincorporated Areas,37.21793,-122.34568,Private room,72,1,1,7/29/24,0.07,10,171,0,
1.1379E+18,Beachside Basement Steps To Sand,16587484,Scott,,Half Moon Bay,37.4924759,-122.4568502,Entire home/apt,70,1,157,9/21/25,9.09,1,306,100,
1.13937E+18,Bay Area-META+AAPL+GOOG+Levi Stadium,562871370,Tapti,,East Palo Alto,37.46841697,-122.1332796,Entire home/apt,238,1,33,8/9/25,2.16,2,211,21,
1.1409E+18,"Summer-Brand New Cozy Suite,Ocean/SFO/Easy Access",573762837,Salma,,Daly City,37.66352,-122.48736,Entire home/apt,77,1,64,9/9/25,3.79,1,233,43,
1.14115E+18,"Blueground | Burlingame, w/d & a/c, near Caltrain",107434423,,,Burlingame,37.5809256,-122.3504062,Entire home/apt,,31,0,,,144,257,0,
1.14115E+18,"Blueground | Burlingame, w/d & a/c, near dining",107434423,,,Burlingame,37.5809256,-122.3504062,Entire home/apt,526,31,0,,,144,9,0,
1.14209E+18,Spacious Executive Belmont Home,31763323,Garrett,,Belmont,37.51498,-122.29052,Entire home/apt,1200,7,0,,,5,359,0,
1.1422E+18,(Full Bed) Room,1914449,Viren,,Redwood City,37.48841369,-122.220008,Private room,76,1,64,9/12/25,3.74,3,362,45,
1.14372E+18,"8-BR, 8-Bath Home: Your Perfect Staycation near SF",574294001,Billy,,Daly City,37.6910486,-122.4677104,Entire home/apt,558,1,56,8/31/25,3.54,1,172,46,
1.14575E+18,Cozy& 4BR /2Bath Home near Downtown  Redwood City,276523715,Karen,,Redwood City,37.48158,-122.21567,Entire home/apt,231,1,14,9/23/25,0.84,18,175,7,
1.14643E+18,Cozy &Private Room Near Stanford Campus& Downtown,276523715,Karen,,Redwood City,37.47991865,-122.2147568,Private room,65,3,0,,,18,7,0,
1.14738E+18,Stylish Guesthouse w/ Full Bath,291050,Ka,,Daly City,37.67359,-122.49041,Entire home/apt,103,30,20,8/9/25,1.19,1,183,12,
1.14955E+18,"Nuva: Large Room w/ Balcony near Stanford, Meta",425039978,Namit,,East Palo Alto,37.46538227,-122.1444855,Private room,70,3,7,9/21/25,0.54,10,322,6,
1.14968E+18,寧靜舒適方便的樂富La Fuu民宿4房3厕包棟,263519627,Huiling,,Daly City,37.70472118,-122.4770091,Entire home/apt,448,2,22,9/15/25,1.61,4,210,20,
1.14971E+18,乾淨舒適便捷的樂富La Fuu民宿2房2厕包棟,263519627,Huiling,,Daly City,37.70456545,-122.4756167,Entire home/apt,267,2,6,8/8/25,0.43,4,171,4,
1.15003E+18,Clipper Ridge Hideaway,405901603,Erick,,Unincorporated Areas,37.51399,-122.48847,Entire home/apt,461,4,19,12/27/24,1.17,1,265,5,
1.15044E+18,乾淨舒適便捷的樂富La Fuu民宿3房2厕包棟,263519627,Huiling,,Daly City,37.70462399,-122.4774221,Entire home/apt,344,2,9,8/18/25,0.57,4,233,5,
1.15045E+18,乾淨便捷寧靜的樂富La Fuu民宿單間套房獨立衛浴獨立出入口,263519627,Huiling,,Daly City,37.70356301,-122.4757457,Private room,105,2,17,9/23/25,1.14,4,205,13,
1.15091E+18,U Clean U Save | Custom Bungalow,5202989,Ana,,Atherton,37.4763669,-122.1856982,Entire home/apt,,1,0,,,2,0,0,
1.15095E+18,Mid-Century Gem Best Views  10m from Stanford,9704212,Geraldine,,Unincorporated Areas,37.39832,-122.20296,Entire home/apt,1365,5,11,9/7/25,0.71,1,200,9,
1.1516E+18,"2 BR Sandhill Rd nr Stanford - Patio, Pool, Gym",86658575,Diana,,Menlo Park,37.42677126,-122.1986803,Entire home/apt,357,2,7,8/2/25,0.46,10,328,4,
1.15166E+18,Beautiful Silicon Valley Cottage,140517773,Josh,,East Palo Alto,37.45782643,-122.1335342,Entire home/apt,,1,1,7/30/25,0.52,2,269,1,
1.15185E+18,Cozy 2 bedroom house with front yard+gated parking,18139382,Allan,,East Palo Alto,37.47134,-122.13447,Entire home/apt,113,28,3,7/6/25,0.21,1,156,2,
1.15228E+18,EasyParking | MinsToSF | LovelyBackyard | BayView,538441356,Ruijia,,Daly City,37.70317655,-122.4528285,Entire home/apt,411,2,11,9/8/25,0.66,3,72,10,
1.15237E+18,"Bright, Spacious 4BR Oasis | Parking | Laundry",509346058,Malcolm,,Daly City,37.6786612,-122.4801434,Entire home/apt,162,1,35,9/14/25,2.12,19,15,22,
1.15351E+18,2BR Charmer Walk to Beach,70706968,Karin,,Unincorporated Areas,37.5105874,-122.4792523,Entire home/apt,243,2,33,9/15/25,2.15,1,230,26,
1.15661E+18,Coastal Garden Retreat,161909289,Chris,,Pacifica,37.6036253,-122.4879584,Entire home/apt,110,2,43,9/14/25,6.26,1,313,43,
1.15677E+18,SFO/SSF Sweet Home,577611942,Yolanda Yan Ting,,South San Francisco,37.64558,-122.45857,Entire home/apt,433,2,4,6/18/25,0.25,2,136,2,
1.15677E+18,1 Bd1Ba rural Portola Valley CA.,56123048,Sonia,,Unincorporated Areas,37.3476,-122.19797,Private room,114,1,3,7/24/25,0.68,1,269,3,
1.15807E+18,Coastal Retreat w/ Ocean Views,70081063,Shannon,,Pacifica,37.65690892,-122.4857562,Entire home/apt,467,1,133,9/21/25,8.11,12,226,98,
1.15809E+18,Coastal Charm Inviting 3 Br Montara Home,481729390,Sandra,,Unincorporated Areas,37.54441,-122.50675,Entire home/apt,248,1,48,9/5/25,2.94,7,301,30,
1.15809E+18,Private Cottage House - Walk to Beaches Harbor,421794482,Sarah,,Unincorporated Areas,37.5041,-122.47818,Entire home/apt,209,1,67,9/8/25,4.1,6,318,41,
1.15837E+18,Serene Escape 2BD /w Private Patio near Stanford,177559335,Minh,,Unincorporated Areas,37.47323517,-122.2027943,Entire home/apt,247,2,18,9/9/25,1.35,1,52,13,
1.15972E+18,Lux Master rm w/t private bath!,43546317,Henry,,Daly City,37.70517,-122.431,Private room,96,1,0,,,9,259,0,
1.16037E+18,Cozy Half Moon Bay Home,87806027,Jocelyn,,Unincorporated Areas,37.50318584,-122.4686887,Entire home/apt,243,1,21,8/16/25,1.33,1,325,8,
1.1612E+18,Beautiful 2 bed with pool gym Stanford&Sandhill Rd,86658575,Diana,,Menlo Park,37.42511,-122.19692,Entire home/apt,,1,11,7/9/25,0.72,10,362,4,
1.16172E+18,Spacious Apt - 1 Bedroom/1 bathroom,55681808,Nihal,,Burlingame,37.58351264,-122.3642979,Entire home/apt,141,15,0,,,2,147,0,
1.1623E+18,A secluded Spanish Villa event/reception grounds,69133211,Maria,,Unincorporated Areas,37.45682,-122.26079,Entire home/apt,1092,1,8,9/14/25,0.51,10,281,4,
1.16241E+18,A freestanding casita in a delightful grape garden,69133211,Maria,,Unincorporated Areas,37.45799,-122.26019,Entire home/apt,129,1,40,9/21/25,2.52,10,342,23,
1.16335E+18,Affordable PrivateRoom ShareBath near Kaiser SFO C,499104087,Sharon,,Daly City,37.67176,-122.48123,Private room,44,30,0,,,26,304,0,
1.16338E+18,Affordable Private room OwnBath near Kaiser SFO D,499104087,Sharon,,Daly City,37.6717609,-122.4812317,Private room,57,30,1,9/11/25,1,26,335,1,
1.16394E+18,Beautiful 3BR/2BA home 10 mins from SFO,579260248,Maria Helena,,Millbrae,37.6020836,-122.3942382,Entire home/apt,200,30,18,8/4/25,1.19,1,62,14,
1.16409E+18,Hidden & Quiet Home Up on the Hill w/ Private Yard,568458172,Teng,,Belmont,37.5179633,-122.3061108,Entire home/apt,329,2,40,9/19/25,2.54,1,331,25,
1.16458E+18,Peaceful & Cozy Home in Tech Hub,579607328,Mahrdad,,East Palo Alto,37.4606836,-122.1277213,Entire home/apt,84,3,21,9/13/25,1.39,2,138,14,
1.16471E+18,NEW 3BR Modern Luxury for Families/Executives SFO,490956832,Joyce,,South San Francisco,37.6366296,-122.4306143,Entire home/apt,290,2,40,9/1/25,2.61,1,140,28,
1.16487E+18,NEW! Quiet Studio | Private Entrance | A+ Area,509346058,Malcolm,,Hillsborough,37.55299967,-122.3542172,Entire home/apt,,1,9,9/1/25,0.64,19,0,6,
1.16602E+18,Stunning Ocean Mountain View Near SF+Beach 3Suites,247094531,Yuefeng,,Pacifica,37.63622782,-122.4836149,Entire home/apt,336,1,37,1/12/25,2.37,11,358,16,
1.1669E+18,Private Room and Private Dedicated Bathroom.,99393592,Johanna,,Daly City,37.66812141,-122.4688694,Private room,63,30,2,8/25/25,0.68,1,269,2,
1.16751E+18,Cozy Barn Retreat,204037399,Jessica,,Unincorporated Areas,37.32308,-122.26995,Entire home/apt,166,2,25,9/8/25,1.66,1,170,17,
1.16857E+18,R1-South. SF Downtown 1Br walking to BART/TV,568010751,Ling,,South San Francisco,37.65715949,-122.4176155,Private room,59,2,10,9/22/25,0.63,5,244,8,
1.16859E+18,R2-BART station Private 1Br in S.SF Downtown,568010751,Ling,,South San Francisco,37.65685779,-122.4195067,Private room,56,2,8,9/6/25,0.54,5,283,5,
1.1686E+18,R3- Private bedroom close to BART/in S.SF Downtown,568010751,Ling,,South San Francisco,37.65749,-122.41956,Private room,58,3,5,9/5/25,0.36,5,265,3,
1.1688E+18,2 Double Water View Room at Grand Bay SF Hotel,501999278,RoomPicks,,Redwood City,37.5231,-122.25983,Private room,,1,0,,,24,356,0,
1.16881E+18,King Water View Room at Grand Bay SF Hotel,501999278,RoomPicks,,Redwood City,37.5245,-122.26008,Entire home/apt,244,1,0,,,24,0,0,
1.16881E+18,"Enjoy Comfortable Stay! Water View, Onsite Pool",501999278,RoomPicks,,Redwood City,37.52325,-122.26174,Entire home/apt,244,1,0,,,24,0,0,
1.16881E+18,King Partial Water View Room at Grand Bay SF Hotel,501999278,RoomPicks,,Redwood City,37.5247,-122.25971,Entire home/apt,221,1,0,,,24,0,0,
1.16881E+18,Ideal Mix of Comfort and Value! Onsite Pool,501999278,RoomPicks,,Redwood City,37.52437,-122.25995,Entire home/apt,221,1,0,,,24,0,0,
1.16881E+18,"Junior King Suite at Grand Bay SF Hotel, Pool",501999278,RoomPicks,,Redwood City,37.5232,-122.26177,Entire home/apt,299,1,0,,,24,355,0,
1.16881E+18,"Best Place to Unwind! Onsite Pool, Pet-friendly",501999278,RoomPicks,,Redwood City,37.52459,-122.26008,Entire home/apt,299,1,0,,,24,355,0,
1.16881E+18,"Pool, 2 Junior King Suite at Grand Bay SF Hotel",501999278,RoomPicks,,Redwood City,37.52298,-122.25983,Entire home/apt,597,1,0,,,24,354,0,
1.16881E+18,"Comfort and Relaxation! 2 Comfortable Units, Pool",501999278,RoomPicks,,Redwood City,37.52306,-122.26146,Entire home/apt,597,1,0,,,24,354,0,
1.16882E+18,"Prime Location! 3 Convenient Units, Pool",501999278,RoomPicks,,Redwood City,37.52447,-122.25979,Entire home/apt,895,1,0,,,24,354,0,
1.16882E+18,"3 Junior King Suite at Grand Bay SF Hotel, Pool",501999278,RoomPicks,,Redwood City,37.52455,-122.26011,Entire home/apt,895,1,0,,,24,354,0,
1.16882E+18,"Pool, 4 Junior King Suite at Grand Bay SF Hotel",501999278,RoomPicks,,Redwood City,37.52313,-122.25965,Entire home/apt,1193,1,0,,,24,354,0,
1.16882E+18,A Place You'll Surely Enjoy! 4 Pet-friendly Units,501999278,RoomPicks,,Redwood City,37.52256,-122.26123,Entire home/apt,1193,1,0,,,24,354,0,
1.16882E+18,Relax and Unwind! Pet-friendly Property w/ Pool,501999278,RoomPicks,,Redwood City,37.52255,-122.26137,Entire home/apt,202,1,25,8/31/25,1.6,24,0,11,
1.16882E+18,"Classic King Room at Grand Bay SF Hotel, Pool",501999278,RoomPicks,,Redwood City,37.52258,-122.2616,Entire home/apt,202,1,7,3/17/25,0.47,24,0,2,
1.16883E+18,Your Home Away From Home! Pet-friendly Property,501999278,RoomPicks,,Redwood City,37.52346,-122.25989,Entire home/apt,241,1,7,8/10/25,0.47,24,354,5,
1.16883E+18,"Grand Bay SF Hotel, Classic 2 Doubles Room, Pool",501999278,RoomPicks,,Redwood City,37.52272,-122.26148,Entire home/apt,218,1,6,7/28/25,0.39,24,354,1,
1.16884E+18,"Comfort and Convenience! 2 Convenient Units, Pool",501999278,RoomPicks,,Redwood City,37.52471,-122.2597,Entire home/apt,435,1,0,,,24,354,0,
1.16884E+18,2 x Classic 2 Doubles Room at Grand Bay SF Hotel,501999278,RoomPicks,,Redwood City,37.52265,-122.26165,Entire home/apt,435,1,5,9/15/24,0.33,24,354,0,
1.16884E+18,Great Relaxing Overnight Stay! 3 Relaxing Units,501999278,RoomPicks,,Redwood City,37.52265,-122.26121,Entire home/apt,652,1,2,7/7/24,0.13,24,354,0,
1.16884E+18,"Grand Bay SF Hotel, 3 Classic 2 Doubles Room, Pool",501999278,RoomPicks,,Redwood City,37.52334,-122.2599,Entire home/apt,652,1,0,,,24,354,0,
1.16884E+18,"Relax and Recharge! 4 Relaxing Units, Onsite Pool",501999278,RoomPicks,,Redwood City,37.52261,-122.2612,Entire home/apt,853,1,0,,,24,353,0,
1.16884E+18,3 Classic 2 Doubles Room at Grand Bay SF Hotel,501999278,RoomPicks,,Redwood City,37.52463,-122.26005,Entire home/apt,853,1,0,,,24,353,0,
1.16906E+18,Private 1BR/1BA/1 Office room near SF and SFO-W/D,368616861,Hui,,San Bruno,37.61824,-122.41718,Entire home/apt,116,2,6,11/28/24,0.42,5,241,2,
1.17023E+18,Capuchino Retreat,267951766,Patrick,,Burlingame,37.58515,-122.36438,Entire home/apt,,1,4,7/30/24,0.26,1,0,0,
1.17062E+18,2630 -Modern Comfort House near SFO & Supermarkets,250584391,Victor 5,,South San Francisco,37.64589096,-122.4653852,Entire home/apt,203,2,52,9/14/25,3.29,35,157,37,
1.17095E+18,Moss Beach Oceanfront Retreat ~ 20 Mi to San Fran!,126644773,Evolve,,Unincorporated Areas,37.5259329,-122.5157711,Entire home/apt,487,2,38,9/14/25,2.41,8,3,20,
1.17176E+18,BayArea Overview,38964894,Juliet,,Belmont,37.51764,-122.31688,Entire home/apt,332,1,5,8/17/25,1.44,3,361,5,
1.17194E+18,Big room with private bath!,337550436,John James,,Redwood City,37.48045,-122.24653,Private room,69,1,7,3/6/25,0.45,2,59,3,
1.17474E+18,Bay View Private Room,159853305,Federico,,Belmont,37.51615095,-122.2782106,Private room,,6,0,,,1,0,0,
1.17567E+18,Modern Farmhouse close to beach/town.,49220238,Julie,,Half Moon Bay,37.4589676,-122.434971,Entire home/apt,248,2,10,8/11/25,0.64,1,12,7,
1.17572E+18,Tulare street private studio.,178531618,Joseph Michael,,Brisbane,37.68153,-122.39684,Entire home/apt,,30,5,9/7/25,0.35,1,232,4,
1.17608E+18,(Full Bed) Room,1914449,Viren,,Redwood City,37.48816,-122.22174,Private room,76,1,27,8/23/25,1.73,3,267,19,
1.17648E+18,New Remodeled ~1200 Sq ft 2br Prime Location,20872295,Jiale,,San Mateo,37.53667,-122.29503,Entire home/apt,280,28,6,9/10/25,0.45,3,200,5,
1.17774E+18,Beautiful Home Near SFO Master Bedroom,390094923,Faith,,South San Francisco,37.66406,-122.41122,Private room,82,2,5,8/24/25,0.35,2,248,2,
1.17834E+18,Newly Furnished 6Q/2BA Spacious House!,565769712,Ally,,San Bruno,37.62696084,-122.4537676,Entire home/apt,139,1,58,9/9/25,4.15,2,188,53,
1.17838E+18,Bay Area Escape | Hotel Room. Free Breakfast,582947805,Joanna Paola,,Millbrae,37.60927,-122.40242,Private room,180,1,95,8/17/25,6.9,2,163,84,
1.18145E+18,Serene & Charming Home in Atherton border,8905862,Jungsook,,Unincorporated Areas,37.45539218,-122.2203178,Entire home/apt,281,2,59,9/21/25,4.11,1,223,53,
1.18197E+18,Modern LUX | 3BD 2BA | Upstairs Unit,561709785,Jonathan,,Unincorporated Areas,37.64859234,-122.4400836,Entire home/apt,350,28,2,7/26/25,0.79,9,269,2,
1.18198E+18,Modern LUX | New & Private Suite Unit,561709785,Jonathan,,Unincorporated Areas,37.65121153,-122.4395362,Entire home/apt,160,28,2,5/19/25,0.24,9,269,2,
1.18223E+18,"Walk to Pacifica State Beach, Two queen beds.",444561743,Tania,,Pacifica,37.5990664,-122.5000962,Private room,256,1,1,9/21/24,0.08,1,268,0,
1.18282E+18,Camellia Cottage with Pool View,46077610,Qian,,Woodside,37.42687,-122.25067,Entire home/apt,793,3,3,9/2/24,0.21,7,358,0,
1.18353E+18,"Free swimming, free cooking",479245598,Louise,,Belmont,37.523867,-122.277775,Private room,,3,0,,,1,0,0,
1.18403E+18,"Designer Luxe Condo in South SF | Fast Wi-Fi, Gym",358227461,Wilson,,South San Francisco,37.65309375,-122.4072877,Entire home/apt,138,30,4,9/11/25,0.32,1,345,3,
1.18579E+18,Private cottage in Atherton,585333842,Petrutza,,Atherton,37.45892,-122.20802,Entire home/apt,,5,0,,,1,86,0,
1.18593E+18,"Beach Access, Walk to Fishman Warf 530B",154896480,Yang,,Unincorporated Areas,37.5040539,-122.4700764,Entire home/apt,216,1,35,8/14/25,2.3,2,80,16,
1.18693E+18,Modern LUX | <10 min from SFO | Backyard Oasis,561709785,Jonathan,,Unincorporated Areas,37.65189895,-122.4375751,Entire home/apt,419,3,15,9/14/25,1.03,9,73,6,
1.18782E+18,"Miramar Escape! OceanView, RoofDeck & Steps2Beach",178497309,Melanie,,Unincorporated Areas,37.4961,-122.4615822,Entire home/apt,461,2,22,9/22/25,1.46,5,233,16,
1.18797E+18,"Steps  to Beach, Private Hot Tub, Fire Pit & BBQ",178497309,Melanie,,Unincorporated Areas,37.4961,-122.4615822,Entire home/apt,243,2,25,9/14/25,1.66,5,240,17,
1.18799E+18,Belmont Lock,38964894,Juliet,,Belmont,37.5165,-122.31618,Entire home/apt,779,1,16,9/14/25,1.12,3,314,14,
1.18876E+18,Stylish 2BR 1Bath Home Close to BART,515385698,Kim,,Daly City,37.69816,-122.46872,Entire home/apt,164,30,0,,,6,300,0,
1.18902E+18,Pair of Giant Group Glamping Tents,112089094,Janelle,,Unincorporated Areas,37.21767,-122.34518,Entire home/apt,394,1,0,,,10,19,0,
1.19016E+18,Master Bedroom with Private Bath at Menlo Park,17457094,Siqi,,Menlo Park,37.47104668,-122.1642868,Private room,105,2,16,9/5/25,1.07,1,180,3,
1.1904E+18,King Room Near Tasty Place SAN,446820235,LuxurybookingsFZE,,Millbrae,37.61256305,-122.4036062,Entire home/apt,267,1,1,8/4/25,0.57,36,363,1,
1.1906E+18,Small Private Room near Lagoon,156230046,Fan,,San Mateo,37.55429,-122.28549,Private room,68,30,2,7/22/25,0.2,1,52,2,
1.19089E+18,Entire 1B1B: Near Airport & SFO,137385696,Kushal,,Daly City,37.70656,-122.46087,Entire home/apt,95,1,22,10/30/24,1.59,1,65,12,
1.19096E+18,Blue Horizon Beach & Ocean Delight,304931771,Fei,,Daly City,37.66678,-122.49128,Entire home/apt,549,3,29,8/24/25,1.98,4,341,26,
1.19126E+18,"Bright, Newly Renovated Room in Daly City!",543748196,Queens Canyon,,Daly City,37.70628,-122.41589,Private room,,1,0,,,1,0,0,
1.19135E+18,4 bed House w Stunning ocean view  in Moss beach,24845716,Yifang,,Unincorporated Areas,37.52894,-122.51413,Entire home/apt,709,1,68,9/14/25,4.6,2,335,51,
1.19146E+18,Respite in the Hills!  2 bedrooms & a livingroom!,30238291,Ariana,,Unincorporated Areas,37.46901762,-122.2602691,Entire home/apt,178,1,53,9/22/25,3.56,1,83,42,
1.1917E+18,"Newly Remodeled, 3 min to Bart & 10 min to SFO",53591422,Miranda,,Daly City,37.69063078,-122.4652034,Entire home/apt,122,2,61,9/18/25,4.13,2,204,45,
1.19187E+18,King Room Near Bayfront Park SAN,446820235,LuxurybookingsFZE,,Burlingame,37.6018573,-122.3772481,Entire home/apt,412,1,1,9/1/24,0.08,36,364,0,
1.19207E+18,King Room Near Public Storage SAN,446820235,LuxurybookingsFZE,,South San Francisco,37.66565,-122.39624,Entire home/apt,412,1,0,,,36,363,0,
1.19207E+18,King Room Near McDonalds SAN,446820235,LuxurybookingsFZE,,South San Francisco,37.64241,-122.40505,Entire home/apt,312,1,0,,,36,363,0,
1.19208E+18,King Room Near Jack Drago Park SAN,446820235,LuxurybookingsFZE,,South San Francisco,37.65565124,-122.4052471,Entire home/apt,143,1,2,10/5/24,0.15,36,363,1,
1.19208E+18,King Room Near Forest Lane Park SAN,446820235,LuxurybookingsFZE,,San Bruno,37.62948,-122.41939,Entire home/apt,290,1,0,,,36,363,0,
1.19208E+18,Queen Room Near West Bay Cafe SAN,446820235,LuxurybookingsFZE,,Burlingame,37.58889,-122.36029,Entire home/apt,204,1,1,4/25/25,0.19,36,363,1,
1.19209E+18,King Room Near Kezar Life Sciences SAN,446820235,LuxurybookingsFZE,,Brisbane,37.67237603,-122.3872923,Entire home/apt,237,1,0,,,36,363,0,
1.19209E+18,Deluxe King Room Near Helen Horvath SAN,446820235,LuxurybookingsFZE,,Brisbane,37.6740498,-122.3892033,Entire home/apt,196,1,0,,,36,363,0,
1.19209E+18,King Room Near McDonalds SAN,446820235,LuxurybookingsFZE,,South San Francisco,37.64765,-122.40498,Entire home/apt,264,1,0,,,36,363,0,
1.19209E+18,Queen Suite Near Tesla Supercharger SAN,446820235,LuxurybookingsFZE,,Burlingame,37.59086,-122.34696,Entire home/apt,350,1,1,3/27/25,0.16,36,363,1,
1.19209E+18,King Room Near Jack Drago Park SAN,446820235,LuxurybookingsFZE,,South San Francisco,37.65606068,-122.4020764,Entire home/apt,235,1,0,,,36,363,0,
1.19209E+18,King Room Near Rockaway Beach SAN,446820235,LuxurybookingsFZE,,Pacifica,37.60949822,-122.4972279,Entire home/apt,606,1,0,,,36,363,0,
1.19209E+18,King Room Near Hiller Aviation Museum SAN,446820235,LuxurybookingsFZE,,San Carlos,37.51230237,-122.2541837,Entire home/apt,238,1,0,,,36,363,0,
1.19223E+18,1 Palo Alto - Furnished and Quiet. Secure Parking,9727139,Henrick,,East Palo Alto,37.45701507,-122.1398178,Entire home/apt,153,3,11,7/19/25,0.84,4,56,9,
1.19238E+18,YieldMax (DU) | Central Location+AC Private Room 1,250217039,Emily,,East Palo Alto,37.46736901,-122.1469909,Private room,69,1,11,7/2/25,0.75,59,351,10,
1.19239E+18,YieldMax (DU) | Central Location+AC Private Room 3,250217039,Emily,,East Palo Alto,37.46619352,-122.1462891,Private room,51,1,16,9/10/25,1.12,59,353,11,
1.19239E+18,YieldMax (DU) | Private Bath@Central Location+AC,250217039,Emily,,East Palo Alto,37.46674,-122.14564,Private room,102,1,10,8/23/25,0.75,59,345,8,
1.1924E+18,YieldMax (DU) | Central Location Suite w Bathroom,250217039,Emily,,East Palo Alto,37.46826843,-122.146521,Entire home/apt,85,1,12,8/15/25,0.83,59,295,10,
1.19246E+18,Luxe Oceanview Game Room Retreat in Ideal Location,3639422,Maria,,Daly City,37.69548248,-122.4951461,Entire home/apt,486,1,47,9/2/25,3.17,2,48,32,
1.19271E+18,Classic King or Twin Room Near Tennis Courts SAN,446820235,LuxurybookingsFZE,,Redwood City,37.52311,-122.25998,Entire home/apt,1328,1,0,,,36,363,0,
1.19271E+18,Deluxe King Room Near Jack Drago Park SAN,446820235,LuxurybookingsFZE,,South San Francisco,37.65531,-122.39974,Entire home/apt,247,1,0,,,36,363,0,
1.19271E+18,Standard King Room Near GE Monogram Expert SAN,446820235,LuxurybookingsFZE,,Burlingame,37.60089866,-122.3723559,Entire home/apt,277,1,0,,,36,363,0,
1.19272E+18,King Studio Suite Near Marina Liquor SAN,446820235,LuxurybookingsFZE,,San Mateo,37.54528,-122.28535,Entire home/apt,281,1,0,,,36,363,0,
1.19272E+18,King Room Near Twist Bioscience SAN,446820235,LuxurybookingsFZE,,South San Francisco,37.65841794,-122.3989058,Entire home/apt,201,1,0,,,36,363,0,
1.19272E+18,King Room Near Robert E Woolley State Park SAN,446820235,LuxurybookingsFZE,,Burlingame,37.58926382,-122.3421307,Entire home/apt,196,1,0,,,36,363,0,
1.19273E+18,Deluxe Queen Room Near Shell SAN,446820235,LuxurybookingsFZE,,South San Francisco,37.64840406,-122.4033959,Entire home/apt,169,1,0,,,36,363,0,
1.19273E+18,Queen Studio Near Bayside Manor Park SAN,446820235,LuxurybookingsFZE,,Millbrae,37.60258752,-122.3834842,Entire home/apt,376,1,0,,,36,363,0,
1.19274E+18,Guest Room Near McDonalds SAN,446820235,LuxurybookingsFZE,,South San Francisco,37.648,-122.40677,Entire home/apt,185,1,0,,,36,363,0,
1.19283E+18,"New- Stunning Oceanfront ""Pelican Bluffs""",18470900,Katherine,,Unincorporated Areas,37.53213851,-122.5179189,Entire home/apt,562,2,54,9/21/25,4.72,1,202,54,
1.19298E+18,#E1-Elegant Bedroom/workspace/New Furnitures/Meta,474861965,Echo,,East Palo Alto,37.45708,-122.12953,Private room,53,2,5,8/23/25,0.37,4,65,1,
1.19302E+18,"Amazing, pretty & safe location!",587343543,Kings Mountain,,Woodside,37.43511,-122.28342,Entire home/apt,,1,0,,,1,0,0,
1.19418E+18,King Room Near Tesla SAN,446820235,LuxurybookingsFZE,,Burlingame,37.59277148,-122.3643505,Entire home/apt,437,1,0,,,36,363,0,
1.19418E+18,Queen Studio Suite Near Kezar Life Sciences SAN,446820235,LuxurybookingsFZE,,South San Francisco,37.6715,-122.38822,Entire home/apt,292,1,0,,,36,363,0,
1.19418E+18,King Studio Suite Near Twist Bioscience SAN,446820235,LuxurybookingsFZE,,South San Francisco,37.6581,-122.39851,Entire home/apt,254,1,0,,,36,363,0,
1.19418E+18,Standard King Room Near Lucent Education SAN,446820235,LuxurybookingsFZE,,San Mateo,37.57986669,-122.3201902,Entire home/apt,123,1,0,,,36,363,0,
1.19419E+18,Standard Room Near McDonalds SAN,446820235,LuxurybookingsFZE,,South San Francisco,37.6451,-122.40455,Entire home/apt,238,1,0,,,36,363,0,
1.19419E+18,King Room Near Niles College SAN,446820235,LuxurybookingsFZE,,Burlingame,37.59375,-122.36317,Entire home/apt,221,1,0,,,36,363,0,
1.19419E+18,Studio Suite Near Twist Bioscience SAN,446820235,LuxurybookingsFZE,,South San Francisco,37.65741765,-122.3971644,Entire home/apt,206,1,0,,,36,363,0,
1.19463E+18,Modern Lux 4B/3BA Retreat w/ LED Game Room and Bar,554322849,Taylor,,Daly City,37.69066,-122.46148,Entire home/apt,306,2,67,9/14/25,4.73,4,65,55,
1.19463E+18,"Renovated 2B1B • Yard, Walk to Beach, Free Parking",220760679,Arlene,,Pacifica,37.63410995,-122.4905938,Entire home/apt,182,2,46,9/19/25,3.19,9,339,43,
1.19496E+18,Bedroom near Millbrae Bart,366761775,Angela,,Millbrae,37.59762643,-122.3893233,Private room,185,1,0,,,1,269,0,
1.19532E+18,Home in San Mateo,321838835,Fion,,San Mateo,37.5650521,-122.3174077,Entire home/apt,182,3,1,3/29/25,0.17,1,67,1,
1.19641E+18,One Bedroom Suite Near Ideaya Biosciences SAN,446820235,LuxurybookingsFZE,,South San Francisco,37.66621,-122.39375,Entire home/apt,233,1,0,,,36,363,0,
1.19641E+18,Guest Room Near Costco Business Center SAN,446820235,LuxurybookingsFZE,,South San Francisco,37.66678844,-122.393354,Entire home/apt,210,1,1,8/2/25,0.55,36,363,1,
1.19641E+18,Guest Room Near Bayfront Park SAN,446820235,LuxurybookingsFZE,,Burlingame,37.60312,-122.37512,Entire home/apt,322,1,1,12/30/24,0.11,36,363,1,
1.19644E+18,Hot Tub Overlooking Pacific!,72356201,Carlos Bernardo,,Pacifica,37.59196033,-122.5104231,Entire home/apt,412,2,10,9/17/25,0.68,11,151,8,
1.19648E+18,Private bedroom in shared townhome. Prime location,27076980,Allison,,San Carlos,37.512044,-122.2680291,Private room,60,1,30,9/18/25,2.14,1,172,25,
1.19655E+18,Perfect house for a family,749689,Olga,,Menlo Park,37.45515,-122.16781,Entire home/apt,230,14,1,8/17/24,0.07,1,66,0,
1.19669E+18,Jane's Home (AZ) | Central Modern Private Room - 2,250217039,Emily,,East Palo Alto,37.45666,-122.12689,Private room,89,1,5,8/10/25,0.4,59,293,4,
1.19673E+18,LuxoStays Bright & Cozy 4BR Home • 5 Beds • 2 Bath,226555948,Gino Angelo Timpog,,San Bruno,37.61469011,-122.4328005,Entire home/apt,609,2,20,9/17/25,1.64,15,173,20,
1.19922E+18,Redwood Treehouse Retreat,43437241,Madison,,Unincorporated Areas,37.27075,-122.30978,Entire home/apt,203,2,38,8/17/25,2.82,2,311,31,
1.2001E+18,NEW private studio near Stanford and Meta,393843895,Mayra,,East Palo Alto,37.46891437,-122.1460766,Entire home/apt,99,180,4,10/18/24,0.28,1,364,2,
1.20157E+18,"Ocean Views, Steps 2 Beach, Hot Tub, BBQ, Fire Pit",178497309,Melanie,,Unincorporated Areas,37.4961,-122.4615822,Entire home/apt,800,2,9,9/7/25,0.84,5,225,9,
1.20159E+18,Modern LUX | Entire Home 4BR 3BA | 30+ Day Stay,561709785,Jonathan,,Unincorporated Areas,37.64995618,-122.4382636,Entire home/apt,328,28,0,,,9,364,0,
1.20184E+18,Tent 02 - In-tree w/ocean view,485238530,Sana,,Unincorporated Areas,37.45395,-122.34129,Entire home/apt,164,1,25,9/14/25,1.95,4,71,22,
1.20187E+18,Silicon Valley Designer Home (near San Francisco),10193922,Luay,,Redwood City,37.48142828,-122.2303129,Entire home/apt,,20,1,8/9/25,0.63,1,0,1,
1.20217E+18,Tent 01 - Cosy forest w/ ocean view,485238530,Sana,,Unincorporated Areas,37.45473,-122.34133,Entire home/apt,150,1,12,9/15/25,0.95,4,66,10,
1.2032E+18,Private Ranch Glamping,42084077,Brendan,,Unincorporated Areas,37.43389,-122.38127,Entire home/apt,240,1,1,8/17/25,0.75,2,74,1,
1.20367E+18,Over looking SFO airport,590634132,Rodney,,San Bruno,37.63201,-122.44187,Private room,,1,1,9/18/24,0.08,5,269,0,
1.20368E+18,Quiet Oceanview Retreat,77178840,Cory,,Unincorporated Areas,37.5088507,-122.4647567,Entire home/apt,157,2,31,9/1/25,2.38,1,340,28,
1.20382E+18,Brand new 5 br/3ba sleek new townhouse sleeps 10,69133211,Maria,,Redwood City,37.4646827,-122.2251091,Entire home/apt,274,1,24,9/23/25,1.73,10,234,17,
1.20385E+18,Timeless Luxury Retreat in a Historic Estate,236918695,Golara,,Woodside,37.44203,-122.23401,Entire home/apt,500,2,6,7/27/25,0.86,1,347,6,
1.20417E+18,Simple Living,590766624,Jonathan,,Daly City,37.65670093,-122.471346,Entire home/apt,185,2,30,9/18/25,2.39,1,150,29,
1.20467E+18,Luxury 2BR Apt Top Floor Near FB HQ,254463667,Madi,,Menlo Park,37.48623714,-122.1827178,Entire home/apt,265,1,32,9/20/25,2.55,6,232,29,
1.20523E+18,Emerald Hills Retreat,62642427,Dirk,,Unincorporated Areas,37.4690774,-122.2718924,Entire home/apt,276,30,6,6/15/25,0.52,1,253,6,
1.20542E+18,Cozy Private Studio with bathroom in SSF (ML),499104087,Sharon,,South San Francisco,37.65568,-122.41248,Private room,55,30,0,,,26,221,0,
1.20545E+18,Cozy Studio with private bathroom in SFF,499104087,Sharon,,South San Francisco,37.6577396,-122.4178536,Private room,55,30,0,,,26,328,0,
1.20546E+18,Lovely Private Studio with bathroom in SSF (ML),499104087,Sharon,,South San Francisco,37.65568,-122.41248,Private room,55,30,0,,,26,302,0,
1.20548E+18,Cozy Suite Shared Bath & Kitchen near SSF (ML),499104087,Sharon,,South San Francisco,37.65568,-122.41248,Private room,52,30,0,,,26,240,0,
1.20549E+18,Cozy Suite Shared Bath & Kitchen near SSF (ML),499104087,Sharon,,South San Francisco,37.65568,-122.41248,Private room,52,30,0,,,26,309,0,
1.20551E+18,Cozy Suite with Bath Shared Kitchen in SSF (ML),499104087,Sharon,,South San Francisco,37.65568,-122.41248,Private room,57,30,0,,,26,313,0,
1.20582E+18,SFO Getaway,143270769,Lani,,South San Francisco,37.64016988,-122.4368967,Entire home/apt,123,2,11,5/20/25,0.78,1,8,4,
1.20651E+18,Charming Studio in-law Suite by SF,338396490,Alyssa,,Daly City,37.6865,-122.48712,Entire home/apt,,1,1,11/17/24,0.1,1,0,1,
1.20693E+18,Stunning Water Front 5bdrm House- Foster City -GOH,85048744,Sky,,Foster City,37.56357979,-122.2679959,Entire home/apt,316,30,0,,,24,278,0,
1.20725E+18,Modern LUX | Clean & Private Room 1 | <10min SFO,561709785,Jonathan,,Unincorporated Areas,37.65073,-122.439,Private room,70,28,6,5/31/25,0.55,9,254,6,
1.20726E+18,Modern LUX | Clean & Private Room 2 | <10min SFO,561709785,Jonathan,,Unincorporated Areas,37.64932,-122.43759,Private room,72,28,8,6/26/25,0.73,9,254,8,
1.20727E+18,Modern LUX | Master Bedroom + Attached Bathroom,561709785,Jonathan,,Unincorporated Areas,37.64994419,-122.4380901,Private room,85,28,4,7/1/25,0.36,9,254,4,
1.20738E+18,"3 Stanford - Furnished Apartment. Laundry, Parking",9727139,Henrick,,East Palo Alto,37.45852,-122.14024,Entire home/apt,,3,10,9/6/25,1.08,4,0,10,
1.20759E+18,Midcentury Modern Comfy and Cozy/w Jacuzzi,587591185,Truong,,Daly City,37.70024,-122.49274,Entire home/apt,219,2,36,9/7/25,2.54,1,246,28,
1.20865E+18,Jane's Home (AZ) | Central Modern Private Room - 1,250217039,Emily,,East Palo Alto,37.45859,-122.12703,Private room,72,1,9,8/3/25,0.65,59,359,7,
1.20866E+18,World Cup Family House - San Mateo,8354894,Andrew,,San Mateo,37.57559,-122.33848,Entire home/apt,242,3,0,,,2,30,0,
1.20979E+18,Daly city 3B Home Great location,592418902,Weiwen,,Unincorporated Areas,37.6885156,-122.4745982,Entire home/apt,256,2,39,9/23/25,3.66,5,266,39,
1.21026E+18,Gorgeous Half Moon Bay Home,592357653,Pavan,,Unincorporated Areas,37.5039021,-122.4751956,Entire home/apt,237,1,27,8/31/25,2.11,1,348,25,
1.21106E+18,"Furnished, private & sunny room w/ oasis backyard",25495507,Deepti,,Burlingame,37.58600855,-122.3455249,Private room,72,15,12,9/10/25,0.92,1,163,9,
1.21169E+18,"New built townhouse, 3ba, sleeps 7",69133211,Maria,,Redwood City,37.46547078,-122.2261718,Entire home/apt,225,1,14,8/18/25,1,10,334,7,
1.2122E+18,"Coastal Dream! OceanView, steps2beach, HotTub, BBQ",178497309,Melanie,,Unincorporated Areas,37.4962007,-122.4600386,Entire home/apt,626,2,52,9/22/25,3.74,5,280,45,
1.21281E+18,Hunter’s Honmoon,55061330,Tony,,Daly City,37.6728,-122.48703,Private room,75,1,1,9/19/25,1,1,365,1,
1.21392E+18,Entire unit 15 min<SFO,3174847,Christopher,,Daly City,37.69351814,-122.4674143,Entire home/apt,,1,0,,,1,0,0,
1.21533E+18,"Coastal Retreat Near Harbor, Beaches, Restaurants",7452509,Karen,,Unincorporated Areas,37.5089406,-122.4757594,Entire home/apt,622,1,27,9/19/25,2.01,2,187,24,
1.21678E+18,Luxe | Sunny | 3000 Sq Ft Estate | Walk to Dining,87774686,Jenny,,Belmont,37.5178999,-122.2751841,Entire home/apt,131,1,6,8/16/25,0.46,1,2,2,
1.2174E+18,Designer Home Near Stanford/Tech Hub+AC/Gym/Office,105859473,Parham,,Menlo Park,37.45954862,-122.1621362,Entire home/apt,290,3,25,9/19/25,1.82,2,341,22,
1.21853E+18,Newly Remodeled Modern Home,11883793,Jennifer,,East Palo Alto,37.46513,-122.14541,Entire home/apt,195,1,105,9/20/25,7.65,1,86,86,
1.21913E+18,Water Views & Stylish Comforts - 4bdrm House - FM,85048744,Sky,,Foster City,37.56254344,-122.2578688,Entire home/apt,350,30,0,,,24,285,0,
1.21981E+18,Master Suite D with Private Bath on the water - FM,85048744,Sky,,Foster City,37.56285,-122.25838,Private room,87,30,1,11/23/24,0.1,24,292,1,
1.21984E+18,Charming Private Room C with Water View - FM,85048744,Sky,,Foster City,37.56274729,-122.2600412,Private room,80,30,0,,,24,321,0,
1.2199E+18,Entire Oceanview Coastal Retreat in Pacifica,421794482,Sarah,,Pacifica,37.59933,-122.49968,Entire home/apt,257,1,16,8/10/25,1.19,6,330,13,
1.21995E+18,"Clean, quiet 2BR home min to SF!",597957370,Wendy,,Daly City,37.70709,-122.44161,Entire home/apt,186,1,94,9/10/25,7.23,1,313,91,
1.22004E+18,Bright Breezy Rm 5mins walk to BART,588683840,Miki,,Daly City,37.70237,-122.46898,Private room,55,1,8,7/18/25,0.62,12,354,6,
1.22103E+18,2-story 5BR 3BA home in Redwood City with yard,53495207,Chris,,Unincorporated Areas,37.4723,-122.21505,Entire home/apt,,2,22,4/28/25,1.62,2,0,16,
1.22145E+18,"Spacious, Remodeled 2BR Duplex Unit by Downtown SM",297503419,Raymund,,San Mateo,37.5620447,-122.3138136,Entire home/apt,158,3,38,9/18/25,2.94,1,311,34,
1.22185E+18,Charming 3BR Executive Home Minutes from SFO & SF,31763323,Garrett,,Burlingame,37.57878904,-122.3781144,Entire home/apt,348,2,10,9/20/25,2.31,5,243,10,
1.22202E+18,Spacious Guest Suite | 2BD1BA | Few mins to Ocean!,245442039,Gene,,Daly City,37.66974239,-122.489239,Entire home/apt,,1,5,9/10/25,0.38,9,0,3,
1.22258E+18,"Sleek, 3br/3ba brand new sleeps 6",69133211,Maria,,Redwood City,37.4651,-122.2262,Entire home/apt,269,1,9,7/24/25,0.67,10,325,8,
1.22294E+18,Daly CIty Mini suite near BART,588683840,Miki,,Daly City,37.70450755,-122.4685523,Private room,50,3,5,8/31/25,0.57,12,265,5,
1.22323E+18,Deluxe Studio &Private Entrance,436186659,Yu Zhen,,San Mateo,37.56935129,-122.3042061,Private room,220,3,1,9/10/24,0.08,4,365,0,
1.22328E+18,Fun 5BR Coastal Retreat w/ Pool Table/Arcade/Darts,554322849,Taylor,,Unincorporated Areas,37.53902,-122.51645,Entire home/apt,441,2,49,8/24/25,3.96,4,49,45,
1.22338E+18,Large master private room & bath (30+ day rent),86027378,Ernest,,Daly City,37.68250391,-122.4756123,Private room,59,30,4,8/9/25,0.42,9,208,4,
1.22391E+18,Cozy Daly City Bart Private Room with TV,588683840,Miki,,Daly City,37.70241,-122.46763,Private room,52,2,17,8/16/25,1.37,12,233,16,
1.22414E+18,Private room near San Francisco (30+ days rent),86027378,Ernest,,Daly City,37.68095619,-122.4776168,Private room,53,30,2,2/28/25,0.2,9,208,2,
1.22416E+18,Charming Private Studio,41202500,Jennifer,,San Carlos,37.48617,-122.26233,Entire home/apt,140,2,0,,,1,342,0,
1.22427E+18,Private RM /backyard /two twin bed 5m walk to BART,588683840,Miki,,Daly City,37.70419835,-122.4673878,Private room,42,2,2,10/29/24,0.16,12,217,1,
1.22471E+18,One large bedroom near SF (30+ day rent),86027378,Ernest,,Daly City,37.68223754,-122.4754948,Private room,53,30,3,8/10/25,0.42,9,208,3,
1.22472E+18,Room with Bay Area window view (30+ day rent),86027378,Ernest,,Daly City,37.68198324,-122.4775739,Private room,51,30,2,7/26/25,0.2,9,208,2,
1.22491E+18,Cozy house with Backyard BBQ,173370758,Nik,,Redwood City,37.465542,-122.231435,Entire home/apt,286,8,0,,,1,88,0,
1.22497E+18,Cute Room 5 min walk toBART,588683840,Miki,,Daly City,37.7042598,-122.4688129,Private room,49,1,4,3/23/25,0.56,12,196,4,
1.22505E+18,Private Room wt Queensize bed/TV near Bart,588683840,Miki,,Daly City,37.7033572,-122.4678573,Private room,60,2,10,8/30/25,0.8,12,360,9,
1.22508E+18,Spacious room.5 mins walk to BART,588683840,Miki,,Daly City,37.70277578,-122.4687602,Private room,43,2,16,8/11/25,1.28,12,265,15,
1.22509E+18,2F SpaciousRm 5 min walk to BART,588683840,Miki,,Daly City,37.70451025,-122.4682508,Private room,,30,0,,,12,1,0,
1.2255E+18,"2024 built,  sleek 5 br/3 ba, sleep 10 comfortably",69133211,Maria,,Redwood City,37.46394736,-122.2243156,Entire home/apt,370,2,55,9/19/25,4.22,10,313,51,
1.2257E+18,Spacious 3 Bedroom House in SSF,32926167,Lyman,,South San Francisco,37.64871243,-122.4653058,Entire home/apt,254,2,26,9/20/25,2.06,1,69,25,
1.22592E+18,SF Coast Work/Play/Hike + HotTub,3639422,Maria,,Daly City,37.69438,-122.49729,Entire home/apt,217,1,35,9/10/25,2.91,2,63,35,
1.22615E+18,Remodeled Private 2b/1ba Unit,441231798,Michelle,,Burlingame,37.58537,-122.34926,Entire home/apt,153,1,0,,,3,22,0,
1.22623E+18,Spacious XL Private Bedroom near Airport 2 BD/1BA,842359,Betty,,South San Francisco,37.65628714,-122.417626,Private room,95,30,0,,,3,166,0,
1.22757E+18,Cute private bedroom & bathroom!,337550436,John James,,Redwood City,37.48,-122.24456,Private room,64,1,12,5/15/25,0.91,2,236,11,
1.22766E+18,3br 2.5b sunlight family house,20872295,Jiale,,San Mateo,37.53820105,-122.2964779,Entire home/apt,420,28,0,,,3,314,0,
1.22799E+18,Sharon Green: Spacious 2BR Condo,569402562,Tigran,,Menlo Park,37.4247048,-122.1984498,Private room,,1,0,,,1,0,0,
1.22813E+18,Vasara Menlo Park 1BR Condo with Pool,570517474,Tigran,,Menlo Park,37.4846966,-122.1779895,Entire home/apt,,1,3,12/12/24,0.27,2,321,3,
1.22888E+18,Contemporary 2BR Condo with Pool Vasara Menlo Park,570517474,Tigran,,Menlo Park,37.4846966,-122.1779895,Entire home/apt,,1,0,,,2,2,0,
1.22911E+18,20 Mins to Stanford - Modern Hidden Hideaway,460909892,StaywithGK,,Unincorporated Areas,37.46796153,-122.2599652,Entire home/apt,552,3,56,9/4/25,4.24,3,194,46,
1.22918E+18,Newly Furnished 3BD/2BA Duplex,565769712,Ally,,Daly City,37.66584,-122.47596,Entire home/apt,129,1,57,9/7/25,4.41,2,6,55,
1.22972E+18,Modern Guesthouse near Stanford and Meta,4491351,Nikhil,,Menlo Park,37.46063,-122.15639,Entire home/apt,200,2,37,9/21/25,2.93,1,292,36,
1.23044E+18,Spacious Bright Oasis,265485766,Sheng,,Foster City,37.56775,-122.25702,Entire home/apt,,28,18,8/11/25,1.46,1,37,17,
1.23118E+18,"4300 sq ft Bay Escape – Near Beach, Golf & Trails",598199588,Paul,,Half Moon Bay,37.43966234,-122.4273766,Entire home/apt,770,2,10,9/1/25,2.29,1,322,10,
1.23198E+18,Eco-friendly modern stay with Free WiFi,597334246,The Millwood A Boutique Hotel,,Millbrae,37.6096,-122.4014,Private room,,1,23,10/13/24,0.36,2,0,1,
1.23285E+18,Habitación Amplia y confortable,588931685,Beverling,,Millbrae,37.60171,-122.39109,Private room,81,1,64,9/16/25,5.15,1,67,62,
1.23285E+18,"New! Mins to Stanford, Palo Alto, Meta w/Firepit",433259792,Joanne,,East Palo Alto,37.47334551,-122.1406093,Entire home/apt,213,3,10,7/16/25,0.79,5,209,9,
1.23351E+18,Tent 03 - Overlook w/ocean view,485238530,Sana,,Unincorporated Areas,37.45564,-122.34177,Entire home/apt,169,1,41,9/14/25,3.33,4,73,39,
1.23408E+18,Stanford Cozy 2B/1B Home Near Downtown Palo Alto,276523715,Karen,,East Palo Alto,37.46861,-122.13383,Entire home/apt,157,2,8,2/1/25,0.61,18,37,5,
1.23554E+18,Charming Private Room A by the Waterfront -FM,85048744,Sky,,Foster City,37.56256,-122.26003,Private room,67,30,1,2/9/25,0.13,24,352,1,
1.23556E+18,Charming Private Room B by the Waterfront - FM,85048744,Sky,,Foster City,37.56456261,-122.2577313,Private room,105,30,3,9/10/25,0.77,24,291,3,
1.23558E+18,Hillside home with ocean views!,515720681,Scott,,Unincorporated Areas,37.52798,-122.51486,Entire home/apt,321,2,35,9/8/25,3.22,3,76,35,
1.23655E+18,Peaceful Retreat near Stanford,131974899,Faisal,,Woodside,37.40538614,-122.249348,Entire home/apt,224,1,33,9/17/25,2.73,1,56,33,
1.23728E+18,Luxury guesthouse close to SFO/Parking/waterfront,74326060,Pamela,,San Mateo,37.57535,-122.3068,Entire home/apt,123,1,62,9/23/25,8.3,1,228,62,
1.23781E+18,Cozy Suite – Kitchen & Free Airport Shuttle to SFO,501999919,Roompicks,,South San Francisco,37.65814,-122.3966,Hotel room,,1,0,,,10,127,0,
1.23781E+18,"Spacious Suite – Balcony, Kitchen & Living Area",501999919,Roompicks,,South San Francisco,37.65814,-122.3966,Hotel room,,1,2,8/10/25,1.11,10,131,2,
1.23781E+18,Family Escape – Spacious All-Suite Hotel in SF!,501999919,Roompicks,,South San Francisco,37.65814,-122.3966,Hotel room,,1,0,,,10,124,0,
1.23781E+18,Suite Life – Fresh Cookies & Comfortable Stay,501999919,Roompicks,,South San Francisco,37.65814,-122.3966,Hotel room,,1,0,,,10,135,0,
1.23781E+18,Romantic Getaway – Cozy Suite Perfect for Couples!,501999919,Roompicks,,South San Francisco,37.65814,-122.3966,Hotel room,,3,3,8/4/25,0.69,10,360,3,
1.23781E+18,1BR Suite Near Chinatown – Kitchen & Living Area,501999919,Roompicks,,South San Francisco,37.65814,-122.3966,Hotel room,235,1,0,,,10,352,0,
1.23781E+18,Perfect for Groups – 2 Suites w/ Kitchen & Living!,501999919,Roompicks,,South San Francisco,37.65814,-122.3966,Hotel room,,3,3,8/10/25,1.2,10,339,3,
1.23781E+18,"3 Suites – Pet-friendly, w/ Kitchen & Living Area",501999919,Roompicks,,South San Francisco,37.65814,-122.3966,Hotel room,,3,1,8/23/25,0.88,10,329,1,
1.23781E+18,4 Suites – Spacious Group Stay w/ Kitchen & Living,501999919,Roompicks,,South San Francisco,37.65814,-122.3966,Hotel room,,1,0,,,10,328,0,
1.23781E+18,Cozy Pet-friendly 1BR Suite – Balcony & Kitchen!,501999919,Roompicks,,South San Francisco,37.65814,-122.3966,Hotel room,,3,0,,,10,130,0,
1.23874E+18,Cozy 2 Bedroom with Large Deck,8514389,Anna,,Menlo Park,37.46346193,-122.1528936,Entire home/apt,191,7,22,9/17/25,1.79,1,121,21,
1.23937E+18,Cozy place near SFO airport,598449920,Janak,,San Mateo,37.5762137,-122.3190204,Private room,99,1,16,6/22/25,1.27,2,365,12,
1.23939E+18,Cozy place near SFO airport,598449920,Janak,,San Mateo,37.5762137,-122.3190204,Private room,127,1,3,4/30/25,0.24,2,365,2,
1.23997E+18,Stylish Private Bedroom with King Bed,1025039,Angela,,San Mateo,37.54984,-122.29886,Private room,86,1,23,9/4/25,1.89,3,321,23,
1.24084E+18,JANE'S HOME (HO) | San Mateo Downtown 3B2B Home,250217039,Emily,,San Mateo,37.56766415,-122.3075121,Entire home/apt,241,2,18,6/24/25,1.72,59,327,18,
1.2413E+18,Serene Waterfront Private Room A w/Deck Access-GOH,85048744,Sky,,Foster City,37.56537186,-122.2682894,Private room,125,30,2,8/31/25,0.62,24,347,2,
1.24131E+18,Serene Waterfront Private Room B - Foster City-GOH,85048744,Sky,,Foster City,37.56368,-122.26769,Private room,69,30,0,,,24,290,0,
1.24132E+18,Serene Waterfront Private Room C - Foster City-GOH,85048744,Sky,,Foster City,37.56404,-122.2665,Private room,69,30,0,,,24,359,0,
1.24214E+18,Relax Coastal Retreat: Beautiful 2B Home Nr Beach,226555948,Gino Angelo Timpog,,Unincorporated Areas,37.5054453,-122.4795396,Entire home/apt,206,2,35,9/12/25,2.89,15,349,35,
1.24235E+18,Room in Hillsdale,321658226,Wai Yan,,San Mateo,37.54114727,-122.3035429,Private room,100,1,0,,,1,365,0,
1.24245E+18,Charming Private Bedroom with Queen Bed,1025039,Angela,,San Mateo,37.55212686,-122.2981117,Private room,86,1,13,9/4/25,1.05,3,351,12,
1.24306E+18,Brand new  5 br/3ba sleeps 12 spacious townhouse,69133211,Maria,,Redwood City,37.46395155,-122.2240122,Entire home/apt,260,2,28,9/17/25,2.32,10,330,28,
1.24363E+18,Freebies like WiFi and onsite parking,580187704,Hotel Aura,,San Bruno,37.6177,-122.40828,Private room,,1,1,2/4/25,0.13,4,60,1,
1.24363E+18,"Ideal spot next to SFO, perfect for early flights",580187704,Hotel Aura,,San Bruno,37.61763,-122.40836,Private room,143,1,11,8/31/25,1.34,4,98,11,
1.24363E+18,"Close to the airport, plus accessible features",580187704,Hotel Aura,,San Bruno,37.61763,-122.40836,Private room,,1,1,12/18/24,0.11,4,78,1,
1.24363E+18,Complimentary breakfast & newspapers daily,580187704,Hotel Aura,,San Bruno,37.61763,-122.40836,Private room,153,1,1,7/23/25,0.46,4,89,1,
1.24371E+18,Clean Modern 2BD/2BA House near downtown San Mateo,256895225,Jimmy,,Foster City,37.55391,-122.27789,Entire home/apt,114,1,26,9/8/25,2.28,4,70,26,
1.24374E+18,Private Studio in Burlingables,578136920,Salima,,Burlingame,37.58626,-122.3441777,Entire home/apt,153,2,9,1/24/25,0.75,1,360,9,
1.24384E+18,Room close to SF downtown,24260510,Martin,,South San Francisco,37.6553782,-122.408974,Private room,,1,0,,,1,0,0,
1.24387E+18,R5 Provate Br wt TV/Desk/WiFI,588683840,Miki,,Daly City,37.70271882,-122.4669319,Private room,60,2,2,3/8/25,0.16,12,321,1,
1.24464E+18,Panoramic Ocean View in New ADU,59742858,Shiraz,,Pacifica,37.64934423,-122.4768021,Entire home/apt,,30,0,,,1,0,0,
1.24505E+18,Gorgeous 5Bd/3Ba Property in Sun Valley | Getaway!,598636638,Maricar,,Pacifica,37.59384,-122.48905,Entire home/apt,,1,34,8/20/25,3.11,1,0,34,
1.24713E+18,"Palo Alto Master , private bathrm near Stanford",1534567,Tanveer,,East Palo Alto,37.46635,-122.15076,Private room,110,2,7,3/5/25,0.64,3,303,7,
1.24732E+18,Furnished Mills Estates Gem:  Tranquil Living,464137580,Linda,,Millbrae,37.5911569,-122.3942954,Entire home/apt,,2,0,,,1,0,0,
1.24934E+18,Brand New  Spacious 3br/3ba sleeps 7,69133211,Maria,,Redwood City,37.46380008,-122.2241332,Entire home/apt,272,1,2,5/4/25,0.19,10,329,2,
1.24936E+18,Palo Alto Suite 4 private entry/bath near Stanford,1534567,Tanveer,,East Palo Alto,37.46479345,-122.150764,Private room,107,2,4,9/11/25,0.34,3,362,4,
1.24953E+18,"Updated Modern Home, 3 min to Bart & 10 min to SFO",53591422,Miranda,,Daly City,37.6917315,-122.4662612,Entire home/apt,215,2,59,9/24/25,4.99,2,217,59,
1.24971E+18,Beautiful private room to rent,9951115,Raphael,,Foster City,37.54845,-122.26759,Private room,103,1,1,6/5/25,0.27,1,360,1,
1.25002E+18,Half Moon Bay Oceanfront Home,6327891,Gary,,Unincorporated Areas,37.53661,-122.51851,Entire home/apt,300,30,0,,,1,364,0,
1.25006E+18,Family friendly + crib + office,4049117,He,,Belmont,37.5198,-122.29957,Entire home/apt,,3,0,,,1,0,0,
1.25091E+18,Lux 2 rms entire place near SF!,43546317,Henry,,Daly City,37.70535,-122.431,Entire home/apt,,1,0,,,9,347,0,
1.25148E+18,Brand new sleek and large 2br/3ba sleeps 7,69133211,Maria,,Redwood City,37.4658661,-122.2256924,Entire home/apt,223,1,16,9/16/25,1.32,10,339,16,
1.25173E+18,Breathtaking CA Coast Airstream - Beachfront (NEW),653531269,Sara,,Unincorporated Areas,37.36194198,-122.4016689,Entire home/apt,307,1,30,8/31/25,2.47,2,159,30,
1.25286E+18,Belmont Private Studio,653793092,Todd Jason,,Belmont,37.5237,-122.26854,Entire home/apt,128,3,3,3/4/25,0.36,1,361,3,
1.2532E+18,Chic Studio Townhome in DT San Mateo,18415932,Nikil,,San Mateo,37.56991872,-122.3231498,Entire home/apt,125,5,10,5/5/25,0.85,1,312,10,
1.25371E+18,Modern Studio with Private Backyard Near Stanford,276523715,Karen,,Redwood City,37.4799923,-122.2149062,Entire home/apt,,1,11,8/31/25,0.96,18,343,11,
1.25373E+18,Stay in Quiet San Bruno 10 mins from SFO,590634132,Rodney,,San Bruno,37.63023,-122.44163,Private room,114,1,3,1/1/25,0.26,5,364,3,
1.25413E+18,180° backyard ocean view 2bd/1ba coastal getaway!,2846871,Joshua,,Pacifica,37.64654,-122.48054,Entire home/apt,215,2,19,6/14/25,1.88,2,327,19,
1.25431E+18,Brand New 1 Bedroom in South San Francisco!,654136440,Dustin,,South San Francisco,37.65537,-122.40745,Entire home/apt,169,4,2,1/1/25,0.2,5,45,2,
1.25432E+18,Enjoy a stay in South San Fran,654136440,Dustin,,South San Francisco,37.65722215,-122.4083908,Entire home/apt,180,4,2,11/17/24,0.19,5,14,2,
1.25445E+18,Peaceful Beautiful Woodside Home,431878995,Frank,,Woodside,37.44283,-122.23155,Entire home/apt,280,23,3,7/13/25,0.52,1,102,3,
1.25531E+18,Cozy Meta Stanford Retreat with PS4 Gaming & BBQ,5202989,Ana,,Menlo Park,37.47978,-122.16441,Entire home/apt,204,1,16,9/19/25,1.37,2,7,16,
1.2554E+18,Serene Waterfront Private Room D- Foster City-GOH,85048744,Sky,,Foster City,37.56394,-122.26789,Private room,68,30,1,3/2/25,0.14,24,278,1,
1.25541E+18,Serene Waterfront Private Room w/Bath - GOH E,85048744,Sky,,Foster City,37.56490772,-122.2680839,Private room,79,30,2,8/10/25,0.33,24,365,2,
1.25666E+18,Spacious Guest House with Yard,34226895,Rozbeh,,Burlingame,37.580839,-122.3629746,Entire home/apt,130,30,2,2/28/25,0.2,2,328,2,
1.25677E+18,Stowe Cottage in San Mateo Park,126995993,Nina,,San Mateo,37.57000048,-122.3412794,Entire home/apt,230,30,18,8/9/25,1.56,1,120,18,
1.25725E+18,Furnished well appointed cottage,448334641,Betsy,,San Carlos,37.48721,-122.26596,Entire home/apt,138,30,0,,,1,263,0,
1.25797E+18,Spacious Coastal Retreat near the Harbor/Beaches,7452509,Karen,,Unincorporated Areas,37.50863866,-122.4765571,Entire home/apt,543,1,15,8/26/25,1.25,2,31,15,
1.25804E+18,"New 1B1B; near 101 freeway, public transit & SFO",265030081,Lynda,,Daly City,37.70641825,-122.4085573,Entire home/apt,159,2,7,9/14/25,0.6,1,46,7,
1.25842E+18,ZZ-NEW! Forest Getaway | Huge Deck|Bright|Spacious,509346058,Malcolm,,San Bruno,37.6330756,-122.4395244,Entire home/apt,170,30,0,,,19,233,0,
1.25871E+18,Large furnished room-downtown,19933824,Cc,,Menlo Park,37.44806,-122.18635,Private room,66,7,2,7/29/25,0.21,2,365,2,
1.25881E+18,"Spacious, Entire Private Guest Suite-with Parking",598265452,Christie,,Daly City,37.6892042,-122.4954629,Entire home/apt,146,2,19,9/21/25,1.67,1,330,19,
1.25988E+18,Charming Burlingame Guest House,19187260,Yansui,,San Mateo,37.57333702,-122.3429631,Entire home/apt,91,30,1,4/26/25,0.2,1,298,1,
1.26022E+18,Cool California Coast Airstream,653531269,Sara,,Unincorporated Areas,37.36132563,-122.4018834,Entire home/apt,249,1,28,9/8/25,2.42,2,155,28,
1.26051E+18,Fits 14 only 20 min to SF close to Airport Beaches,554328827,Mark,,Pacifica,37.64389235,-122.4718239,Entire home/apt,530,2,23,8/24/25,1.95,1,83,23,
1.26242E+18,Quiet Room Near Meta | Fast WiFi + Desk Setup,474861965,Echo,,East Palo Alto,37.45957189,-122.1324373,Private room,46,2,6,6/29/25,0.56,4,62,6,
1.26242E+18,"E6 Cozy Space Near Meta, Stanford & Palo Alto Tech",474861965,Echo,,East Palo Alto,37.45742,-122.13092,Shared room,33,3,1,6/22/25,0.31,4,116,1,
1.26272E+18,Lovely Private Studio with Full Bath,467163507,Karen,,Unincorporated Areas,37.6939,-122.48253,Entire home/apt,98,1,12,9/6/25,1.08,4,128,12,
1.26322E+18,"Palo Alto private apt, full kitchen near Stanford",1534567,Tanveer,,East Palo Alto,37.4659,-122.14963,Entire home/apt,126,2,8,8/16/25,0.73,3,336,8,
1.2642E+18,Cozy Budget Private room Shared Bath near Kaiser F,499104087,Sharon,,Daly City,37.67052081,-122.4818774,Private room,58,1,3,4/7/25,0.26,26,333,3,
1.26421E+18,M&J 2B1B  House/Meta/Stanford | 1306,156796670,Yoyo,,Redwood City,37.46602861,-122.2343618,Entire home/apt,,2,16,6/3/25,1.41,1,0,16,
1.26473E+18,Parkside Treasure Master Bedroom,656520893,Gordana,,East Palo Alto,37.45797,-122.13171,Private room,108,3,5,5/29/25,0.48,3,83,5,
1.26495E+18,舒適便利，適合家人朋友出遊的乾淨獨棟房子3房2厕,656562136,Yinyu,,Daly City,37.70224644,-122.4904558,Entire home/apt,350,2,24,9/17/25,2.64,2,157,24,
1.26546E+18,"Beach Studio, Parking, Backyard",2310061,Hanna,,Pacifica,37.59522662,-122.5094162,Entire home/apt,111,1,55,9/18/25,4.81,3,330,55,
1.26546E+18,House on the Coast!,4341997,Mark,,Daly City,37.6799203,-122.492943,Private room,75,1,13,8/24/25,1.13,1,353,13,
1.26555E+18,Lantern Upper House,18905550,Yi,,Redwood City,37.4818112,-122.2334924,Entire home/apt,284,2,33,8/21/25,3.05,1,352,33,
1.26569E+18,舒適現代便捷的Daly City獨棟房子4房2厕,656562136,Yinyu,,Daly City,37.70115,-122.4912,Entire home/apt,409,2,20,9/7/25,1.92,2,157,20,
1.26598E+18,Coastal Cottage,37725173,Adanya,,Unincorporated Areas,37.54136701,-122.5090705,Entire home/apt,,2,7,9/21/25,0.67,1,0,7,
1.26687E+18,"4 Stanford - Furnished Apartment. Laundry, Parking",9727139,Henrick,,East Palo Alto,37.45834,-122.14111,Entire home/apt,154,3,6,9/19/25,0.57,4,114,6,
1.2674E+18,YieldMax (DU) | Central Location+AC Private Room 2,250217039,Emily,,East Palo Alto,37.46591069,-122.1473506,Private room,55,1,4,5/25/25,0.41,59,342,4,
1.26829E+18,Gorgeous SF Peninsula room !,21775284,Ilina,,Belmont,37.5091919,-122.2903762,Private room,130,1,0,,,1,83,0,
1.2683E+18,Eco-friendly modern stay with Free WiFi,597334246,The Millwood A Boutique Hotel,,Millbrae,37.6096,-122.4014,Private room,225,1,1,12/31/24,0.11,2,143,1,
1.26992E+18,Escape To The Coast!,71975,Oscar,,Unincorporated Areas,37.53743421,-122.5025334,Entire home/apt,339,2,8,7/27/25,0.88,2,0,8,
1.26994E+18,6 BEDR Central Large Home | Downtown SM | INTERNs,500469429,Winry,,San Mateo,37.57073573,-122.3190819,Entire home/apt,224,33,0,,,5,364,0,
1.2704E+18,Modern Menlo Park 2br Ap #2,9328763,Valentina,,Menlo Park,37.48657623,-122.1845169,Entire home/apt,425,4,3,5/16/25,0.51,6,211,3,
1.27055E+18,Private Room | Private Attached bathroom| Fan & TV,500469429,Winry,,San Mateo,37.57088708,-122.3190376,Private room,61,30,0,,,5,350,0,
1.27105E+18,1.Cozy&Private Room Near Stanford Campus&Downtown,276523715,Karen,,Redwood City,37.48008,-122.21701,Private room,64,1,1,4/26/25,0.2,18,183,1,
1.27124E+18,Pet Friendly Sunset Over the Pacific Ocean,94959426,Parisa,,Pacifica,37.64441038,-122.4740243,Entire home/apt,208,1,40,8/31/25,3.75,1,82,40,
1.27192E+18,"Ocean views, modern cozy stay.",432409359,Linda,,Daly City,37.66579,-122.49149,Private room,288,1,0,,,1,365,0,
1.27285E+18,Stanford Traveler's love mastersuite near downtown,276523715,Karen,,Redwood City,37.47957066,-122.2151909,Private room,95,2,1,6/1/25,0.26,18,336,1,
1.27339E+18,Nest,253679334,Victoria,,Daly City,37.65509541,-122.4590661,Private room,69,7,0,,,2,365,0,
1.27339E+18,Nest,253679334,Victoria,,Daly City,37.65522219,-122.4592486,Private room,76,7,0,,,2,365,0,
1.27467E+18,A cozy room,658775610,Cecille,,San Bruno,37.63855571,-122.4563043,Private room,53,1,0,,,1,361,0,
1.27502E+18,Charming 3BR/3BA Home Moss Beach,658860305,Demece,,Unincorporated Areas,37.5282798,-122.5152899,Entire home/apt,440,2,1,12/3/24,0.1,1,87,1,
1.27586E+18,Private Large Room | Good Lighting | Shared Bath,500469429,Winry,,San Mateo,37.57153,-122.32103,Private room,66,30,0,,,5,267,0,
1.27688E+18,Ocean Cottage•Fire Pit•Trampoline•Outdoor Kitchen,977618,Mihajlo,,Pacifica,37.64988,-122.48296,Entire home/apt,210,2,37,8/31/25,3.49,2,244,37,
1.2769E+18,King Bed | Fully Furnished 2B 2B | By Stanford,316641588,Jarelle,,Unincorporated Areas,37.51891,-122.33829,Entire home/apt,209,31,0,,,6,230,0,
1.27755E+18,Modern LUX | New & Private Suite Unit | <10min SFO,561709785,Jonathan,,Unincorporated Areas,37.65072271,-122.4413402,Entire home/apt,160,28,10,8/4/25,0.95,9,269,10,
1.27787E+18,Private Rooms in Cozy Family Home,1235054,Jennifer Anne,,Menlo Park,37.46044,-122.15348,Entire home/apt,344,3,0,,,2,90,0,
1.27794E+18,A Romantic Studio w Stunning Ocean View,24845716,Yifang,,Unincorporated Areas,37.53088,-122.51432,Entire home/apt,183,1,0,,,2,348,0,
1.27848E+18,Cozy Private Room Daly City,205094864,Khai,,Daly City,37.70018668,-122.4201678,Private room,59,30,1,5/8/25,0.21,2,359,1,
1.27919E+18,Modern LUX | <10min from SFO  | Upstairs Unit,561709785,Jonathan,,South San Francisco,37.64783409,-122.4473649,Entire home/apt,320,28,4,8/12/25,1.56,9,270,4,
1.28009E+18,NEW SF Palm House Relaxing Stay 4br,4071737,Shuyan,,South San Francisco,37.65991339,-122.4204617,Entire home/apt,323,2,43,8/24/25,3.93,3,71,43,
1.28036E+18,Private comfy guest studio,24092577,Vanessa,,Redwood City,37.48039,-122.21435,Entire home/apt,,3,0,,,1,0,0,
1.28051E+18,"Timia: Beautiful,spacious,large room in Prime area",425039978,Namit,,East Palo Alto,37.46736,-122.14528,Private room,70,3,3,8/27/25,0.43,10,353,3,
1.28056E+18,Downtown Silicon Valley Restaurant-Heaven Loft,431504708,Jeremy,,Burlingame,37.58692,-122.36593,Entire home/apt,76,5,6,8/29/25,0.6,1,64,6,
1.28134E+18,Quiet bedroom by the beach 30 Days Minimum,97684664,Chantal,,Pacifica,37.59006786,-122.5014307,Private room,69,30,1,3/15/25,0.15,2,365,1,
1.28269E+18,Brand-new luxurious guesthouse (King bed) in MPK,34332363,Weichuan,,Menlo Park,37.47429,-122.16365,Entire home/apt,179,1,23,9/19/25,2.14,1,334,23,
1.28335E+18,R1 DalyCity Pvirave Cozy room 2beds,592418902,Weiwen,,Daly City,37.68825579,-122.47564,Private room,,1,17,6/21/25,1.7,5,0,17,
1.2834E+18,R3 DalyCity Downtown private BR,592418902,Weiwen,,Daly City,37.68947506,-122.4743903,Private room,,2,9,7/4/25,1.15,5,0,9,
1.28369E+18,R2 Private BR  KingBed/Projector,592418902,Weiwen,,Daly City,37.68790969,-122.4753058,Private room,,1,4,6/20/25,0.41,5,0,4,
1.2841E+18,Private Studio B near SFO airport & SF Downtown,5628029,Sally,,Daly City,37.70655445,-122.4519962,Entire home/apt,77,45,0,,,2,267,0,
1.28449E+18,Home in a quite neighborhood,103599933,Athena,,Redwood City,37.45975,-122.24396,Entire home/apt,,3,2,11/21/24,0.19,1,0,2,
1.28452E+18,Luxurious Private Coastal Home Hot Tub Ocean Views,481729390,Sandra,,Pacifica,37.59596,-122.50363,Entire home/apt,530,1,29,9/1/25,2.97,7,323,29,
1.28501E+18,Unique and Comfortable 1B/1BA Suite in SSF,654136440,Dustin,,South San Francisco,37.65488,-122.40847,Entire home/apt,,4,5,1/29/25,0.5,5,2,5,
1.28503E+18,Amazing and Comfortable 2BD/2BA in South SF!,654136440,Dustin,,South San Francisco,37.65671732,-122.4088844,Entire home/apt,,3,8,3/21/25,0.8,5,0,8,
1.28936E+18,Sunny 2 Bedroom with Pool Near Standford Hospitals,292773573,Sabine,,Redwood City,37.4634281,-122.2495157,Entire home/apt,212,1,6,8/25/25,0.66,8,33,6,
1.28951E+18,"795 - Awesome 2B1B Unit near Beach, SFSU & BART",250584391,Victor 5,,Daly City,37.69947627,-122.4910918,Entire home/apt,152,2,49,9/12/25,4.97,35,123,49,
1.28954E+18,Jane's Home (WS) | Central Location Room -3,250217039,Emily,,East Palo Alto,37.46081971,-122.1286822,Private room,64,1,4,4/5/25,0.39,59,326,4,
1.28955E+18,Jane's Home (WS) | Central Location Room -A,250217039,Emily,,East Palo Alto,37.46040065,-122.126694,Private room,70,1,5,6/10/25,0.55,59,360,5,
1.29001E+18,2 Bedroom Private Condo near SFO,166505359,Crystal,,San Mateo,37.5683946,-122.3104218,Entire home/apt,160,30,11,5/23/25,1.19,1,231,11,
1.291E+18,EasyParking | MinsToTechs | Peaceful Home | HotTub,538441356,Ruijia,,East Palo Alto,37.45616,-122.13282,Entire home/apt,365,2,37,9/10/25,3.64,3,80,37,
1.29156E+18,"Pink Victorian, walk everywhere",38242935,Williams Stanley,,Redwood City,37.4797494,-122.2316689,Private room,87,1,9,9/23/25,1.07,1,355,9,
1.29361E+18,Gracious Urban Digs near Silicon Valley & SF,23723705,Ana,,San Mateo,37.5699734,-122.3241929,Private room,77,30,1,5/11/25,0.22,6,268,1,
1.29395E+18,Luxury Hilltop Retreat Near SF – Business/ Leisure,663093856,Chowdhury,,Daly City,37.65914835,-122.4629158,Entire home/apt,300,2,40,8/15/25,4.01,1,316,40,
1.2943E+18,Clean apartment near SFO airport,2626956,Alex,,San Mateo,37.5773,-122.31959,Entire home/apt,125,4,0,,,2,268,0,
1.29515E+18,Masterroom with private entrance,86083871,Kina,,Burlingame,37.58289,-122.3425,Private room,75,28,2,8/3/25,0.46,2,236,2,
1.29527E+18,3BR/2BA|front&backyard|20 minutes to SF/SJ,575482676,Priscila,,Unincorporated Areas,37.47872,-122.20325,Entire home/apt,285,1,51,9/18/25,5.5,1,0,51,
1.29535E+18,Redwood City Gem,38964894,Juliet,,Redwood City,37.48584828,-122.2217712,Entire home/apt,185,2,4,8/17/25,0.44,3,348,4,
1.29568E+18,Blueground | San Mateo 2bd apartment,107434423,,,San Mateo,37.5707795,-122.3376049,Entire home/apt,446,60,0,,,144,361,0,
1.29579E+18,Luxury Coastal Estate near San Francisco,663357793,Jinsoo,,Pacifica,37.5906163,-122.4672666,Entire home/apt,1584,2,19,9/1/25,2.57,2,338,19,
1.29586E+18,Pacifica Coastline Retreat,182067651,Eileen,,Pacifica,37.64573919,-122.4833935,Entire home/apt,253,2,19,9/20/25,4.35,1,346,19,
1.29586E+18,Parkside Room with Street View,656520893,Gordana,,East Palo Alto,37.45762,-122.13044,Private room,97,5,2,8/23/25,0.59,3,90,2,
1.29594E+18,Cozy and Central 4 Bedroom Home!,214319626,Raymond,,Daly City,37.6724068,-122.4808455,Entire home/apt,275,5,1,7/4/25,0.36,1,357,1,
1.29647E+18,[New!] Menlo Park Designer Room,573191060,Lihua,,Menlo Park,37.47432685,-122.1625329,Private room,73,1,16,8/24/25,1.69,9,304,16,
1.29661E+18,[New!] Stylish Room in Menlo Park,573191060,Lihua,,Menlo Park,37.47316,-122.16075,Private room,72,1,8,8/25/25,0.83,9,357,8,
1.29662E+18,[New!] Modern Room Menlo Park,573191060,Lihua,,Menlo Park,37.47425709,-122.1623723,Private room,80,1,8,6/21/25,0.81,9,349,8,
1.29662E+18,[New!] Trendy Stay near Stanford,573191060,Lihua,,Menlo Park,37.4731,-122.16079,Private room,59,1,11,8/22/25,1.13,9,334,11,
1.29787E+18,King Bed Fully Furnished 1 Bed 1 Bath By Stanford,316641588,Jarelle,,Redwood City,37.48495,-122.18246,Entire home/apt,248,60,3,12/5/24,0.3,6,328,3,
1.29796E+18,Fully Furnished 1 Bed 1 Bath by Stanford,316641588,Jarelle,,Unincorporated Areas,37.51757402,-122.336094,Entire home/apt,155,31,8,7/30/25,0.81,6,323,8,
1.29937E+18,single house,484020195,Biyi,,San Mateo,37.54037,-122.29098,Entire home/apt,404,1,2,8/10/25,1.25,1,365,2,
1.29962E+18,"2 Stanford - Furnished Apartment. Laundry, Parking",9727139,Henrick,,East Palo Alto,37.45775,-122.13915,Entire home/apt,153,4,10,9/7/25,1.27,4,161,10,
1.30075E+18,San Mateo Westwood Knolls ADU,290646276,Marc,,San Mateo,37.52341,-122.30283,Entire home/apt,130,30,1,3/16/25,0.15,1,219,1,
1.30149E+18,Suite 3 Newly Remodeled Modern Home on 1/2 acre,10811796,Paul K.,,East Palo Alto,37.46501013,-122.1366197,Private room,80,30,3,9/6/25,0.38,3,280,3,
1.30163E+18,Elegant and Inviting Home in RWC,664754528,Cheng,,Redwood City,37.46059,-122.24732,Entire home/apt,295,2,11,9/21/25,1.16,1,305,11,
1.30165E+18,Stylish Executive King 1BR w/ AC | Walk 2 train/DT,2860537,Saik Kia,,Redwood City,37.49186015,-122.2360784,Entire home/apt,193,2,47,9/22/25,4.8,4,90,47,
1.30234E+18,Spacious MBr w great facilities,20633135,Irene,,South San Francisco,37.6519023,-122.4447258,Private room,85,15,1,8/25/25,0.94,2,363,1,
1.30313E+18,Nicely Furnished 2BR Menlo Park Apartment,12940850,Kevin,,Menlo Park,37.45342,-122.17267,Entire home/apt,248,3,3,4/20/25,0.43,6,0,3,
1.30317E+18,Sunsetview Studio near beach/SF,5390769,Gennadiy,,Daly City,37.6843015,-122.4921465,Entire home/apt,125,1,16,7/22/25,1.75,2,18,16,
1.30464E+18,Luxury Home with Bay View & SFO - Hosted,128324965,Julien,,San Bruno,37.6162755,-122.4361659,Entire home/apt,293,3,11,8/19/25,1.53,1,340,11,
1.30549E+18,Ocean Front Modern Townhouse Near SF,401766949,Lika,,Pacifica,37.6337574,-122.4946765,Entire home/apt,382,2,39,9/21/25,4.24,1,69,39,
1.30624E+18,Modern Living + Central Location,64777821,Ashley,,Unincorporated Areas,37.47709429,-122.2056163,Private room,111,1,0,,,1,365,0,
1.30679E+18,lx51 History in Pescadero,2360802,Sean,,Unincorporated Areas,37.24960329,-122.3826078,Entire home/apt,178,1,16,9/21/25,1.71,1,342,16,
1.30812E+18,Bright Quiet Convenient 1B/2B/2B,3275413,Traci,,Redwood City,37.47365,-122.22884,Entire home/apt,159,2,16,9/14/25,2.16,1,19,16,
1.30829E+18,Peaceful Menlo Park House: Two bedrooms + Sunroom,6508824,Jia An,,Unincorporated Areas,37.47407361,-122.1920866,Entire home/apt,261,2,52,9/22/25,5.63,1,215,52,
1.30833E+18,Chateau Palo Alto - Best Bay Area Location,51021687,Sonja,,East Palo Alto,37.46528073,-122.1425492,Private room,57,2,8,8/14/25,0.85,2,336,8,
1.30836E+18,NEW luxury contemporary home,67672598,Young,,Redwood City,37.484,-122.18983,Entire home/apt,282,28,9,8/29/25,1.53,1,258,9,
1.30895E+18,2 Queen Beds | Near Airport. Pool. Free Breakfast,650381166,Melode,,Millbrae,37.60744837,-122.3972126,Private room,134,1,97,9/7/25,12.33,2,169,97,
1.30917E+18,Modern Comfort: South San Francisco Edition,90380986,David,,South San Francisco,37.63613243,-122.4428021,Entire home/apt,376,31,0,,,1,364,0,
1.30977E+18,Affordable 1BR Unit w/ Full kitchen near Genentech,448790744,Sally,,South San Francisco,37.65352121,-122.4139127,Entire home/apt,80,1,3,3/27/25,0.41,9,164,3,
1.30977E+18,Charming & Affordable 1 Bed 1 Bath near Genentech,448790744,Sally,,South San Francisco,37.65367753,-122.4140359,Entire home/apt,80,1,3,6/15/25,0.48,9,168,3,
1.30977E+18,Cozy Affordable 1BR1Bath LivingRoom near Genentech,448790744,Sally,,South San Francisco,37.65519,-122.41254,Entire home/apt,100,1,4,5/3/25,0.54,9,166,4,
1.30979E+18,Wave House: Oceanfront Retreat - Mavericks Suite,7208009,Paul,,Half Moon Bay,37.49404205,-122.4611556,Private room,304,2,10,9/21/25,1.67,4,100,10,
1.30985E+18,Cozy apartment close to Bart Station 1,663253568,Raymond,,Daly City,37.70333,-122.46358,Entire home/apt,133,1,1,6/5/25,0.27,15,223,1,
1.30991E+18,Wave House: Oceanfront Retreat - Miramar Suite,7208009,Paul,,Unincorporated Areas,37.49581,-122.46064,Private room,289,2,15,9/1/25,2.03,4,92,15,
1.3103E+18,Cozy 2BR 1Bath apartment close to Bart Station 2,663253568,Raymond,,Daly City,37.70336,-122.46358,Entire home/apt,139,1,2,5/30/25,0.22,15,231,2,
1.31033E+18,Cozy 2BR 1Bath apartment close to Bart Station 3,663253568,Raymond,,Daly City,37.70336,-122.46358,Entire home/apt,150,1,5,8/31/25,0.92,15,229,5,
1.31034E+18,Cozy 2BR 1Bath apartment close to Bart Station 4,663253568,Raymond,,Daly City,37.7033632,-122.46358,Entire home/apt,150,1,7,9/5/25,1.13,15,223,7,
1.31055E+18,Freshly Remodeled House in South San Francisco,50206551,Ma Victoria Tuvilla,,South San Francisco,37.65949,-122.4613,Entire home/apt,249,2,42,9/22/25,4.72,1,207,42,117603
1.3117E+18,"Studio Near Meta: Pool, Spa, Gym + Resort Living!",188644940,Nicole,,Menlo Park,37.4846865,-122.1778869,Entire home/apt,140,2,17,8/13/25,2.04,1,14,17,
1.31207E+18,Friendly & Comfort Cozy Home,45454822,PikYu,,East Palo Alto,37.47048595,-122.1478676,Private room,45,30,1,1/2/25,0.11,2,364,1,
1.31329E+18,Downtown Menlo Park.,515907985,Rona,,Menlo Park,37.45109077,-122.1833254,Private room,90,2,26,9/13/25,3.07,1,341,26,
1.31339E+18,Cute flirty apartment,657851745,Zyania,,San Mateo,37.5737547,-122.3102304,Private room,57,1,0,,,1,355,0,
1.31371E+18,South SF Spacious Entire unit with 3brs 3Bth on 2F,568010751,Ling,,South San Francisco,37.65789,-122.41853,Entire home/apt,291,2,9,8/31/25,1.89,5,340,9,
1.31419E+18,Spacious Urban Digs near SF & Silicon Valley,23723705,Ana,,San Mateo,37.56955,-122.32528,Private room,50,30,0,,,6,277,0,
1.31444E+18,"Blueground | Menlo Park, EV charge, nr Stanford",107434423,,,Menlo Park,37.4576183,-122.189152,Entire home/apt,440,31,0,,,144,257,0,
1.3147E+18,"Eco E2: Fast Wi-Fi, Easy to Stanford, Meta",270588526,Reheman,,East Palo Alto,37.45688,-122.13175,Private room,77,2,13,6/16/25,1.68,2,123,13,
1.31471E+18,Hilltop Serenity,46787957,Kuai,,Belmont,37.50122,-122.29494,Entire home/apt,631,1,1,12/25/24,0.11,1,328,1,
1.3153E+18,[New:Tuit]  Private spacious Room Near Tech Hubs,541287312,Live By East Bay,,Menlo Park,37.48003239,-122.1587106,Private room,60,7,4,8/23/25,0.69,5,268,4,
1.31533E+18,Experience the Pinnacle of Coastal Living at,481729390,Sandra,,Unincorporated Areas,37.5046,-122.48669,Entire home/apt,924,1,22,9/2/25,2.44,7,176,22,
1.31606E+18,3BR/3BA House 8min from SFO,210218623,Cathy,,San Mateo,37.57046,-122.31896,Entire home/apt,,1,5,5/26/25,0.94,1,0,5,
1.31645E+18,Jane's Home (OK) | Bright 3b2b in Belmont Hills,250217039,Emily,,Belmont,37.52017527,-122.2930721,Entire home/apt,233,2,24,8/31/25,2.65,59,290,24,
1.31705E+18,R7 Cozy Room near Beach,588683840,Miki,,Daly City,37.70388535,-122.4686173,Private room,65,1,2,6/9/25,0.41,12,265,2,
1.31708E+18,R6 Cozy Room near Beach,588683840,Miki,,Daly City,37.70417,-122.469,Private room,53,1,2,7/5/25,0.24,12,354,2,
1.31765E+18,"Budget E7: Partition Space, Easy to Stanford, Meta",270588526,Reheman,,East Palo Alto,37.45705139,-122.1297006,Private room,49,3,13,9/22/25,1.54,2,100,13,
1.31809E+18,Room w nice shared facilities,20633135,Irene,,South San Francisco,37.6518,-122.4438,Private room,72,14,0,,,2,178,0,
1.31862E+18,Bright & Cozy Room in San Mateo,122120481,Prerna,,San Mateo,37.53523042,-122.2932276,Private room,92,1,6,9/2/25,0.71,1,64,6,
1.31866E+18,Cozy Apartment near Stanford/Meta,58831108,Jae,,East Palo Alto,37.4625,-122.1462,Entire home/apt,,1,3,5/24/25,0.36,1,362,3,
1.31936E+18,King Room Near Public Storage SAN,446820235,LuxurybookingsFZE,,South San Francisco,37.66387189,-122.3946302,Entire home/apt,412,1,0,,,36,363,0,
1.32114E+18,Spacious 3BR/2BA Home | Bay View| Near SF & Beach,478988047,Mohsen,,San Bruno,37.6169,-122.4376,Entire home/apt,168,1,9,9/18/25,1.7,1,250,9,
1.32148E+18,Z-NEW! Stylish Relaxing Retreat | Huge Sun Deck,509346058,Malcolm,,San Carlos,37.49677,-122.26135,Entire home/apt,,1,2,3/26/25,0.24,19,0,2,
1.32205E+18,New! Stylish home in heart of Silicon Valley w/BBQ,433259792,Joanne,,East Palo Alto,37.47458,-122.13972,Entire home/apt,216,2,18,8/29/25,2.1,5,168,18,
1.32317E+18,3Br unit near Downtown Dalycity,592418902,Weiwen,,Unincorporated Areas,37.6885156,-122.4745982,Entire home/apt,200,2,9,9/22/25,1.22,5,324,9,
1.32419E+18,Comfy and spacious room,45454822,PikYu,,East Palo Alto,37.47069,-122.14877,Private room,45,30,0,,,2,365,0,
1.32497E+18,Cozy Room and Essentials Near SF,667666003,Floritta,,Millbrae,37.60194,-122.38535,Private room,,2,5,8/21/25,0.68,1,0,5,
1.32545E+18,Cozy Budget Private room Shared Bath near Kaiser A,499104087,Sharon,,Daly City,37.67176,-122.48123,Private room,52,1,9,6/30/25,1.11,26,332,9,
1.32547E+18,Cozy Budget Private room Shared Bath near Kaiser B,499104087,Sharon,,Daly City,37.6717609,-122.4812317,Private room,52,1,2,4/18/25,0.35,26,336,2,
1.3255E+18,Cozy Budget Private room Shared Bath near Kaiser C,499104087,Sharon,,Daly City,37.6717609,-122.4812317,Private room,52,1,2,4/26/25,0.32,26,304,2,
1.32553E+18,3bd/3.5 bth near Woodside,272721817,Angel Fereshteh,,Unincorporated Areas,37.45086,-122.22427,Entire home/apt,444,1,4,8/11/25,0.48,2,304,4,
1.32553E+18,Cozy Budget Private Studio & Bath near Kaiser D,499104087,Sharon,,Daly City,37.67176,-122.48123,Private room,59,1,1,6/9/25,0.28,26,316,1,
1.32556E+18,Cozy Budget Private room Shared Bath near Kaiser E,499104087,Sharon,,Daly City,37.67176,-122.48123,Private room,52,1,4,5/25/25,0.5,26,331,4,
1.32557E+18,Cozy room with easy access to Stanford & hi techs,670339702,Sima,,East Palo Alto,37.46579,-122.13354,Private room,80,2,19,8/21/25,2.19,1,89,19,
1.3256E+18,New renovated room,670351026,Tatiana,,East Palo Alto,37.46037,-122.1269,Private room,59,1,1,8/29/25,1,5,363,1,
1.3256E+18,Cozy Budget Private room Shared Bath near Kaiser G,499104087,Sharon,,Daly City,37.67176,-122.48123,Private room,52,1,3,5/12/25,0.36,26,333,3,
1.32562E+18,Queen size bedroom,670351026,Tatiana,,East Palo Alto,37.45921,-122.12494,Private room,68,2,4,5/2/25,0.46,5,339,4,
1.32568E+18,Outside lands Glamping w/ WI-FI!,227351138,John,,Daly City,37.69838,-122.4537,Entire home/apt,184,1,0,,,2,365,0,
1.32574E+18,Glamping Outside Lands w/ Wi-fi!,227351138,John,,Daly City,37.69722,-122.454,Entire home/apt,364,1,0,,,2,365,0,
1.32841E+18,Cozy & Guest Home Near Stanford,276523715,Karen,,Redwood City,37.45402,-122.22985,Entire home/apt,165,1,3,6/27/25,0.36,18,364,3,
1.32891E+18,"Blueground | Burlingame, a/c & w/d, nr park",107434423,,,Burlingame,37.58081,-122.35024,Entire home/apt,380,31,0,,,144,365,0,
1.32931E+18,Secret garden home near Stanford,537591646,Wenqi,,Unincorporated Areas,37.4530566,-122.2225525,Entire home/apt,368,3,7,8/31/25,0.86,1,338,7,
1.32939E+18,Brand New 3BR-4B Home in TechHub,579607328,Mahrdad,,East Palo Alto,37.46154101,-122.1268437,Entire home/apt,162,3,25,9/19/25,3.09,2,161,25,
1.33005E+18,133bed3n Single Bed Space in Large House near SFO,94282453,Chi Kei,,South San Francisco,37.664738,-122.4023856,Shared room,35,1,9,9/8/25,1.07,14,174,9,
1.33053E+18,OcEaNfRoNt Retreat with Breathtaking Ocean Views,670313268,Daniel,,Unincorporated Areas,37.4949665,-122.4615141,Entire home/apt,586,2,32,9/21/25,4.34,2,340,32,
1.33054E+18,Close to Half Moon Bay | Free Breakfast & Parking,671897555,Ayell Sugar,,Unincorporated Areas,37.52205,-122.51349,Private room,354,1,7,8/31/25,0.97,5,328,7,
1.33093E+18,Jane's Home (BO) | Vaulted Ceiling Private Room -1,250217039,Emily,,San Mateo,37.56310751,-122.2945293,Private room,96,1,1,2/11/25,0.13,59,353,1,
1.33171E+18,Jane's Home (HU) | Priv Entry Studio+Bath +Parking,250217039,Emily,,Unincorporated Areas,37.47922882,-122.2080778,Entire home/apt,119,1,8,7/31/25,0.94,59,355,8,
1.33238E+18,Private 1 Bedroom w Full Kitchen near SFO,5628029,Sally,,Daly City,37.70711,-122.45183,Entire home/apt,84,31,0,,,2,363,0,
1.33246E+18,"a3,2 Affordable, Best Stay in SF",38163072,Evgeny,,Colma,37.6711803,-122.4383601,Shared room,28,3,3,8/13/25,0.38,26,0,3,
1.33246E+18,"a2,2 Quiet Stay in Bay Area",38163072,Evgeny,,South San Francisco,37.6691986,-122.4366143,Shared room,43,3,3,2/26/25,0.36,26,68,3,
1.333E+18,Charming Beautiful 3Brs Home in S-SF,21433212,Bangfeng,,South San Francisco,37.63834631,-122.4296963,Entire home/apt,165,2,14,6/19/25,1.69,1,247,14,
1.33342E+18,Backyard Casita,50244547,Silvestre,,East Palo Alto,37.46956,-122.15116,Entire home/apt,84,2,10,8/14/25,1.27,2,363,10,
1.33357E+18,Cozy and Quiet Guesthouse with Serene Views,139642127,Hui,,San Carlos,37.48998066,-122.2904218,Entire home/apt,,30,0,,,1,0,0,
1.3338E+18,"a4,2 Bright Room, Quiet Stay",38163072,Evgeny,,Colma,37.67123,-122.4387,Shared room,36,3,4,5/6/25,0.49,26,83,4,
1.33381E+18,"a4,3 Don’t Overpay, Stay Smart",38163072,Evgeny,,South San Francisco,37.67007302,-122.4367364,Shared room,43,3,6,5/2/25,0.74,26,87,6,
1.33381E+18,"a4,4 Clean & Quiet Shared Space",38163072,Evgeny,,South San Francisco,37.66978517,-122.436729,Shared room,37,3,3,2/3/25,0.36,26,93,3,
1.33382E+18,"a4,6 Great Stay, Walk to BART",38163072,Evgeny,,Colma,37.67120841,-122.4385982,Shared room,31,3,2,8/30/25,0.25,26,62,2,
1.334E+18,"Blueground | San Mateo, pool & w/d, nr park",107434423,,,San Mateo,37.5681412,-122.317585,Entire home/apt,,31,0,,,144,268,0,
1.33446E+18,Prime Location!,125285699,Mohsen,,East Palo Alto,37.4580728,-122.1392216,Entire home/apt,100,1,4,7/6/25,1.04,1,234,4,
1.33488E+18,Family & Friends Special in San Bruno,590634132,Rodney,,San Bruno,37.63137022,-122.4421469,Entire home/apt,218,1,1,5/31/25,0.25,5,365,1,
1.33495E+18,Spacious studio room/ private entry w/private bath,51070927,Prashant Ashok,,San Carlos,37.49402336,-122.2505461,Private room,74,30,16,9/22/25,2.02,1,114,16,
1.33503E+18,Cozy 2bd | 15 min to SF | Minutes to Ocean!,266814071,Jaime,,Pacifica,37.66055925,-122.4871054,Entire home/apt,53,1,15,8/28/25,1.99,5,118,15,
1.33516E+18,Oceanfront Cottage,40625964,Tony,,Pacifica,37.63321564,-122.4930561,Entire home/apt,184,2,45,9/1/25,5.4,1,133,45,
1.3352E+18,Sharing my weekend/vacation home,673286088,David,,Belmont,37.5253424,-122.2774044,Private room,152,3,0,,,1,364,0,
1.33525E+18,San Mateo Happy Haven Home w Patio/Projector,663071700,Minerva,,San Mateo,37.52841693,-122.3253175,Entire home/apt,310,2,25,9/7/25,3.16,1,202,25,
1.33585E+18,"Panoramic Ocean Views | 6BD/4BA, walk to Beach!.",245442039,Gene,,Daly City,37.68685,-122.4948,Entire home/apt,188,1,6,9/5/25,0.9,9,203,6,
1.33605E+18,High-end Emerald Hills studio,14613014,Barry,,Unincorporated Areas,37.46791331,-122.2720999,Entire home/apt,159,30,2,8/22/25,0.71,1,358,2,
1.33655E+18,"Fully Furnished 2B 2B | Fast Wifi, Free Parking",316641588,Jarelle,,Unincorporated Areas,37.51825647,-122.3380627,Entire home/apt,275,31,2,3/1/25,0.25,6,342,2,
1.33782E+18,Silicon Valley Guest House,4098430,Rikard,,Unincorporated Areas,37.43464951,-122.2009095,Entire home/apt,214,1,16,9/19/25,3.22,1,358,16,
1.33811E+18,35% off - new listing Comfort stay 3b2b at Techhub,25011967,Meng,,East Palo Alto,37.45427222,-122.1252141,Entire home/apt,177,2,12,9/13/25,1.9,2,329,12,
1.33814E+18,YieldMax (AF) | Tranquil Studio w Priv Bath,250217039,Emily,,San Carlos,37.49618,-122.27748,Entire home/apt,120,1,6,9/13/25,1.3,59,350,6,
1.33863E+18,Bright Private Bedroom,1025039,Angela,,San Mateo,37.55163954,-122.2991671,Private room,74,1,5,9/8/25,0.94,3,267,5,
1.33867E+18,Modern 2BR w/AC btw Stanford & SFO|Walk 2 DT/Train,2860537,Saik Kia,,Redwood City,37.49226877,-122.2364036,Entire home/apt,244,2,36,9/18/25,5.12,4,123,36,
1.33928E+18,"c1,1 Best Deal in Daly City",38163072,Evgeny,,Daly City,37.70365187,-122.468362,Shared room,35,3,2,9/1/25,0.25,26,321,2,
1.3393E+18,"c2,2 Don’t Overpay, Stay Smart",38163072,Evgeny,,Daly City,37.70516,-122.47047,Shared room,29,3,1,1/28/25,0.12,26,299,1,
1.33934E+18,"c2,1 Clean Shared Space, Quiet",38163072,Evgeny,,Daly City,37.70318,-122.47048,Shared room,31,3,6,5/24/25,0.93,26,349,6,
1.33934E+18,"c3,1 Affordable & Bright Space",38163072,Evgeny,,Daly City,37.70322,-122.46996,Shared room,29,3,3,6/29/25,0.38,26,353,3,
1.33935E+18,"c3,2 Great Stay, Walk to BART",38163072,Evgeny,,Daly City,37.70321295,-122.4683219,Shared room,35,3,5,6/24/25,0.71,26,362,5,
1.33936E+18,"C3,3 Budget Stay & Better Hostel",38163072,Evgeny,,Daly City,37.70517,-122.47036,Shared room,31,3,1,8/16/25,0.73,26,360,1,
1.33937E+18,"c3,4 Quiet & Clean Near Transit",38163072,Evgeny,,Daly City,37.70320546,-122.4682107,Shared room,31,3,0,,,26,358,0,
1.33938E+18,"c4,1 Best for Interns & Student",38163072,Evgeny,,Daly City,37.70521,-122.46982,Shared room,30,3,0,,,26,365,0,
1.33941E+18,"c5,2 Clean & Quiet Shared Space",38163072,Evgeny,,Daly City,37.70318,-122.46968,Shared room,38,3,2,9/5/25,0.65,26,354,2,
1.33967E+18,"2BR-Menlo Park Near Stanford with Pool, BBQ",86658575,Diana,,Menlo Park,37.42522,-122.19687,Entire home/apt,367,2,1,6/16/25,0.29,10,345,1,
1.34022E+18,Jane's Home (BO) | Vaulted Ceiling Private Room -3,250217039,Emily,,San Mateo,37.56305645,-122.2957621,Private room,58,1,6,7/19/25,1.25,59,254,6,
1.34069E+18,"Furnished Home Near Everything-Nurses,Tech,Startup",50781901,Serena,,South San Francisco,37.66702,-122.41788,Entire home/apt,,31,1,3/25/25,0.16,1,0,1,
1.34077E+18,trailer RV Camper,661245747,Raul,,San Mateo,37.53821268,-122.2964041,Entire home/apt,71,1,9,8/9/25,1.89,1,336,9,
1.34101E+18,The Deep Blue Nest,24769688,Zara,,Unincorporated Areas,37.52983769,-122.5141869,Entire home/apt,309,2,17,9/1/25,4.36,1,356,17,
1.34154E+18,Modern WFH King Bed Long Stays,115109717,Anthony & Ava,,San Mateo,37.52932,-122.29465,Private room,102,1,5,6/14/25,0.63,2,267,5,
1.34166E+18,2 Bed w/parking in San Mateo,674872898,Geneva Nkechi,,San Mateo,37.56781898,-122.3092611,Entire home/apt,199,1,0,,,1,267,0,
1.34303E+18,Cozy RV,43979381,Julie,,East Palo Alto,37.46268711,-122.1295712,Entire home/apt,44,7,3,8/8/25,0.43,2,236,3,
1.34307E+18,Sleeps 16! Oceanside 5bd/2.5ba 15 min to SF,266814071,Jaime,,Daly City,37.66158583,-122.4865134,Entire home/apt,167,1,7,8/8/25,1.06,5,10,7,
1.34359E+18,"1Rm 2Bds 2 Kids?
Second rm 1bed 
8min from SFO",590634132,Rodney,,San Bruno,37.63011628,-122.4399731,Private room,110,1,1,8/3/25,0.56,5,364,1,
1.3436E+18,On The Hill Overlooking SFO,590634132,Rodney,,San Bruno,37.63156087,-122.4422266,Private room,110,1,0,,,5,365,0,
1.34372E+18,Nasturtium Wood Cabin Room (B),112089094,Janelle,,Unincorporated Areas,37.21805345,-122.3449398,Private room,,1,0,,,10,0,0,
1.34373E+18,Nasturtium Wood Cabin Room (A),112089094,Janelle,,Unincorporated Areas,37.21813969,-122.3463738,Private room,,1,1,2/2/25,0.13,10,0,1,
1.34508E+18,"2 Beds, 1 Bath, Private Space",948756,Vinita,,Menlo Park,37.47758,-122.15842,Private room,152,1,4,9/7/25,0.54,1,350,4,
1.34522E+18,Cuarto acogedor seguro y limpio,480624195,William,,South San Francisco,37.65488,-122.43187,Private room,52,1,1,2/7/25,0.13,1,328,1,
1.34586E+18,Clean & Serene – Near Palo Alto & Meta HQ,333015686,Izamar,,Menlo Park,37.47379523,-122.1587587,Entire home/apt,208,1,20,8/3/25,4.32,1,149,20,
1.34597E+18,Bright - Lofty 5bd/3.5ba 15min to SF + SFO,245442039,Gene,,South San Francisco,37.66650773,-122.401995,Entire home/apt,161,1,10,9/8/25,1.52,9,193,10,
1.34647E+18,"Clean, functional Bath & Bed nearby SFO airport.",676256349,Robson,,Burlingame,37.58758,-122.3579,Private room,87,1,4,6/13/25,0.75,1,89,4,
1.34658E+18,New Themed Coastal 4Bed w/ Pool/Arcades/Foosball,554322849,Taylor,,Unincorporated Areas,37.5424177,-122.50299,Entire home/apt,293,2,32,9/1/25,4.3,4,81,32,
1.34744E+18,Guest House w/ Pickleball & Pool,521628155,Golan,,Redwood City,37.47742148,-122.2436028,Entire home/apt,220,2,4,8/24/25,0.74,1,359,4,
1.34814E+18,NEW! Modern Escape w Private Views & Pool Table AC,677216657,Anna-Maria,,East Palo Alto,37.45904664,-122.123806,Entire home/apt,390,1,15,9/18/25,2.18,6,54,15,
1.34951E+18,Queen Bed | Free Breakfast. Easy Airport Access,650381166,Melode,,Millbrae,37.60745352,-122.3972513,Private room,122,1,90,9/8/25,12.98,2,168,90,
1.3503E+18,Scenic | Panoramic Views from Hilltop 7BD/3.5BA,675807852,Fang,,South San Francisco,37.6624638,-122.4119128,Entire home/apt,176,1,9,9/6/25,1.34,2,195,9,
1.35031E+18,Near Montara Mountain + Free Breakfast & Parking,671897555,Ayell Sugar,,Unincorporated Areas,37.52258,-122.51286,Private room,372,1,3,9/5/25,1.96,5,312,3,
1.35031E+18,Moss Beach Views | Wine Hour + Free Breakfast,671897555,Ayell Sugar,,Unincorporated Areas,37.52092,-122.51341,Private room,393,1,2,8/11/25,0.3,5,334,2,
1.35031E+18,Ocean Trails Access + Breakfast. Wine Hour. Bikes,671897555,Ayell Sugar,,Unincorporated Areas,37.52097981,-122.5126502,Private room,456,1,0,,,5,328,0,
1.35031E+18,Near Half Moon Bay | Free Breakfast + Full Kitchen,671897555,Ayell Sugar,,Unincorporated Areas,37.52312,-122.5128,Private room,539,1,0,,,5,287,0,
1.35039E+18,61 - Incredible 3B/2B Upper Unit near Beach & Fwy,250584391,Victor 5,,Daly City,37.68385286,-122.4870677,Entire home/apt,156,2,25,9/7/25,3.66,35,156,25,
1.35088E+18,Sharon Heights Hideaway,179983405,Priscilla,,Menlo Park,37.42261838,-122.2004019,Private room,,1,1,9/10/25,1,1,0,1,
1.35095E+18,Stanford Traveler &Guest 1B/1B with free parking,276523715,Karen,,East Palo Alto,37.46329586,-122.1357827,Entire home/apt,72,1,5,9/11/25,0.67,18,252,5,
1.35116E+18,Charming Apartment & King Bed Near Burlingame,151838706,Alaina,,San Mateo,37.58691194,-122.3336408,Entire home/apt,,31,1,6/9/25,0.28,4,0,1,
1.35165E+18,New private room near SF SFO,97542334,Jing,,Daly City,37.6887808,-122.4592903,Private room,75,1,38,9/14/25,5.02,2,354,38,
1.35182E+18,Chic Hillside 2BD/1BA Retreat near San Francisco/,240049975,Raymon,,Daly City,37.69364106,-122.4635442,Entire home/apt,,1,13,9/4/25,1.78,3,0,13,
1.35197E+18,"New! OceanView Retreat, beaches hiking in Pacifica",433259792,Joanne,,Pacifica,37.59519055,-122.4860639,Entire home/apt,232,2,16,8/14/25,2.17,5,149,16,
1.35265E+18,Jane's Home (28) | 1b1b +AC near Hillsdale -1,250217039,Emily,,San Mateo,37.54123205,-122.3062417,Private room,,1,6,8/6/25,0.9,59,358,6,
1.35265E+18,YieldMax (GU) | Private Bedroom + Free Parking - 3,250217039,Emily,,Foster City,37.56488134,-122.2553654,Private room,186,30,0,,,59,80,0,
1.3532E+18,Menlo Villa,291704729,Evelyn,,Menlo Park,37.47319,-122.16444,Entire home/apt,743,180,1,5/2/25,0.2,2,261,1,
1.35409E+18,Charming 25m from SF Home for 5,1832079,Jenn,,Redwood City,37.48429,-122.24055,Entire home/apt,,10,0,,,1,0,0,
1.35446E+18,246- Stunning 4B3B w/Deck & View by Hillsdale Mall,250584391,Victor 5,,San Mateo,37.53002448,-122.30008,Entire home/apt,,2,0,,,35,138,0,
1.35545E+18,Cozy Guesthouse in San Mateo,11468627,Brendan,,San Mateo,37.56383973,-122.3167285,Entire home/apt,,2,14,8/31/25,2,1,1,14,
1.35579E+18,Jane's Home (AV) | Priv Room w Priv Bath +HVAC (A),250217039,Emily,,East Palo Alto,37.46822,-122.1366,Private room,75,1,5,8/28/25,2.78,59,341,5,
1.35579E+18,Jane's Home (AV) | Priv Room w Priv Bath +HVAC (B),250217039,Emily,,East Palo Alto,37.46837,-122.13672,Private room,129,1,4,4/5/25,0.58,59,349,4,
1.35579E+18,Jane's Home (AV) | Large Room w Priv Bath+HVAC (C),250217039,Emily,,East Palo Alto,37.46911744,-122.1358528,Private room,65,1,2,5/23/25,0.28,59,329,2,
1.35579E+18,Jane's Home (AV) | Priv Room w HVAC - 1,250217039,Emily,,East Palo Alto,37.46973,-122.13671,Private room,89,1,4,4/11/25,0.59,59,323,4,
1.3558E+18,Jane's Home (AV) | Priv Room w HVAC - 3,250217039,Emily,,East Palo Alto,37.46756869,-122.1372117,Private room,102,1,4,5/27/25,0.7,59,330,4,
1.35588E+18,"Bright, Spacious New Home.",471538251,Ioulia Alexeevna,,East Palo Alto,37.46826,-122.13525,Private room,133,2,7,8/9/25,0.95,1,365,7,
1.35666E+18,Creekside Retreat~Min to Beach~Hot Tub~Hidden Cree,531309345,Megan,,Pacifica,37.5823185,-122.4772181,Entire home/apt,256,2,29,9/21/25,4.2,1,314,29,
1.35684E+18,"Perfect for Traveling Nurses Unit 2, Near BRT+Hosp",678891263,Mazin,,Colma,37.6834118,-122.463094,Entire home/apt,102,90,0,,,2,365,0,
1.35826E+18,Contemporary Upscale 3BR Spectacular Decks & Views,12556651,Jaysa,,Pacifica,37.59327433,-122.5094857,Entire home/apt,342,3,4,8/11/25,1.25,1,23,4,
1.35848E+18,Daly City Cozy RM Free WiFi,679280621,Huijie,,Daly City,37.7025,-122.48863,Private room,74,2,14,9/22/25,2.27,2,267,14,
1.35967E+18,"Spacious 4BR/4BATH Home Near SF, SFO",118256004,Kristina,,South San Francisco,37.65040944,-122.4488324,Entire home/apt,243,2,20,9/19/25,3.14,3,272,20,
1.36016E+18,Best Stay Near SFO | Free Breakfast & Parking. Gym,678317005,Sean,,San Bruno,37.625928,-122.4144,Private room,133,1,1,3/21/25,0.16,2,174,1,
1.36016E+18,Relax Near SFO | Gym. Free breakfast & Parking,678317005,Sean,,San Bruno,37.625928,-122.4144,Private room,130,1,33,9/2/25,6.35,2,169,33,
1.36042E+18,2 bedroom suite in South San Francisco,122403724,Lisa,,South San Francisco,37.64229,-122.45829,Entire home/apt,182,1,15,9/21/25,2.32,2,262,15,
1.36058E+18,"SSF Home With Breathtaking Views, close to SFO",45246204,Dan,,South San Francisco,37.63892383,-122.4443798,Entire home/apt,220,4,13,9/22/25,2.2,1,313,13,
1.36094E+18,R3 Private Bedroom - Dalycity,679280621,Huijie,,Daly City,37.70213,-122.48662,Private room,83,2,14,9/22/25,2.07,2,272,14,
1.36313E+18,Menlo Park ADU sleeps 3 people,291704729,Evelyn,,Menlo Park,37.47117,-122.16313,Entire home/apt,262,1,2,7/5/25,0.48,2,261,2,
1.36387E+18,Newly Private Renovated 2BD/2BA Near Mall/beach/SF,368616861,Hui,,Daly City,37.68646885,-122.4935967,Entire home/apt,145,2,3,8/4/25,0.94,5,356,3,
1.36603E+18,Spacious 2B1B Near SF City College-Full Kitchen,34009681,Charlaine,,Daly City,37.70774,-122.43405,Entire home/apt,144,30,2,8/9/25,0.39,1,342,2,
1.36617E+18,Silicon Valley Home,681422778,Archana,,Menlo Park,37.47769,-122.15291,Entire home/apt,462,2,3,6/17/25,0.48,2,257,3,
1.36625E+18,Steps from the Beach Getaway,670313268,Daniel,,Half Moon Bay,37.49550701,-122.4626965,Entire home/apt,296,2,4,8/3/25,0.67,2,357,4,
1.36628E+18,Wave House Coastal Retreat - Amazing Ocean Views,7208009,Paul,,Unincorporated Areas,37.49519,-122.46019,Entire home/apt,776,4,1,7/6/25,0.37,4,79,1,
1.3689E+18,Suite Life with Mountain Views,923465,Nicole,,Daly City,37.67008,-122.48265,Private room,75,5,1,3/23/25,0.16,1,359,1,
1.36897E+18,"Huge 6BR by Meta, Stanford & Palo Alto! BBQ & PS4",677216657,Anna-Maria,,Menlo Park,37.47908,-122.16392,Entire home/apt,430,1,15,9/14/25,2.32,6,21,15,
1.37075E+18,Zen Japan-inspired Suite - Resort hot tub/pool/gym,24462534,Joanne,,Menlo Park,37.4846865,-122.1778869,Entire home/apt,126,2,7,9/15/25,1.15,1,44,7,
1.37106E+18,Hotel Room | Free Breakfast. Bay Area.,582947805,Joanna Paola,,Millbrae,37.60876,-122.40049,Private room,166,1,70,9/7/25,10.66,2,163,70,
1.37118E+18,Family-friendly Meta Stanford PS4 | Games | BBQ,677216657,Anna-Maria,,Menlo Park,37.47786165,-122.1643699,Entire home/apt,218,1,8,8/26/25,1.23,6,5,8,
1.37207E+18,Cute cliffside retreat home,19580630,Jeremy,,Daly City,37.693691,-122.4959668,Entire home/apt,234,1,5,9/20/25,1.11,1,332,5,
1.37318E+18,Miro Grove Guesthouse– Stylish 1BR w/ King Bed AC,364408482,An,,Redwood City,37.46053278,-122.250381,Entire home/apt,116,2,16,9/17/25,4.49,3,193,16,
1.37329E+18,Private Room and Bath in Bed and Breakfast,683330241,Patricia Ann,,Unincorporated Areas,37.4551405,-122.2210672,Private room,229,1,0,,,1,268,0,
1.37361E+18,Suite 2 in Newly Remodeled Modern Home on 1/2 acre,10811796,Paul K.,,East Palo Alto,37.46535951,-122.1386233,Private room,60,30,1,8/30/25,1,3,314,1,
1.37361E+18,Quaint and private guesthouse,560231457,Stanley,,Daly City,37.65718,-122.46498,Entire home/apt,313,2,6,7/30/25,1,1,250,6,
1.37363E+18,Suite 1 Newly Remodeled Modern Home on 1/2 acre,10811796,Paul K.,,East Palo Alto,37.46686845,-122.1363859,Private room,75,30,0,,,3,88,0,
1.37364E+18,Private Suite in a Quiet House,9227333,Ali,,Menlo Park,37.47291409,-122.1643139,Entire home/apt,112,1,23,9/2/25,3.61,1,177,23,
1.37409E+18,Newly renovated 2bed/1bath home,433381863,Amee Jo,,San Mateo,37.57541414,-122.326871,Entire home/apt,225,2,2,9/18/25,0.34,1,157,2,
1.37558E+18,Shared Room Stunning Bay View,683971368,Maria Sofia Pi D,,Foster City,37.5701178,-122.2757169,Private room,137,1,1,3/21/25,0.16,1,365,1,
1.37593E+18,Jane's Home (AZ) | Central Location Room - A,250217039,Emily,,East Palo Alto,37.4568,-122.12537,Private room,66,1,1,5/31/25,0.25,59,360,1,
1.37613E+18,Stylish Modern Oceanview Escape,125079389,Mahima,,Daly City,37.66976,-122.48644,Entire home/apt,324,1,26,9/17/25,4.33,1,36,26,
1.37646E+18,8 Guests | AC&Heater | D Piano | Yard | Garage,684190645,Zheming,,Redwood City,37.4803755,-122.2136228,Entire home/apt,226,2,13,8/10/25,2.23,1,234,13,
1.3765E+18,Cozy & Fully Equipped Studio,454107955,Valdineia,,Unincorporated Areas,37.48060355,-122.2637023,Entire home/apt,137,1,43,9/19/25,6.79,1,333,43,
1.37651E+18,Private | Clean | SFO-2BR Suite | Monthly Rental,140862952,Yang,,South San Francisco,37.66916201,-122.4202625,Entire home/apt,114,30,10,8/12/25,3.66,1,278,10,
1.3772E+18,Jane's Home (WS) | Central Location Room -1,250217039,Emily,,East Palo Alto,37.45819907,-122.1286358,Private room,90,1,3,8/8/25,0.67,59,336,3,
1.37855E+18,Large master bedroom,670351026,Tatiana,,East Palo Alto,37.45893,-122.12636,Private room,111,1,1,5/2/25,0.2,5,149,1,
1.37917E+18,Modern 2BR Retreat in SSF!,654136440,Dustin,,South San Francisco,37.65666945,-122.409219,Entire home/apt,165,4,3,4/27/25,0.49,5,263,3,
1.37929E+18,JANE'S HOME (RA) | Central Location Priv Bath+AC 4,250217039,Emily,,East Palo Alto,37.46576,-122.15014,Private room,75,1,6,9/2/25,0.99,59,353,6,
1.37931E+18,"1293 - 3B2B home fits 7, Close to SFO, Casino",48036295,Kevin,,San Bruno,37.61969,-122.41725,Entire home/apt,161,1,24,9/19/25,3.83,1,341,24,
1.38005E+18,Jane's Home (WS) | Central Location Room -2,250217039,Emily,,East Palo Alto,37.46015,-122.1254,Private room,79,1,1,8/28/25,1,59,299,1,
1.38014E+18,"Relaxing Pet Friendly 3BR Near Biotech, City",433456,Rena,,South San Francisco,37.65607413,-122.4237266,Entire home/apt,190,30,1,8/10/25,0.64,1,334,1,
1.38048E+18,Newly Built Private Suite,685189099,Nadia,,East Palo Alto,37.45603128,-122.1253597,Private room,73,7,0,,,1,362,0,
1.38054E+18,Studio in Silicon valley,670351026,Tatiana,,East Palo Alto,37.45860934,-122.1251805,Private room,79,1,0,,,5,346,0,
1.38111E+18,Upscale private getaway,376751989,Phillip,,San Mateo,37.55643315,-122.3198557,Private room,88,2,2,9/7/25,0.8,1,170,2,
1.38132E+18,Granada retreat,430311115,Ryan,,Unincorporated Areas,37.50366683,-122.4727558,Entire home/apt,202,2,6,9/7/25,1.03,2,89,6,
1.38194E+18,Modern Lux Studio | Private & New | Minutes to SFO,46595169,Jeannine,,San Bruno,37.61975,-122.41603,Entire home/apt,,1,11,8/29/25,1.86,1,0,11,
1.38253E+18,New! Coastal Getaway,661904736,RedAwning,,Unincorporated Areas,37.5068,-122.4829,Entire home/apt,370,2,5,8/23/25,0.99,1,336,5,
1.38363E+18,Modern 3BR/3.5BA House with Parking & Laundry,168033968,Andrew,,Millbrae,37.59408,-122.40383,Entire home/apt,340,2,22,9/14/25,3.67,4,70,22,
1.38447E+18,Coastal Living,286126169,Albert,,Unincorporated Areas,37.50259437,-122.4635492,Entire home/apt,209,2,2,5/26/25,0.35,1,230,2,
1.38455E+18,"Tranquil Guesthouse near Stanford, Palo Alto",34689963,Annie,,Menlo Park,37.43319,-122.1963,Entire home/apt,,2,8,9/17/25,1.71,1,16,8,
1.38592E+18,Modern 4BR/3.5ba/5 bed home near SFO,20918022,Patricia,,San Bruno,37.61709,-122.41065,Entire home/apt,224,2,32,9/22/25,5.45,1,282,32,
1.38616E+18,New! Ocean Whispers,683833166,Tim,,Unincorporated Areas,37.5184,-122.5121,Entire home/apt,877,2,9,9/15/25,2.37,2,346,9,
1.38811E+18,Modern and Cozy 1BR Apartment in San Mateo with AC,136392083,Konstantin,,San Mateo,37.5433987,-122.2840413,Entire home/apt,131,2,9,9/21/25,2.09,1,121,9,
1.38884E+18,R1 Room w 2beds&TV|walk to BART,588683840,Miki,,Daly City,37.70241974,-122.4684372,Private room,56,2,1,5/6/25,0.21,12,351,1,
1.38884E+18,Peak View Luxury Getaway,70081063,Shannon,,South San Francisco,37.66028759,-122.4102134,Entire home/apt,515,30,2,5/17/25,0.36,12,343,2,
1.38943E+18,"Downtown 2-Bedroom Craftsman, Shared",884348,Maurine,,San Mateo,37.56864616,-122.3162741,Private room,167,30,0,,,3,227,0,
1.38983E+18,M&J cozy/sweet home/Redwood City|209,280997145,Maria,,Redwood City,37.47193124,-122.2175866,Entire home/apt,244,2,13,8/8/25,2.69,3,17,13,
1.38985E+18,M&J Spacious 3B2B Home/San Mateo|104,280997145,Maria,,San Mateo,37.57110247,-122.321841,Entire home/apt,326,2,13,8/31/25,2.93,3,144,13,
1.38986E+18,Business-Ready 5BD | Fast Wi-Fi | Few Mins to HQs,256895225,Jimmy,,East Palo Alto,37.45606436,-122.1257063,Entire home/apt,162,1,9,6/30/25,1.54,4,349,9,
1.3905E+18,YieldMax (4) | Bedroom w Private Bath -3,250217039,Emily,,Unincorporated Areas,37.47449881,-122.2047469,Private room,106,1,3,5/22/25,0.59,59,339,3,
1.39078E+18,Solo Travelers Studio,8056476,Melissa,,Burlingame,37.58051,-122.35417,Entire home/apt,127,2,11,9/12/25,1.94,1,162,11,
1.39087E+18,Cozy 2BR Townhouse-Style Retreat Near Stanford,56484229,Jing,,Menlo Park,37.44781,-122.17473,Entire home/apt,220,2,9,9/16/25,1.66,1,43,9,
1.39104E+18,Fairytale Tudor in Burlingame | Dogs Welcome!,687875421,Shiva And Jim,,Burlingame,37.5824257,-122.3338734,Entire home/apt,546,2,5,8/31/25,1.22,1,152,5,
1.3913E+18,"699 - Backyard Unit near BART, Shopping Ctr & Golf",250584391,Victor 5,,Daly City,37.6898775,-122.4591624,Entire home/apt,88,2,10,9/8/25,1.94,35,146,10,
1.39131E+18,靠近斯坦福的一间雅房,83197933,Huirong,,Atherton,37.46401515,-122.2057786,Private room,80,2,1,5/31/25,0.25,6,353,1,
1.39167E+18,Peaceful 1BR Stay | Golf & Beach,663253568,Raymond,,Pacifica,37.63007,-122.49075,Entire home/apt,81,1,8,8/31/25,1.48,15,281,8,
1.39168E+18,Beachy 1BR Escape w/ Sofa Bed | Golf Nearby,663253568,Raymond,,Pacifica,37.63007,-122.49075,Entire home/apt,81,1,7,8/24/25,1.69,15,288,7,
1.3917E+18,Spacious 5BR Coastal Retreat | 8 Beds Beach & Golf,663253568,Raymond,,Pacifica,37.6300668,-122.4907487,Entire home/apt,417,2,2,5/18/25,0.39,15,301,2,
1.39177E+18,"Scenic 2BR Stay w/ Ocean, Mountain & Sunset Views",663253568,Raymond,,Pacifica,37.64648,-122.48056,Entire home/apt,203,30,1,4/29/25,0.2,15,310,1,
1.39178E+18,Mountain View 2 BR Retreat with Private Deck,663253568,Raymond,,Pacifica,37.64648,-122.48056,Entire home/apt,159,30,1,4/29/25,0.2,15,309,1,
1.39181E+18,Affordable Private Room  near Genentech SFO (3),448790744,Sally,,South San Francisco,37.65483,-122.42206,Private room,47,1,1,8/24/25,0.91,9,156,1,
1.39209E+18,Private Room,54460644,Gracie,,Redwood City,37.48638,-122.24664,Private room,177,1,0,,,2,347,0,
1.39218E+18,Wendy Lane Coastal Retreat,729748,Patriz,,Pacifica,37.6558344,-122.4904898,Private room,186,2,4,7/11/25,1.07,1,363,4,
1.3923E+18,Cozy & Affordable Stay | 10 Min to SFO & Genentech,448790744,Sally,,South San Francisco,37.65601,-122.42001,Private room,39,30,1,5/16/25,0.23,9,158,1,
1.39235E+18,Stylish 1BR Apartment • Close to Genentech SFO,448790744,Sally,,South San Francisco,37.65535578,-122.4151868,Entire home/apt,90,1,3,8/30/25,0.66,9,148,3,
1.39238E+18,Blue&Gold Art Deco 2BR 1BA Loft close to Genentech,448790744,Sally,,South San Francisco,37.65547,-122.41539,Entire home/apt,113,1,1,4/28/25,0.2,9,166,1,
1.39239E+18,Modern Studio w/ High Ceilings • Near Genentech,448790744,Sally,,South San Francisco,37.65389,-122.41515,Entire home/apt,90,1,1,5/4/25,0.21,9,167,1,
1.39278E+18,Spectacular California Ocean Front Home!,688295712,Edwin,,Unincorporated Areas,37.53877776,-122.5180373,Entire home/apt,809,2,15,9/15/25,2.96,1,155,15,
1.39291E+18,Charming 1-BR Apt Near Genentech – Monthly Stay,523997837,Daniel,,South San Francisco,37.65459136,-122.4153157,Entire home/apt,68,30,0,,,66,181,0,
1.39295E+18,Stylish 2BR/1BA Apt Mins to Genentech-Monthly Stay,523997837,Daniel,,South San Francisco,37.65565606,-122.414904,Entire home/apt,122,30,0,,,66,199,0,
1.39299E+18,1BR/1BA – Cozy Apt Near Genentech - Monthly Stay,523997837,Daniel,,South San Francisco,37.65604,-122.41369,Entire home/apt,75,30,0,,,66,182,0,
1.39331E+18,Spacious Studio near Genentech - Monthly Stay,523997837,Daniel,,South San Francisco,37.65452,-122.41331,Entire home/apt,60,30,1,7/26/25,0.48,66,200,1,
1.39336E+18,Trendy 2BR/1BA Close to Genentech - Monthly Stay,523997837,Daniel,,South San Francisco,37.65365624,-122.4135724,Entire home/apt,100,30,0,,,66,178,0,
1.39356E+18,"Modern Chic | Near Shops, CVS,  Safeway, Starbucks",247142951,Qian Ting,,San Mateo,37.57933,-122.33498,Entire home/apt,318,2,10,9/18/25,2.34,1,125,10,
1.39359E+18,Beautiful 2BD/1BA Apt near Genentech-Monthly Stay,523997837,Daniel,,South San Francisco,37.65536338,-122.4150343,Entire home/apt,105,30,1,8/29/25,1,66,108,1,
1.39359E+18,Mid Peninsula – Two Bed Modern Retreat!,669789968,Karen,,East Palo Alto,37.46897884,-122.1337615,Entire home/apt,191,2,0,,,3,323,0,
1.39362E+18,Newly Renovated Studio near Genentech-Monthly Stay,523997837,Daniel,,South San Francisco,37.6557129,-122.4135416,Entire home/apt,67,30,1,8/17/25,0.75,66,186,1,
1.39365E+18,Budget Friendly2BR/1BA Near Genentech Monthly Stay,523997837,Daniel,,South San Francisco,37.65547743,-122.4126457,Entire home/apt,98,30,1,8/16/25,0.73,66,45,1,
1.39369E+18,1BR Apt w/ Kitchen Near Genentech- Monthly Stay,523997837,Daniel,,South San Francisco,37.65373,-122.41366,Entire home/apt,79,30,1,8/30/25,1,66,197,1,
1.39373E+18,Cozy 1BR/1BA Near to Genentech - Monthly Stay,523997837,Daniel,,South San Francisco,37.65489,-122.41449,Entire home/apt,70,30,0,,,66,167,0,
1.39392E+18,(A1)SouthSF-2Bed SFO freeparking,225133911,Bella,,South San Francisco,37.65969674,-122.4105288,Private room,61,28,0,,,6,144,0,
1.39405E+18,1BR/1BA w/ LivingRoom near Genentech- Monthly Stay,523997837,Daniel,,South San Francisco,37.65506,-122.41425,Entire home/apt,56,30,0,,,66,199,0,
1.39408E+18,Blue 1BR/1BA Cottage  Near Genentech- Monthly Stay,523997837,Daniel,,South San Francisco,37.65395,-122.41262,Entire home/apt,84,30,0,,,66,178,0,
1.39433E+18,Studio w/ Full Bath near Genentech- Monthly Stay,523997837,Daniel,,South San Francisco,37.65396184,-122.412649,Entire home/apt,52,30,0,,,66,112,0,
1.39437E+18,Cozy 2BR Unit  near Genentech - Monthly Stay,523997837,Daniel,,South San Francisco,37.65494,-122.4124,Entire home/apt,90,30,1,7/24/25,0.47,66,172,1,
1.39443E+18,Single Home 5Beds with Privacy -Monthly Stay,523997837,Daniel,,Pacifica,37.65306225,-122.4774303,Entire home/apt,227,30,0,,,66,24,0,
1.39446E+18,"Affordable Guest Room | 10min to SFO, Genentech",523997837,Daniel,,South San Francisco,37.65424,-122.42205,Private room,,30,0,,,66,203,0,
1.39449E+18,Corporate Stay: Unbeatable Views – Monthly Stay,523997837,Daniel,,Pacifica,37.64583315,-122.4804102,Entire home/apt,160,30,0,,,66,152,0,
1.39461E+18,"4 beds Private Unit Near BeachWalk, Golf, Trail",663253568,Raymond,,Pacifica,37.63007,-122.49075,Entire home/apt,267,1,7,8/17/25,1.27,15,311,7,
1.39462E+18,"Cozy 4-Bed, 2-Bath Near Beach & Hikes–Monthly Stay",523997837,Daniel,,Pacifica,37.65228,-122.47737,Entire home/apt,184,30,0,,,66,115,0,
1.39583E+18,Affordable Room Near Genentech &SFO D Monthly Stay,523997837,Daniel,,South San Francisco,37.65456264,-122.4219879,Private room,53,30,0,,,66,124,0,
1.39597E+18,"66E- Large 4BR Home near BART, Shopping Ctr & Golf",250584391,Victor 5,,Daly City,37.6949403,-122.4634444,Entire home/apt,184,2,14,9/14/25,2.86,35,146,14,
1.39597E+18,Affordable Room Near Genentech &SFO E Monthly Stay,523997837,Daniel,,South San Francisco,37.65426227,-122.4201527,Private room,55,30,0,,,66,131,0,
1.39599E+18,Affordable Room Near Genentech &SFO F Monthly Stay,523997837,Daniel,,South San Francisco,37.65575108,-122.4219626,Private room,53,30,0,,,66,203,0,
1.39601E+18,Affordable Room Near Genentech &SFO G Monthly Stay,523997837,Daniel,,South San Francisco,37.65595,-122.4215,Private room,48,30,0,,,66,203,0,
1.39601E+18,Affordable Room Near Genentech &SFO H Monthly Stay,523997837,Daniel,,South San Francisco,37.6547,-122.41966,Private room,53,30,1,6/19/25,0.3,66,75,1,
1.39601E+18,Affordable Room Near Genentech &SFO I Monthly Stay,523997837,Daniel,,South San Francisco,37.65591,-122.42004,Private room,71,30,1,7/20/25,0.44,66,200,1,
1.39609E+18,Budget Private Room Near Genentech1 – Monthly Stay,523997837,Daniel,,South San Francisco,37.65413,-122.42063,Private room,,30,0,,,66,136,0,
1.39609E+18,Budget Private Room Near Genentech2 – Monthly Stay,523997837,Daniel,,South San Francisco,37.65633323,-122.4217667,Private room,56,30,0,,,66,137,0,
1.3961E+18,Budget Private Room Near Genentech3 – Monthly Stay,523997837,Daniel,,South San Francisco,37.65416,-122.4214,Private room,,30,0,,,66,201,0,
1.39611E+18,Budget Private Room Near Genentech4 – Monthly Stay,523997837,Daniel,,South San Francisco,37.65631,-122.41985,Private room,,30,0,,,66,198,0,
1.39612E+18,"Affordable Guest Room | 10min to SFO, Genentech",523997837,Daniel,,South San Francisco,37.65495,-122.42,Private room,,30,1,9/6/25,1,66,203,1,
1.39612E+18,"Affordable Guest Room | 10min to SFO, Genentech",523997837,Daniel,,South San Francisco,37.65421,-122.42021,Private room,,30,0,,,66,203,0,
1.39612E+18,"Affordable Guest Room | 10min to SFO, Genentech",523997837,Daniel,,South San Francisco,37.65465,-122.41997,Private room,39,30,0,,,66,203,0,
1.39618E+18,Small Home with Ocean View walk to Restaurants,415848557,Bella,,Pacifica,37.59039,-122.51093,Entire home/apt,126,1,4,8/18/25,0.87,5,331,4,
1.39618E+18,Cozy 1BR/1BA w/ Kitchen  Near SFO-Monthly Stay A,523997837,Daniel,,San Bruno,37.62445,-122.40757,Entire home/apt,90,30,0,,,66,172,0,
1.39622E+18,Modern 1BR/1Bath near SFO/Caltrain- Monthly Stay B,523997837,Daniel,,San Bruno,37.62447344,-122.4087197,Entire home/apt,71,30,0,,,66,167,0,
1.39626E+18,Freshly renovated 2BR/1BA near SFO- Monthly Stay C,523997837,Daniel,,San Bruno,37.62252,-122.40712,Entire home/apt,125,30,1,8/16/25,0.73,66,116,1,
1.3964E+18,Jane's Home (BO) | Spacious Bedroom +Private Bath,250217039,Emily,,San Mateo,37.56098,-122.29419,Private room,89,1,5,8/15/25,0.98,59,326,5,
1.39647E+18,Comfort&Convenient 3BR/2BA Near SFO-Monthly Stay D,523997837,Daniel,,San Bruno,37.62359,-122.40905,Entire home/apt,146,30,1,8/31/25,1,66,117,1,
1.39651E+18,"Casa Huerta Near Beaches, Trails, and Restaurants",44799882,Matt,,Unincorporated Areas,37.5081167,-122.4796474,Entire home/apt,345,2,12,9/9/25,3.43,5,329,12,
1.39652E+18,Surf n stay,430311115,Ryan,,Unincorporated Areas,37.50493569,-122.4726278,Private room,103,1,2,6/8/25,0.46,2,358,2,
1.39656E+18,Furnished 2BR/2BA Near SFO/Train - Monthly Stay D,523997837,Daniel,,San Bruno,37.62288,-122.40715,Entire home/apt,120,30,0,,,66,117,0,
1.39659E+18,1BR/1BA w/ Kitchen&Sofabed Near SFO-Monthly Stay E,523997837,Daniel,,San Bruno,37.62281,-122.40897,Entire home/apt,95,30,0,,,66,168,0,
1.39682E+18,Affordable Private Room close to Genentech - G,448790744,Sally,,South San Francisco,37.6547904,-122.421871,Private room,47,1,0,,,9,158,0,
1.3971E+18,Coastside Cottage,3281800,Regan,,Unincorporated Areas,37.53557,-122.5173,Entire home/apt,267,2,10,9/14/25,2.56,1,162,10,
1.39714E+18,Cozy and super convenient,19933824,Cc,,Menlo Park,37.44938,-122.18858,Private room,67,30,1,8/1/25,0.54,2,208,1,
1.39721E+18,4BR Pacifica Top Flat | Perfect for Groups w/ View,663253568,Raymond,,Pacifica,37.6464825,-122.4805547,Entire home/apt,424,1,0,,,15,289,0,
1.39722E+18,4BR Ocean Views + Beach & Hiking - Monthly Stay,523997837,Daniel,,Pacifica,37.64529,-122.47946,Entire home/apt,275,1,0,,,66,200,0,
1.39727E+18,Family Getaway: 3 Units w/ Ocean & Mountain Views,663253568,Raymond,,Pacifica,37.64648,-122.48056,Entire home/apt,492,1,0,,,15,290,0,
1.39731E+18,OceanMountain Views: 4 Comfy Units for Big  Group,663253568,Raymond,,Pacifica,37.64648,-122.48056,Entire home/apt,688,1,0,,,15,292,0,
1.39738E+18,"Spectacular view, spacious, 1 bedroom apartment",7157662,Sara,,Belmont,37.50856,-122.30421,Entire home/apt,141,10,1,9/12/25,1,1,34,1,
1.39815E+18,Family Retreat | Stanford Meta | Pets Parking BBQ,677216657,Anna-Maria,,Menlo Park,37.47881,-122.15969,Entire home/apt,228,14,6,9/19/25,1.43,6,48,6,
1.39883E+18,3BR Gem Between SFO & Palo Alto,432794457,Ben,,San Bruno,37.63038804,-122.4156366,Entire home/apt,,30,0,,,3,0,0,
1.3989E+18,Modern 1 Bedroom Condo in an Exceptional Location,1225874,Stacy,,San Carlos,37.50371,-122.26143,Entire home/apt,213,7,1,7/5/25,0.36,1,313,1,
1.3994E+18,"Delightful 2-BR w/ Mountain, Ocean & Sunset Views",688797080,Enrique,,Pacifica,37.64648,-122.48056,Entire home/apt,207,1,0,,,13,329,0,
1.39941E+18,Cozy 2-Bedroom Retreat in Pacifica,688797080,Enrique,,Pacifica,37.64648,-122.48056,Entire home/apt,152,1,5,7/15/25,0.97,13,355,5,
1.39941E+18,Cozy 2BR Retreat w/Mountain Views & Private Deck,688797080,Enrique,,Pacifica,37.64648,-122.48056,Entire home/apt,138,1,3,8/22/25,0.62,13,332,3,
1.39941E+18,Stunning Ocean Mountain View Near SF+Beach Suite,247094531,Yuefeng,,Pacifica,37.63406,-122.48384,Entire home/apt,113,1,2,9/21/25,2,11,357,2,
1.39942E+18,Stunning Ocean Mountain View Near SF+Beach 2Suites,247094531,Yuefeng,,Pacifica,37.63447285,-122.4834793,Entire home/apt,197,1,0,,,11,361,0,
1.39943E+18,Sunny private master bedroom (long-term only),20655623,Oksana,,Menlo Park,37.45844658,-122.1563007,Private room,87,28,0,,,1,319,0,
1.39946E+18,Tranquil 2BR with Coastal and Mountain Views,688797080,Enrique,,Pacifica,37.64648,-122.48056,Entire home/apt,206,1,0,,,13,358,0,
1.39958E+18,Charming 2BR Coastal Getaway in Pacifica,688797080,Enrique,,Pacifica,37.64648,-122.48056,Entire home/apt,154,1,1,8/31/25,1,13,208,1,
1.3996E+18,Scenic 2BR Mountain Retreat with Private Deck,688797080,Enrique,,Pacifica,37.64648,-122.48056,Entire home/apt,214,1,10,8/31/25,2.36,13,346,10,
1.39972E+18,"Stunning 2BR w/Ocean, Mountain & Sunset Views",688797080,Enrique,,Pacifica,37.64648,-122.48056,Entire home/apt,191,1,2,5/5/25,0.41,13,311,2,
1.39988E+18,Separated spacious private ROOM,669789968,Karen,,East Palo Alto,37.469826,-122.1333329,Private room,66,2,5,9/8/25,1,3,350,5,
1.40009E+18,Ocean glimpse from the patio,437767690,Kenneth,,Pacifica,37.63164,-122.49283,Entire home/apt,166,1,11,9/2/25,2.26,3,341,11,
1.40012E+18,Homey 1BR APT in SSFO | w/ Washer + Dryer + WiFi,661902572,Jeromehowell,,South San Francisco,37.64865245,-122.4578608,Entire home/apt,118,2,12,8/31/25,2.37,2,59,12,
1.40014E+18,Beach Block 2-Bed with Coastal Palm Trees and Yard,437767690,Kenneth,,Pacifica,37.63164,-122.49283,Entire home/apt,184,1,7,8/31/25,1.45,3,333,7,
1.40017E+18,"Luxury 3BR/2BA Home w/Ocean Sunset Views, & Yard",688797080,Enrique,,Pacifica,37.64706,-122.48155,Entire home/apt,245,1,3,8/24/25,1.2,13,333,3,
1.40027E+18,"Casita Huerta Near Beaches, Trails & Restaurants",44799882,Matt,,Unincorporated Areas,37.50737,-122.48026,Entire home/apt,190,2,10,8/24/25,2.26,5,167,10,
1.40027E+18,"Modern Coastal Living Near Beaches, Restaurants",44799882,Matt,,Unincorporated Areas,37.5081167,-122.4796474,Entire home/apt,473,2,4,8/18/25,1.11,5,208,4,
1.40027E+18,Mid Peninsula-1 bed modern new retreat!,669789968,Karen,,East Palo Alto,37.47096,-122.13296,Entire home/apt,138,2,13,9/16/25,2.58,3,321,13,
1.40114E+18,Stylish 1BR at Roen Menlo Park – Pool & BBQ,503340076,Tigran,,Menlo Park,37.4855206,-122.1829086,Entire home/apt,,1,0,,,11,3,0,
1.4012E+18,Coastal Cozy 2BR Retreat in pacifica,523997837,Daniel,,Pacifica,37.64738794,-122.4795468,Entire home/apt,145,30,0,,,66,340,0,
1.40149E+18,Walk to Poplar Beach: Cozy Coastal Getaway w/ Yard,126644773,Evolve,,Half Moon Bay,37.4605034,-122.4383997,Entire home/apt,161,2,9,9/4/25,3.03,8,322,9,
1.40163E+18,Cozy 2bed 1bath in Belmont hills,6121024,Prabhu,,Belmont,37.52314,-122.28907,Entire home/apt,150,1,1,4/27/25,0.2,1,266,1,
1.40187E+18,VISTA - Cozy apartment close to Bart Station 2,523997837,Daniel,,Daly City,37.70261,-122.46422,Entire home/apt,105,30,0,,,66,157,0,
1.40187E+18,VISTA - Cozy apartment close to Bart Station,523997837,Daniel,,Daly City,37.70224,-122.4642,Entire home/apt,100,30,1,8/23/25,0.88,66,163,1,
1.40189E+18,VISTA - Cozy apartment close to Bart Station 3,523997837,Daniel,,Daly City,37.70439,-122.46253,Entire home/apt,105,30,1,8/17/25,0.75,66,162,1,
1.40195E+18,VISTA - Cozy apartment close to Bart Station  4,523997837,Daniel,,Daly City,37.70239,-122.46449,Entire home/apt,113,30,1,8/17/25,0.75,66,163,1,
1.40229E+18,South San Francisco Sweet Home,577611942,Yolanda Yan Ting,,South San Francisco,37.64446,-122.45749,Entire home/apt,,2,1,8/4/25,0.57,2,0,1,
1.40233E+18,Entire Oceanfront Home Breathtaking 180 Views,3699159,Andreia,,Unincorporated Areas,37.54382724,-122.5165527,Entire home/apt,563,1,11,9/4/25,2.41,14,290,11,
1.40262E+18,Affordable Whole House with Parking for 2 cars,523997837,Daniel,,South San Francisco,37.65445223,-122.4214353,Entire home/apt,134,30,0,,,66,79,0,
1.4033E+18,Shenoa By-The-SEA,217326100,Amanda,,Unincorporated Areas,37.5385,-122.51666,Entire home/apt,175,3,6,9/7/25,2.07,1,175,6,
1.40365E+18,Peaceful Apt in Convenient area,22252358,Mike,,Daly City,37.66547,-122.4634,Entire home/apt,79,30,0,,,3,277,0,
1.4037E+18,Beautiful Single Home 1/2 block from Beach,437767690,Kenneth,,Pacifica,37.63164,-122.49283,Entire home/apt,480,1,0,,,3,321,0,
1.40373E+18,Cozy Bay-view Apartment Near SFO,82595549,Christian,,San Bruno,37.61807,-122.41437,Entire home/apt,,1,8,8/16/25,2.53,1,0,8,
1.4039E+18,Cozy Suite in a Fully Remodeled Home Near Stanford,691146967,Jie Han,,East Palo Alto,37.46523269,-122.1309488,Private room,131,1,1,8/23/25,0.88,2,76,1,
1.40395E+18,Bright 2BR/2BA Walk to Downtown,55681808,Nihal,,Burlingame,37.58366,-122.36418,Entire home/apt,170,20,1,7/12/25,0.39,2,251,1,
1.40395E+18,Jane's Home (WS) | Central Location Room -B,250217039,Emily,,East Palo Alto,37.45984546,-122.1269335,Private room,102,1,1,6/30/25,0.34,59,348,1,
1.40396E+18,YieldMax (4) | Bedroom w Private Bath -4,250217039,Emily,,Unincorporated Areas,37.47622,-122.20292,Private room,108,1,2,8/27/25,1.28,59,356,2,
1.40444E+18,Room is a spacious house! Queen-size bed,24298119,Linda,,Redwood City,37.45716755,-122.2367253,Private room,81,5,3,9/11/25,1.32,2,328,3,
1.40466E+18,"NEW! Ocean View Beach House, 20 min to SF or SFO!",31876274,Jess,,Pacifica,37.5922417,-122.4889836,Entire home/apt,,1,9,7/28/25,2.06,1,0,9,
1.40472E+18,"10 mins walk to beach, hiking with AC & Dogs ok",482152764,Christina,,Unincorporated Areas,37.51057233,-122.4815663,Entire home/apt,381,2,13,9/1/25,2.71,2,234,13,
1.40523E+18,Centrally located w/ massage cha,1284366,Romeo,,South San Francisco,37.66196,-122.43296,Entire home/apt,110,2,3,6/30/25,0.63,1,84,3,
1.40645E+18,New! Panoramic Ocean Views Modern Coastal Escape,673299805,Tim,,Unincorporated Areas,37.5009,-122.467,Entire home/apt,440,2,5,9/1/25,1.36,1,342,5,
1.40687E+18,Room in Lovely Belmont area,185564976,Shelley,,Belmont,37.5135223,-122.3265751,Private room,60,31,1,8/31/25,1,1,324,1,
1.40734E+18,Serene haven in San Carlos,237934375,Sherrie,,San Carlos,37.50877306,-122.2799578,Entire home/apt,179,31,0,,,1,329,0,
1.40849E+18,New & Spacious Studio w/Private Kitchen & Bathroom,191425023,Aling,,San Mateo,37.5756057,-122.3371165,Entire home/apt,,30,2,8/10/25,0.5,1,9,2,
1.40885E+18,Executive Home  w/ Sun Deck,460909892,StaywithGK,,San Mateo,37.56419,-122.31044,Entire home/apt,164,2,7,8/16/25,1.4,3,344,7,
1.40894E+18,Coastal 2BR Home w/Garden & 1 Block from Beach,663253568,Raymond,,Pacifica,37.6316411,-122.4928253,Entire home/apt,179,30,0,,,15,346,0,
1.40895E+18,Sweet Cozy One Bedroom in a Fully Remodeled Home,691146967,Jie Han,,East Palo Alto,37.46562558,-122.1305898,Private room,110,1,6,9/20/25,1.43,2,77,6,
1.40896E+18,Peekaboo Ocean View 2BR - 1 Block from the Beach,663253568,Raymond,,Pacifica,37.6316411,-122.4928253,Entire home/apt,173,30,0,,,15,348,0,
1.40947E+18,Private Condo | Panoramic view| 2BD/1BA,675807852,Fang,,Daly City,37.69947,-122.42053,Entire home/apt,,1,4,9/10/25,1.43,2,8,4,
1.41085E+18,"Blueground | Centennial, pool & AC, nr square",107434423,,,Redwood City,37.4822822,-122.2274363,Entire home/apt,399,31,0,,,144,103,0,
1.41125E+18,Oceanview Master + Full Bath,650805130,Vadym,,Daly City,37.66622,-122.49103,Private room,,1,6,5/20/25,1.24,1,0,6,
1.41204E+18,Charming Arts & Music Executive Home,460909892,StaywithGK,,San Mateo,37.56242,-122.2898,Entire home/apt,241,3,2,6/24/25,0.47,3,82,2,
1.41278E+18,Peaceful Storm,251642988,Clarence,,East Palo Alto,37.47041,-122.14105,Entire home/apt,101,1,4,9/17/25,2.45,3,170,4,
1.41324E+18,Cozy apartment for family stay,91347040,Hui,,Foster City,37.5556256,-122.2634034,Entire home/apt,257,5,1,6/21/25,0.31,1,9,1,
1.41456E+18,Charming1B/1B Near Stanford Campus and Downtown,276523715,Karen,,Unincorporated Areas,37.45266382,-122.2290958,Entire home/apt,116,1,4,8/7/25,0.93,18,261,4,
1.41463E+18,Cozy 1BedRm Suite 10Mins Walk to Beach & Dogs Ok,482152764,Christina,,Unincorporated Areas,37.51073909,-122.4800727,Private room,196,30,2,6/11/25,0.45,2,364,2,
1.41468E+18,Ocean Mountain View Near SF+Beach 3 Suite Remodel,247094531,Yuefeng,,Pacifica,37.63414017,-122.4852958,Entire home/apt,269,28,0,,,11,355,0,
1.41482E+18,Jane's Home (BO) | Modern House+AC+Yard,250217039,Emily,,San Mateo,37.56321,-122.29534,Entire home/apt,179,2,8,8/31/25,1.89,59,350,8,
1.41528E+18,Mora:Cozy Private Room in near Tech Hubs& Stanford,541287312,Live By East Bay,,Menlo Park,37.47981,-122.15761,Private room,72,3,1,5/17/25,0.23,5,180,1,
1.41529E+18,Taia: Private Room close to Faceb00k / Stanford,541287312,Live By East Bay,,Menlo Park,37.47971911,-122.1572429,Private room,72,3,1,8/22/25,0.86,5,269,1,
1.4153E+18,Cosy Urban Digs Silicon Valley,23723705,Ana,,San Mateo,37.57044041,-122.3233468,Private room,45,30,0,,,6,283,0,
1.4153E+18,"Gabe: Friendly house near Stanford, FB, Amazon",541287312,Live By East Bay,,East Palo Alto,37.46661715,-122.1465088,Private room,75,4,0,,,5,144,0,
1.41531E+18,"Huac: Private room near Stanford, F3ceb00k, Amazon",541287312,Live By East Bay,,East Palo Alto,37.46544066,-122.1447741,Private room,70,4,0,,,5,268,0,
1.41555E+18,Coastal Home Close to the Beach,177521946,Amy,,Unincorporated Areas,37.5242965,-122.5096597,Entire home/apt,428,2,11,9/22/25,2.52,5,110,11,
1.41555E+18,Private room in Palo Alto,201003768,Chinara,,East Palo Alto,37.46170717,-122.1483949,Private room,43,1,6,9/11/25,1.62,1,365,6,
1.41644E+18,Private Master Suite | Near Stanford & Tech Hubs,664154386,Fulati,,East Palo Alto,37.45712,-122.1315,Private room,71,3,5,6/27/25,1.19,1,112,5,
1.41674E+18,One Adrian 1 bedroom apartment,9328763,Valentina,,Burlingame,37.60143384,-122.3774218,Entire home/apt,296,30,0,,,6,363,0,
1.41674E+18,One Adrian 2 bedroom apartment,9328763,Valentina,,Burlingame,37.6003709,-122.3785237,Entire home/apt,304,30,0,,,6,360,0,
1.41763E+18,Charming Garden Retreat8Min to BART NewlyRemodeled,515385698,Kim,,Daly City,37.69818,-122.46877,Entire home/apt,116,1,1,7/5/25,0.36,6,249,1,
1.41768E+18,Charming Garden Retreat8Min to BART NewlyRemodeled,515385698,Kim,,Daly City,37.69818,-122.46877,Entire home/apt,108,29,0,,,6,249,0,
1.41778E+18,Redwood City 1BR/1BA - Near Tech Hubs,242779353,Yong,,Redwood City,37.48390687,-122.1903191,Entire home/apt,159,1,9,9/16/25,2.09,9,145,9,
1.41912E+18,Prime Westlake  house in Daly City.,694991916,Henry,,Daly City,37.6947008,-122.4928643,Private room,108,1,4,8/11/25,1.97,1,343,4,
1.41999E+18,"Bright & Spacious Stay | Relax, Play, Unwind",596266952,Jan,,Daly City,37.69351,-122.46833,Entire home/apt,559,2,18,9/4/25,5.09,1,70,18,
1.42012E+18,Spacious 2BR Condo at One Adrian w Pool,503341356,Tigran,,Burlingame,37.60039085,-122.3785657,Entire home/apt,226,1,0,,,1,303,0,
1.42024E+18,"Blueground | Shoreview, view, nr Shoreline Park",107434423,,,San Mateo,37.5573243,-122.2944889,Entire home/apt,471,31,0,,,144,181,0,
1.42024E+18,"Blueground | Centennial, rooftop, nr Courthouse",107434423,,,Redwood City,37.4871409,-122.2326849,Entire home/apt,368,31,0,,,144,329,0,
1.42042E+18,YieldMax (4) | Bedroom w Private Bath -1,250217039,Emily,,Unincorporated Areas,37.4747467,-122.2045779,Private room,95,1,0,,,59,340,0,
1.42095E+18,New! Serene Oceanview Escape with Expansive Deck,683833166,Tim,,Unincorporated Areas,37.5073,-122.4641,Entire home/apt,571,3,4,7/25/25,1.01,2,357,4,
1.42114E+18,Colorful King Walk to Downtown,884348,Maurine,,San Mateo,37.5677997,-122.316776,Private room,121,1,5,8/14/25,1.5,3,357,5,
1.42118E+18,Beach Cottage by Pacifica Pier,184168401,Crystal,,Pacifica,37.63527195,-122.4942142,Entire home/apt,139,2,12,9/22/25,2.93,1,64,12,
1.4215E+18,Bright and comfy 1BD,67935528,Lei,,East Palo Alto,37.4631369,-122.1295014,Private room,86,2,1,8/3/25,0.56,5,277,1,
1.42201E+18,YieldMax (4) | Bedroom w Private Bath -2,250217039,Emily,,Unincorporated Areas,37.47485,-122.2052,Private room,85,1,2,8/6/25,0.77,59,361,2,
1.42206E+18,fun place in the central bay,15321264,Xiaorong,,Foster City,37.56067744,-122.2670663,Private room,300,1,0,,,1,365,0,
1.42256E+18,"84n - Serene & Cozy 1B1B near Beach, FWY 280, BART",250584391,Victor 5,,Daly City,37.69571,-122.48947,Entire home/apt,67,2,3,8/15/25,0.83,35,144,3,
1.42265E+18,JANE'S HOME (RA) | Central Location Priv Bath+AC 5,250217039,Emily,,East Palo Alto,37.46699112,-122.1478222,Private room,96,1,0,,,59,341,0,
1.42429E+18,Private 2bedroom 1bath Guesthouse w/ own entrance,40336170,Shrutii,,East Palo Alto,37.46854,-122.13297,Entire home/apt,99,14,3,8/12/25,0.84,1,116,3,
1.4243E+18,Bright and Modern Home*Huge Yard with Home Office,19519143,Christine,,Redwood City,37.48521,-122.18903,Entire home/apt,166,2,3,9/5/25,1.02,1,264,3,
1.42482E+18,Wave House: Penthouse Living at Miramar Beach,7208009,Paul,,Half Moon Bay,37.49527,-122.46262,Entire home/apt,813,3,4,9/1/25,1.17,4,86,4,
1.42546E+18,Private suite in a house,31797743,Jing,,San Mateo,37.52961866,-122.3115228,Entire home/apt,156,3,13,9/10/25,3.28,1,74,13,
1.42571E+18,Waterfront 1 or 2 BR + Bath in townhome,125832831,Mona,,Foster City,37.54751,-122.27855,Private room,90,1,3,8/8/25,1,1,332,3,
1.42574E+18,Cozy 4BR Apartment Near BART | Easy Access to SF,523997837,Daniel,,Daly City,37.70243868,-122.4645268,Entire home/apt,245,30,0,,,66,359,0,
1.42579E+18,Spacious 4BR 2Bath Stay Near BART | Easy SF Access,523997837,Daniel,,Daly City,37.70451767,-122.4642376,Entire home/apt,245,30,0,,,66,238,0,
1.42582E+18,Large 8BR 4Bath Home Near BART Easy access to SF,523997837,Daniel,,Daly City,37.70314,-122.46255,Entire home/apt,375,30,0,,,66,233,0,
1.42625E+18,Charming Oceanview 3BR/2BA w/ Yard & Sunset View,523997837,Daniel,,Pacifica,37.64799697,-122.4823186,Entire home/apt,220,30,0,,,66,238,0,
1.42636E+18,Quiet Room w/ Desk Near Stanford & Tech Hubs,474861965,Echo,,East Palo Alto,37.45880532,-122.1295162,Private room,48,3,0,,,4,82,0,
1.42656E+18,"Cozy 2BR, 1BA retreat near Genentech and SFO",523997837,Daniel,,South San Francisco,37.65524913,-122.4143339,Entire home/apt,95,30,1,8/13/25,0.68,66,183,1,
1.42658E+18,Pacifica Beach 3Bedroom Coastal Retreat | SF | SFO,64242454,Wan,,Pacifica,37.63976731,-122.492206,Entire home/apt,279,1,26,9/20/25,8.39,1,249,26,
1.42661E+18,YieldMax (AF) | Tranquil 3B2B Home,250217039,Emily,,San Carlos,37.49472,-122.27697,Entire home/apt,213,2,0,,,59,312,0,
1.42698E+18,Large & Cozy Home | 2BD/2BA Near SF,688797080,Enrique,,Daly City,37.7039548,-122.4255119,Entire home/apt,151,1,5,8/17/25,1.22,13,340,5,
1.42702E+18,Delightful Pacifica Escape – 2BR Home,688797080,Enrique,,Daly City,37.7039548,-122.4255119,Entire home/apt,,30,0,,,13,340,0,
1.42706E+18,private room 1,540236658,Judy,,Millbrae,37.59551,-122.39843,Private room,86,1,2,9/16/25,0.51,2,325,2,
1.42714E+18,Cozy 2BR 1Bath Home in Pacifica for Month Stays,523997837,Daniel,,Pacifica,37.64672,-122.48165,Entire home/apt,142,30,0,,,66,241,0,
1.42717E+18,Peaceful 2BR Stay Pacifica | Deck & Mountain Views,523997837,Daniel,,Pacifica,37.64623,-122.47963,Entire home/apt,203,30,0,,,66,236,0,
1.42721E+18,"Scenic 2BR Getaway w/ Ocean, Mountain Sunset Views",523997837,Daniel,,Pacifica,37.64766691,-122.479423,Entire home/apt,165,30,1,8/31/25,1,66,188,1,
1.4284E+18,Peaceful Redwood Retreat by the Coast,19745686,Tara,,Unincorporated Areas,37.23441534,-122.3227331,Entire home/apt,170,2,6,9/7/25,1.64,1,78,6,
1.42855E+18,Bright & Comfortable Private Room in SF/Daly City,697363474,Yao Yuan,,Daly City,37.7062814,-122.4158854,Private room,49,1,3,7/27/25,0.81,4,267,3,
1.42857E+18,Bright & Spacious Private Room in SF/Daly City,697363474,Yao Yuan,,Daly City,37.70710815,-122.4167327,Private room,44,1,0,,,4,268,0,
1.42857E+18,Bright & Spacious Private room in Daly City/SF,697363474,Yao Yuan,,Daly City,37.70518133,-122.4165141,Private room,47,1,0,,,4,211,0,
1.42858E+18,Bright & Cozy Room in Daly City/San Francisco,697363474,Yao Yuan,,Daly City,37.70567,-122.41496,Private room,38,1,0,,,4,348,0,
1.42902E+18,[ALTA · Palo Alto] Peaceful Stay Near Stanford,83197933,Huirong,,Atherton,37.46356,-122.2062,Private room,92,2,6,8/20/25,1.75,6,79,6,
1.42934E+18,Private bedroom with bathroom!,500469429,Winry,,San Mateo,37.57035688,-122.3189171,Private room,68,30,1,6/30/25,0.34,5,365,1,
1.42988E+18,Hummingbird Circle,483741660,Jean,,Unincorporated Areas,37.54207558,-122.5047925,Entire home/apt,341,1,1,7/27/25,0.49,1,266,1,
1.43E+18,Cozy Private Room #1 in the Rich Atherton,476752304,Cong,,Atherton,37.46473734,-122.2057722,Private room,72,3,2,6/20/25,0.55,13,87,2,
1.43006E+18,San Mateo Sanctuary | Central •  Near SFO • Quiet,61695597,Justen,,San Mateo,37.5315449,-122.3183815,Entire home/apt,221,30,1,8/20/25,0.81,1,289,1,
1.43019E+18,Cozy Private Room #2 in the Rich Atherton,476752304,Cong,,Atherton,37.46318,-122.20546,Private room,74,2,4,9/15/25,1.1,13,355,4,
1.43052E+18,Great Studio San Mateo near SFO,15771183,Anne,,San Mateo,37.5819255,-122.3321806,Entire home/apt,80,31,1,9/6/25,1,1,279,1,
1.43061E+18,Miro Grove Manor–4BR/3.5BA*1.5 Acres*Privacy*AC,364408482,An,,Redwood City,37.46269445,-122.2512679,Entire home/apt,315,2,6,9/21/25,3.6,3,197,6,
1.43168E+18,Private studio with kitchenette,33154808,Young (Jamie),,East Palo Alto,37.46567603,-122.1467811,Entire home/apt,74,3,5,7/3/25,1.33,1,98,5,
1.43223E+18,Charming New Cottage,55430504,Yonten,,Unincorporated Areas,37.46476958,-122.1697988,Entire home/apt,228,3,6,8/24/25,1.62,4,350,6,
1.43269E+18,Mid-Century Eichler House,2919594,Joelle,,Redwood City,37.47296,-122.23142,Entire home/apt,297,4,4,8/12/25,1.12,1,35,4,
1.43291E+18,2 queen bed near cow palace,497178836,Sagar,,Daly City,37.7053866,-122.4082791,Private room,,1,2,7/21/25,0.8,1,364,2,
1.43376E+18,Cozy Private 1B1B en-suite in Rich Atherton,476752304,Cong,,Atherton,37.46411832,-122.2028029,Private room,101,2,0,,,13,365,0,
1.43377E+18,Master 2B1B Bedroom en-suite in Rich Atherton,476752304,Cong,,Atherton,37.46399,-122.20222,Private room,119,2,7,9/23/25,2.23,13,352,7,
1.43414E+18,Room & bath near SFO Airport,84103696,Rafael,,Daly City,37.70628553,-122.4161022,Private room,48,1,1,6/6/25,0.27,2,156,1,
1.43418E+18,Cozy 1B1B En-Suite in Rich Atherton,476752304,Cong,,Atherton,37.46298402,-122.2022856,Private room,103,3,0,,,13,329,0,
1.43491E+18,Mid Century Garden View Home Parking,688797080,Enrique,,San Mateo,37.56661,-122.30099,Entire home/apt,227,1,7,8/30/25,2.06,13,338,7,
1.43513E+18,3Q Beachfront Apt w/ Panoramic Ocean Views,486928322,Yufu,,Pacifica,37.65317,-122.49239,Entire home/apt,126,1,26,9/10/25,8.86,6,232,26,
1.43581E+18,Spacious 3 bedrooms & 2 bath & View!,122403724,Lisa,,South San Francisco,37.64078,-122.45765,Entire home/apt,309,2,4,8/19/25,1.6,2,266,4,
1.43704E+18,a tasteful 1 bed - 1 bath,4085275,Ak,,Redwood City,37.4922239,-122.2435642,Entire home/apt,124,1,2,9/18/25,0.59,1,89,2,
1.43746E+18,Jane's Home (V4) | Upgraded Cottage w Garage +HVAC,250217039,Emily,,Redwood City,37.48056,-122.22956,Entire home/apt,133,2,3,9/5/25,1.58,59,333,3,
1.43777E+18,"Luxury 5BR Retreat for Comfort, Work or Relaxation",699678903,Liqiang,,Daly City,37.65463,-122.46727,Entire home/apt,337,2,5,9/10/25,2.63,1,237,5,
1.43793E+18,Private room on hill close to SF,43546317,Henry,,Daly City,37.70472,-122.43107,Private room,78,1,1,8/22/25,0.86,9,259,1,
1.43813E+18,Cozy 1B1B En-Suite In Rich Atherton,476752304,Cong,,Atherton,37.4626627,-122.2044324,Private room,93,2,2,8/13/25,1.25,13,329,2,
1.43818E+18,Jane's Home (V8) | Upgraded Cottage w Garage +HVAC,250217039,Emily,,Redwood City,37.48094,-122.22905,Entire home/apt,269,2,1,7/6/25,0.37,59,298,1,
1.43865E+18,2 Bedroom + 2 Bathroom Luxury Condo,699941761,Paul,,Foster City,37.5518,-122.27091,Entire home/apt,300,30,0,,,1,359,0,
1.43883E+18,Montara Penthouse Elevated Comfort Above Downtown,421794482,Sarah,,Half Moon Bay,37.46434,-122.42891,Entire home/apt,111,1,13,8/28/25,4.38,6,333,13,
1.43883E+18,Miramar Penthouse Coastal Elegance in the Heart of,421794482,Sarah,,Half Moon Bay,37.46579,-122.4285,Entire home/apt,123,1,13,9/8/25,3.75,6,351,13,
1.43883E+18,Mavericks Penthouse Downtown Luxury on Main Street,421794482,Sarah,,Half Moon Bay,37.46429,-122.4283,Entire home/apt,130,1,8,9/8/25,2.67,6,339,8,
1.43886E+18,Spacious 5BR/2BA Home near Genentech Kaiser MT,523997837,Daniel,,South San Francisco,37.65902,-122.41333,Entire home/apt,240,30,0,,,66,190,0,
1.43888E+18,Private Room Shared Bath Near Genentech Kaiser 1,523997837,Daniel,,South San Francisco,37.65688,-122.41161,Private room,58,30,1,7/24/25,0.47,66,252,1,
1.43889E+18,Private Room Shared Bath Near Genentech Kaiser 2,523997837,Daniel,,South San Francisco,37.65699,-122.41201,Private room,62,30,0,,,66,345,0,
1.43889E+18,Private Room Shared Bath Near Genentech Kaiser 4,523997837,Daniel,,South San Francisco,37.65899,-122.41223,Private room,56,30,0,,,66,243,0,
1.43889E+18,Private Room Shared Bath Near Genentech Kaiser 3,523997837,Daniel,,South San Francisco,37.65913,-122.41315,Private room,63,30,0,,,66,160,0,
1.4389E+18,PrivateRoom w/ PrivateBath Near Genentech Kaiser 5,523997837,Daniel,,South San Francisco,37.6575,-122.41182,Private room,64,30,0,,,66,179,0,
1.43949E+18,Brand New Modern Luxury Unit  | Walk to Downtown,77762646,Sumeet,,San Mateo,37.55178663,-122.3277976,Entire home/apt,286,3,6,9/19/25,2.43,1,359,6,
1.44058E+18,"Blueground | Menlo Park, view, nr Ravenswood Park",107434423,,,Menlo Park,37.4558194,-122.1815366,Entire home/apt,356,30,0,,,144,351,0,
1.44084E+18,Nice Crash pad 15 Mins to SFO,84103696,Rafael,,Daly City,37.7078996,-122.4158888,Private room,37,1,3,8/31/25,1.1,2,89,3,
1.44113E+18,Lux 2 rooms wt private bath - SF,43546317,Henry,,Daly City,37.70466,-122.43319,Private room,147,1,0,,,9,354,0,
1.44158E+18,Panoramic | Scenic Views from Hilltop 7BD/3.5BA,57058531,Yusu,,South San Francisco,37.66395053,-122.4140608,Entire home/apt,176,1,6,9/9/25,3.33,1,176,6,
1.442E+18,Guests Home Near Downtown Palo A,276523715,Karen,,East Palo Alto,37.46314,-122.13641,Entire home/apt,118,1,0,,,18,365,0,
1.44271E+18,Private Burlingame Studio,26758159,Robert,,Burlingame,37.58532563,-122.3465747,Entire home/apt,164,3,15,8/29/25,5.11,1,145,15,
1.44283E+18,PrivateRoom w/ PrivateBath Near Genentech Kaiser 5,523997837,Daniel,,South San Francisco,37.6585832,-122.4134617,Private room,84,1,1,7/2/25,0.35,66,246,1,
1.44284E+18,Private Room Shared Bath Near Genentech Kaiser 3,523997837,Daniel,,South San Francisco,37.65861076,-122.413422,Private room,55,1,0,,,66,165,0,
1.44285E+18,Private Room Shared Bath Near Genentech Kaiser 2,523997837,Daniel,,South San Francisco,37.65711659,-122.4117553,Private room,65,1,2,8/4/25,0.7,66,242,2,
1.44286E+18,Elegant & Spacious Master Room,410554145,Diana,,Unincorporated Areas,37.45210534,-122.2214441,Private room,91,3,4,8/22/25,1.69,5,364,4,
1.44287E+18,Sunlit & Spacious Room w/ Workspace & Garden View,31943449,Yingtong,,Unincorporated Areas,37.46898,-122.21032,Private room,,7,0,,,3,0,0,
1.44296E+18,Private Room Shared Bath Near Genentech Kaiser 4,523997837,Daniel,,South San Francisco,37.65688393,-122.4134585,Private room,53,1,1,6/21/25,0.31,66,248,1,
1.4436E+18,@ Marbella Lane - Natural BayView Escape |Near SFO,576581975,Wei Ming,,Colma,37.67274,-122.43766,Entire home/apt,164,2,8,9/18/25,2.5,1,309,8,
1.44397E+18,Convenient bright spacious 3BD,67935528,Lei,,East Palo Alto,37.46417,-122.12909,Private room,184,2,0,,,5,277,0,
1.44433E+18,"Cozy, Downtown Burlingame 1/1",317540106,Mk,,Burlingame,37.57827063,-122.3430317,Entire home/apt,324,28,1,7/8/25,0.37,9,269,1,
1.44448E+18,ModernHome w/AC+Laundry+Yard+BigTVs,364408482,An,,Redwood City,37.46519,-122.22816,Entire home/apt,182,2,9,9/2/25,3.6,3,30,9,
1.44453E+18,Master 2B1B Bedroom en-suite in Rich Atherton,476752304,Cong,,Atherton,37.46427,-122.20394,Private room,137,30,0,,,13,355,0,
1.44457E+18,Sillicon Valley's Luxe Heaven,468620981,Nahid,,Unincorporated Areas,37.43696,-122.20315,Entire home/apt,650,2,2,9/1/25,1.5,1,350,2,
1.44458E+18,118 - Charming 2B1B Home near Cow Palace Arena,250584391,Victor 5,,Daly City,37.70703,-122.41088,Entire home/apt,159,2,7,8/26/25,2.44,35,163,7,
1.44538E+18,Cozy Private Room #1 in the Rich Atherton,476752304,Cong,,Atherton,37.46279,-122.20546,Private room,88,30,0,,,13,87,0,
1.44564E+18,"Blueground | Downtown Menlo Park, view, nr Park",107434423,,,Menlo Park,37.4492373,-122.18239,Entire home/apt,355,30,0,,,144,97,0,
1.44575E+18,Pacifica Coastal Cottage Retreat,701871654,Richard,,Pacifica,37.6472572,-122.4810937,Entire home/apt,330,2,0,,,1,82,0,
1.44608E+18,5BR Retreat | 10 Min to SF | Games | Spa Tub | BBQ,677216657,Anna-Maria,,Daly City,37.66642804,-122.4811324,Entire home/apt,323,1,15,9/24/25,4.95,6,114,15,
1.44635E+18,"Blueground | Menlo Park, view, nr Baylands",107434423,,,Menlo Park,37.4567437,-122.1835489,Entire home/apt,,30,0,,,144,285,0,
1.44734E+18,"Elegant Studio by SFO Airport | *Free Snacks, Bike",10855640,Alexander,,Burlingame,37.5867498,-122.359665,Entire home/apt,269,2,0,,,1,173,0,
1.44735E+18,Shared Studio in Bay Area,1368144,Leon,,Unincorporated Areas,37.53111,-122.34581,Private room,191,17,0,,,1,52,0,
1.44799E+18,宁静舒适的空间｜近旧金山机场｜泳池 & SPA,416924620,Hong,,Hillsborough,37.53946,-122.34372,Private room,430,2,0,,,1,364,0,
1.44813E+18,Private room 2,540236658,Judy,,Millbrae,37.5969,-122.4004,Private room,81,1,6,9/21/25,2.12,2,269,6,
1.44873E+18,Large private master suite,670351026,Tatiana,,East Palo Alto,37.45839,-122.12544,Private room,86,1,1,9/10/25,1,5,355,1,
1.44941E+18,Mid Century Garden View Home Parking,688797080,Enrique,,San Mateo,37.5666068,-122.3009852,Entire home/apt,164,30,0,,,13,343,0,
1.44945E+18,5BR Designer Home w/ SunDeck Near Stanford & 280,31763323,Garrett,,Unincorporated Areas,37.41665,-122.18839,Entire home/apt,1007,3,6,9/20/25,2.34,5,285,6,
1.44947E+18,Charming Space Studio Near Stanford &Downtown PA,276523715,Karen,,East Palo Alto,37.46268,-122.13451,Entire home/apt,122,1,3,7/23/25,1.15,18,242,3,
1.4496E+18,322-4 Budget Friendly Private Room at Downtown SSF,250584391,Victor 5,,South San Francisco,37.65508,-122.40948,Private room,45,2,2,9/3/25,1.5,35,175,2,
1.44969E+18,New Modern Farmhouse | Near SFO/Bart/Train,26922381,Jackson,,Burlingame,37.58632,-122.38147,Entire home/apt,498,2,6,9/18/25,2.57,1,65,6,
1.45073E+18,Garden View Guesthouse,143620056,Courtney,,Redwood City,37.48421809,-122.1998226,Entire home/apt,91,28,1,8/22/25,0.86,1,255,1,
1.4508E+18,322-6 Budget Friendly Private Room at Downtown SSF,250584391,Victor 5,,South San Francisco,37.65616,-122.41156,Private room,,2,1,7/16/25,0.42,35,177,1,
1.45081E+18,322-7 Budget Friendly Private Room at Downtown SSF,250584391,Victor 5,,South San Francisco,37.65443,-122.41109,Private room,47,2,0,,,35,172,0,
1.45081E+18,322-9 Budget Friendly Private Room at Downtown SSF,250584391,Victor 5,,South San Francisco,37.65648,-122.41104,Private room,45,2,3,8/23/25,1.61,35,177,3,
1.45081E+18,322-13 Budget Friendly Private Room at DowntownSSF,250584391,Victor 5,,South San Francisco,37.6566,-122.41017,Private room,45,2,1,9/1/25,1,35,180,1,
1.45081E+18,322-14 Budget Friendly Private Room at DowntownSSF,250584391,Victor 5,,South San Francisco,37.65649,-122.41011,Private room,45,2,5,8/25/25,2.08,35,179,5,
1.4516E+18,Beautiful updated ADU. Separate Entrance,13832233,Vrushali,,Menlo Park,37.4662,-122.15592,Entire home/apt,157,3,2,9/7/25,0.97,1,354,2,
1.45389E+18,Large private master suite,408144119,Tatiana,,East Palo Alto,37.4609,-122.12682,Private room,82,1,0,,,1,349,0,
1.45528E+18,Sunny Brisbane Bungalow,172407444,Michelle,,Brisbane,37.68559204,-122.4052285,Entire home/apt,,30,0,,,1,227,0,
1.45537E+18,Cozy & Convenient In-Law 15 mins to SFO,245442039,Gene,,South San Francisco,37.66457,-122.40204,Entire home/apt,125,1,3,8/7/25,1.11,9,4,3,
1.45546E+18,YieldMax (PG) | Cozy 2B1B Home,250217039,Emily,,East Palo Alto,37.46772,-122.12948,Entire home/apt,172,2,0,,,59,324,0,
1.45547E+18,JANE'S HOME (CE) | Upgraded House+HVAC+Parking,250217039,Emily,,Redwood City,37.46702,-122.22064,Entire home/apt,132,2,5,8/24/25,3.06,59,345,5,
1.45586E+18,1725 - Modern & Cozy 2B2B at Heart of San Mateo,250584391,Victor 5,,San Mateo,37.5525,-122.31075,Entire home/apt,228,2,9,9/19/25,3.97,35,161,9,
1.4562E+18,Brand New Executive Home,595868504,Crystal,,Half Moon Bay,37.4595695,-122.4336351,Entire home/apt,321,2,8,9/21/25,4.21,1,168,8,
1.45687E+18,Aussie John's Beach Retreat,177521946,Amy,,Unincorporated Areas,37.50116,-122.46345,Entire home/apt,192,2,7,9/22/25,3.44,5,136,7,
1.45722E+18,Near Oracle HQ | Free Breakfast + Full Kitchen,432278967,Redwood,,Belmont,37.53171,-122.27164,Private room,,1,5,9/8/25,2.46,1,159,5,
1.45726E+18,Charming 2BR /Near Stanford/Meta,700791645,Hailing,,Unincorporated Areas,37.4712205,-122.2003183,Entire home/apt,243,2,2,8/19/25,1.13,1,217,2,
1.45774E+18,Spacious 5BR Coastal Retreat | 8 Beds Beach & Golf,523997837,Daniel,,Pacifica,37.63078,-122.48973,Entire home/apt,334,30,0,,,66,283,0,
1.4582E+18,Business-Ready 5BD | Fast Wi-Fi | Few Mins to HQs,256895225,Jimmy,,East Palo Alto,37.45510806,-122.1282172,Entire home/apt,225,1,4,8/31/25,2.18,4,9,4,
1.45829E+18,Luxury house in Center San Mateo,436186659,Yu Zhen,,San Mateo,37.56933,-122.30453,Entire home/apt,464,3,0,,,4,357,0,
1.4584E+18,Beautiful Single Home 1/2 block from Beach,523997837,Daniel,,Pacifica,37.63271,-122.49385,Entire home/apt,334,30,0,,,66,278,0,
1.45941E+18,King Bed | Fully Furnished | By Stanford,316641588,Jarelle,,Unincorporated Areas,37.51819,-122.3383,Entire home/apt,240,31,0,,,6,248,0,
1.46022E+18,Cozy 2BR 1Bath apartment close to Bart Station 3,515385698,Kim,,Daly City,37.70361,-122.46455,Entire home/apt,186,1,0,,,6,365,0,
1.46028E+18,Private room near SFO Airport,7618336,Chun Ni,,Burlingame,37.5870894,-122.3597254,Private room,87,1,1,7/25/25,0.48,1,364,1,
1.46035E+18,"Clean/Perfect for Travel Nurses Unit 1, Great View",678891263,Mazin,,Colma,37.68339,-122.46305,Entire home/apt,103,60,0,,,2,297,0,
1.4604E+18,Near to Beach 3Q 1B w/Parking,486928322,Yufu,,Pacifica,37.65372308,-122.4904894,Entire home/apt,84,1,7,9/10/25,3.5,6,208,7,
1.46046E+18,Wabi Way – Serene King Suite Near Stanford,490277740,Michelle,,Menlo Park,37.46281,-122.16266,Entire home/apt,201,1,7,9/14/25,3.39,5,334,7,
1.46065E+18,Charming 2bd Retreat with Hot Tub,701926709,Dan,,San Mateo,37.57923,-122.32469,Entire home/apt,278,3,2,8/4/25,0.8,1,197,2,
1.4609E+18,Hidden Valley creekside quiet,382286445,Sally,,Unincorporated Areas,37.4963675,-122.2848924,Entire home/apt,121,1,0,,,1,362,0,
1.46123E+18,Oasis Near Beach & Harbor,177521946,Amy,,Unincorporated Areas,37.5051514,-122.4753939,Entire home/apt,411,2,6,9/14/25,2.65,5,133,6,
1.46163E+18,Remodeled & centrally located.,171915964,Kathleen,,Burlingame,37.5847093,-122.3508711,Entire home/apt,650,30,0,,,1,181,0,
1.46186E+18,New! 3BR Stylish Home near San Francisco & Airport,51143884,Brendan,,Daly City,37.65331341,-122.4698073,Entire home/apt,184,2,2,7/21/25,0.8,1,177,2,
1.46207E+18,YieldMax (GU) | Private Bedroom + Free Parking - 1,250217039,Emily,,Foster City,37.56491617,-122.2570133,Private room,260,30,0,,,59,356,0,
1.46219E+18,"Blueground | Menlo Park, nr Bedwell Bayfront Park",107434423,,,Menlo Park,37.4558009,-122.1814525,Entire home/apt,298,30,0,,,144,208,0,
1.46314E+18,Chic City Nest,10685036,Holly,,Daly City,37.66972,-122.48859,Private room,82,1,1,7/23/25,0.46,1,364,1,
1.46341E+18,Charming Spanish Style Heritage Home,55430504,Yonten,,Unincorporated Areas,37.46613,-122.16805,Entire home/apt,448,3,1,9/7/25,1,4,227,1,
1.46373E+18,"Spacious 2-Bed, Pool|Free Parking",702166080,Ada,,Belmont,37.52746615,-122.2683184,Hotel room,113,1,0,,,3,315,0,
1.4647E+18,Pasture View House,42049917,Susanna,,Unincorporated Areas,37.40198435,-122.2016406,Entire home/apt,641,2,4,8/23/25,1.97,1,176,4,
1.46471E+18,Charming Studio Near Downtown PA,276523715,Karen,,East Palo Alto,37.46301,-122.13449,Entire home/apt,103,1,2,9/4/25,0.9,18,357,2,
1.46481E+18,"Cozy 3BD/2BA | close to SF, BART",240049975,Raymon,,Daly City,37.69619162,-122.4657077,Entire home/apt,117,1,3,9/8/25,2.73,3,302,3,
1.46536E+18,"Entire home in Burlingame, SFO",211757673,Tan,,Burlingame,37.58433,-122.3786,Entire home/apt,,3,2,9/2/25,1.82,3,0,2,
1.46717E+18,Cozy 1 Bedroom Apartment,479005082,Anna,,South San Francisco,37.65343,-122.41147,Entire home/apt,116,30,0,,,3,323,0,
1.4674E+18,Private Room & Bath | RWC,349105002,Ademide,,Redwood City,37.48656,-122.2318,Private room,79,5,4,9/18/25,2.67,1,142,4,
1.46804E+18,Luxurious and sunny condo in city center,36008201,Katherine,,Menlo Park,37.45406,-122.18654,Entire home/apt,,90,0,,,1,0,0,
1.4684E+18,3Q Beachfront Home w/ Panoramic Ocean Views,486928322,Yufu,,Pacifica,37.65446,-122.49253,Entire home/apt,78,1,9,9/11/25,4.74,6,175,9,
1.46842E+18,Next to Beach | 3Bd 1Ba | Great View,486928322,Yufu,,Pacifica,37.65324,-122.49358,Entire home/apt,87,1,4,8/20/25,2.55,6,214,4,
1.46856E+18,Luxury Retreat 4B5.5B Home in Hillsborough,476752304,Cong,,Hillsborough,37.56265,-122.33966,Entire home/apt,1212,60,0,,,13,365,0,
1.46906E+18,Cozy furnished room,32275673,Meng,,East Palo Alto,37.4696767,-122.140177,Private room,59,2,2,9/18/25,1.71,1,356,2,
1.4692E+18,Private Master Suite w/workplace & OutdoorSitting,77203005,Shishir,,San Mateo,37.56773286,-122.300388,Private room,88,1,25,9/22/25,11.9,1,45,25,
1.47094E+18,"Blueground | Ingold - Milldale, pool, nr Bay Park",107434423,,,Burlingame,37.6001664,-122.3784602,Entire home/apt,462,30,0,,,144,357,0,
1.47122E+18,"Coastside
Sweetspot: redwoods+ocean!
1bdr, 1bath",390213997,Laura,,Unincorporated Areas,37.31107,-122.31314,Entire home/apt,142,1,2,9/24/25,2,1,146,2,
1.47205E+18,Private Peninsula Perch & Views!,100525946,Kristi And Ian,,Belmont,37.52571,-122.28618,Entire home/apt,162,5,0,,,1,66,0,
1.47237E+18,Jane's Home (28) | 1b1b +AC near Hillsdale -2,250217039,Emily,,San Mateo,37.54013,-122.30475,Private room,122,1,1,9/6/25,1,59,333,1,
1.47323E+18,Queen Room Near Bayside Park SAN,446820235,LuxurybookingsFZE,,Burlingame,37.58884,-122.35911,Entire home/apt,204,1,0,,,36,363,0,
1.47494E+18,Luxurious Family Estate,374582644,Brittany,,Portola Valley,37.38345659,-122.231399,Entire home/apt,766,2,0,,,1,179,0,
1.47577E+18,"Townhouse sleeps 9, 7 beds, 3 full bath",69133211,Maria,,Redwood City,37.4646201,-122.2251299,Entire home/apt,252,1,1,8/19/25,0.79,10,352,1,
1.47766E+18,Spacious 2BR with Stunning Views,133755963,Lee,,Daly City,37.70723,-122.46525,Entire home/apt,100,90,0,,,1,359,0,
1.4785E+18,"Chic 3BR Near SFO | EV, Desk, Crib, Bidet, Parking",698999747,Edmund,,South San Francisco,37.66189,-122.41278,Entire home/apt,259,2,0,,,1,312,0,
1.47875E+18,The Coastal Retreat Scenic Harbor Ocean Views,415848557,Bella,,Unincorporated Areas,37.50687,-122.47714,Entire home/apt,185,1,2,9/7/25,2,5,331,2,
1.47942E+18,Newly Remodeled 3 bdrms w/ full kitchen& pano view,430216915,Jie,,Daly City,37.69323,-122.49102,Entire home/apt,196,1,2,9/13/25,1.46,2,345,2,
1.48004E+18,Bry's Back Studio,27744941,Pablo,,Redwood City,37.48503,-122.19751,Entire home/apt,74,1,0,,,2,341,0,
1.48009E+18,Bry's front studio,27744941,Pablo,,Redwood City,37.4845,-122.19897,Entire home/apt,65,1,0,,,2,230,0,
1.48053E+18,Silicon Valley Studio,681422778,Archana,,Menlo Park,37.47603,-122.15309,Private room,146,2,0,,,2,93,0,
1.48063E+18,Zen House | Japanese Inspired Sanctuary,488623131,Sean,,Hillsborough,37.5323,-122.35909,Entire home/apt,204,30,0,,,1,359,0,
1.48102E+18,"Blueground | Belmont, pool, nr Twin Pines Park",107434423,,,Belmont,37.5233023,-122.276481,Entire home/apt,319,30,0,,,144,18,0,
1.48123E+18,Opening Discount - Renovated 3b1.5b San Mateo hill,18873704,Lacey,,San Mateo,37.53058395,-122.3151013,Entire home/apt,429,1,11,9/11/25,6.47,2,330,11,
1.48132E+18,Spacy Home Near Stanford Campus,276523715,Karen,,Redwood City,37.45389,-122.23072,Entire home/apt,113,1,2,8/9/25,1.18,18,335,2,
1.48133E+18,Comfortable  bedroom,656520893,Gordana,,East Palo Alto,37.45921947,-122.1316089,Private room,69,1,3,9/23/25,3,3,365,3,
1.48154E+18,"Castle Beach Retreat | Hot Tub, Pool Table, Games",711862813,Billy,,Unincorporated Areas,37.50659,-122.46954,Entire home/apt,442,2,8,9/19/25,8,1,80,8,
1.482E+18,"Studio 6 Belmont, Ca_1 Queen Bed | Nmsk,",702166080,Ada,,Belmont,37.52613,-122.26694,Private room,107,1,0,,,3,315,0,
1.48215E+18,Cozy 1 Queen Bed|Pool|Free Parking,702166080,Ada,,Belmont,37.52543,-122.26702,Hotel room,92,1,0,,,3,307,0,
1.48229E+18,Private Guest Suite SFO 1bed/bath *free parking*,226437048,Chloe,,San Bruno,37.61206,-122.41343,Entire home/apt,67,1,2,9/2/25,2,1,182,2,
1.48336E+18,Remodeled 2bdrm1bath in-law unit,430216915,Jie,,Daly City,37.6920438,-122.492108,Entire home/apt,120,1,2,9/21/25,2,2,334,2,
1.48347E+18,Unique Big Bright Burlingame Hills Bay View Home,18019087,Greg,,Unincorporated Areas,37.57539,-122.38759,Entire home/apt,372,3,0,,,1,345,0,
1.4835E+18,Charming New Studio,55430504,Yonten,,Unincorporated Areas,37.46447,-122.16904,Entire home/apt,154,2,3,9/11/25,2.43,4,299,3,
1.48417E+18,Cozy 1BR Guest House Near SFO/SF,3191973,Ana Melissa,,South San Francisco,37.66719,-122.4089,Entire home/apt,119,30,0,,,4,271,0,
1.4843E+18,Beautiful Luxurious Coastal 4BR 2BA Home Near SF,451579964,Bella,,Daly City,37.68151916,-122.4910626,Entire home/apt,299,2,6,9/7/25,4.74,2,218,6,
1.4851E+18,Jane's Home (AV) | Priv Room w HVAC - 2,250217039,Emily,,East Palo Alto,37.46883,-122.13692,Private room,52,1,0,,,59,359,0,
1.48565E+18,Tiny house,100935130,Yan,,Unincorporated Areas,37.69374615,-122.4766518,Entire home/apt,94,1,0,,,5,360,0,
1.48583E+18,Bruno’s Place 5 mins from SFO,440703219,Shirley,,San Bruno,37.6281422,-122.4048919,Entire home/apt,328,1,8,9/14/25,6,1,305,8,
1.48633E+18,Charming views & amenities!,317540106,Mk,,Belmont,37.52373817,-122.2812985,Entire home/apt,192,3,2,9/6/25,1.54,9,304,2,
1.48702E+18,Brand new unit in Silicon Valley,5168004,Nidhi,,San Carlos,37.50561,-122.26961,Entire home/apt,174,1,1,9/18/25,1,1,167,1,
1.48738E+18,Pink House 5B2B Hidden Gem Close to the Beach,665950687,Qinglan,,Daly City,37.65662247,-122.4720724,Entire home/apt,355,1,0,,,1,361,0,
1.48781E+18,Lagoon view 2BR/2BA Condo- Ideal for Mid-term stay,20795581,Vivienne,,Redwood City,37.5304308,-122.2552345,Entire home/apt,280,30,0,,,1,365,0,
1.4884E+18,Jane's Home (RB) | Spacious & Bright 2b Home,250217039,Emily,,San Mateo,37.55576,-122.2949,Entire home/apt,203,2,1,8/29/25,1,59,355,1,
1.4884E+18,Jane's Home (RB) | Private Guest Suite w Bath+HVAC,250217039,Emily,,San Mateo,37.55776,-122.29368,Entire home/apt,85,2,0,,,59,344,0,
1.48848E+18,Ocean front house,666441004,Weidong,,Daly City,37.68886,-122.4945,Entire home/apt,199,1,1,9/21/25,1,1,365,1,
1.48854E+18,New Designed BedRoom w/ Private attached bathroom,500469429,Winry,,San Mateo,37.5713215,-122.3201186,Private room,63,30,0,,,5,365,0,
1.48866E+18,Quiet 3 bedrooms 2 1/2 baths home + parking,9080666,Sandy,,South San Francisco,37.66273,-122.41046,Entire home/apt,150,60,0,,,1,267,0,
1.48913E+18,"Spacious, modern 1br apt",21745407,Kevin,,Menlo Park,37.48402005,-122.1782644,Entire home/apt,244,2,0,,,1,270,0,
1.48947E+18,Menlo Atherton Charm,37265324,Sanket,,Menlo Park,37.47625,-122.17903,Entire home/apt,407,30,0,,,1,365,0,
1.49025E+18,"* Cozy Studio with Private Entrance, Bay Views *",5026313,Elena,,San Carlos,37.48768,-122.2831,Private room,88,7,1,9/10/25,1,1,305,1,
1.49054E+18,"Blueground | Redwood City, balcony, nr Park",107434423,,,Redwood City,37.4952175,-122.223471,Entire home/apt,385,30,0,,,144,352,0,
1.49091E+18,"2B/1Ba $300Night
私人助理服务Personal assistantService",14860718,Henry,,San Bruno,37.6131976,-122.4032257,Entire home/apt,240,1,0,,,2,363,0,
1.49138E+18,Stanford Traveler's love bay trail house &Parking,276523715,Karen,,East Palo Alto,37.47029685,-122.1334774,Entire home/apt,163,1,1,8/25/25,0.94,18,300,1,
1.49155E+18,[New] Scenery Room • Vaulted Ceiling • Patio,573191060,Lihua,,San Mateo,37.54048,-122.2888,Private room,90,1,0,,,9,29,0,
1.49249E+18,Cozy 1BR w/ Kitchenette + Bath in Prestige Area,714744507,Kiri,,San Mateo,37.55291,-122.32675,Private room,54,30,0,,,1,347,0,
1.49301E+18,[New!] Modern Room • Hillsdale Mall • Patio Access,573191060,Lihua,,San Mateo,37.53858821,-122.2886425,Private room,70,1,0,,,9,43,0,
1.49304E+18,[New!] Designer Room • Hillsdale Mall • Fireplace,573191060,Lihua,,San Mateo,37.5385,-122.28744,Private room,85,1,0,,,9,41,0,
1.4931E+18,Sunshine Garden South San Francisco,714701004,Sarah,,South San Francisco,37.66789,-122.43214,Entire home/apt,198,1,0,,,1,344,0,
1.4935E+18,Light and Clean,711916735,Lillianne,,Belmont,37.51525773,-122.2927817,Entire home/apt,452,1,0,,,1,364,0,
1.49379E+18,[New!] Stylish Room by Hillsdale Mall,573191060,Lihua,,San Mateo,37.53862,-122.28729,Private room,63,1,0,,,9,46,0,
1.49396E+18,129-2B2B w/ work space & 1 parking spot,286256082,Francis,,Daly City,37.70750854,-122.459259,Entire home/apt,128,30,0,,,1,359,0,
1.49421E+18,[New] Luxury Suite • Premium Bathroom • Patio,573191060,Lihua,,San Mateo,37.538618,-122.2888761,Private room,86,1,0,,,9,33,0,
1.49426E+18,"Ocean Breeze Beach House, Half Moon Bay",556209923,Feng,,Unincorporated Areas,37.5305,-122.51506,Entire home/apt,820,2,0,,,2,340,0,
1.49449E+18,4B2B Beach House Near Half Moon Bay,703145007,Cong,,Unincorporated Areas,37.50606226,-122.4803438,Entire home/apt,305,1,0,,,1,339,0,
1.49466E+18,Waterfront Furnished 1BR,37368898,Bashyam,,San Mateo,37.55201,-122.28536,Entire home/apt,82,30,0,,,1,207,0,
1.49503E+18,Oasis in heart of Silicon Valley,308146753,Simon,,Menlo Park,37.45696,-122.14757,Private room,103,1,2,9/24/25,2,2,335,2,
1.49528E+18,Silicon Valley Oasis of calm,308146753,Simon,,Menlo Park,37.45895,-122.1468,Private room,124,1,2,9/19/25,2,2,361,2,
1.49543E+18,Spacious & Beautiful Bed & Bath,415344526,Zulema,,San Mateo,37.52806,-122.29831,Private room,95,1,0,,,1,358,0,
1.49555E+18,"Blueground | Centennial, BBQ, nr Red Morton Park",107434423,,,Redwood City,37.4939675,-122.2396025,Entire home/apt,211,30,0,,,144,365,0,
1.49574E+18,"9Nice room near Stanford, Meta.",83197933,Huirong,,East Palo Alto,37.45751939,-122.1299168,Private room,70,4,0,,,6,248,0,
1.49583E+18,"Newly remodeled, Nice Relaxing",122143138,Enka,,East Palo Alto,37.45373,-122.12942,Entire home/apt,225,2,0,,,1,348,0,
1.49597E+18,Luxe Gem near Palo Alto/Stanford,715576740,Farah,,Menlo Park,37.45549,-122.16038,Entire home/apt,413,3,1,9/21/25,1,1,198,1,
1.49686E+18,Huge room+bath in 1800sqft house,188953734,Miriam,,Menlo Park,37.4576704,-122.1540556,Private room,57,90,0,,,1,95,0,
1.49753E+18,Distinguished Oceanfront Point Estate with Iconic,3699159,Andreia,,Unincorporated Areas,37.54357,-122.51549,Entire home/apt,1337,1,0,,,14,343,0,
1.49756E+18,Long term Rental 1/16/26-6/30/26 Portola Valley,3580127,David,,Unincorporated Areas,37.40009348,-122.1965455,Entire home/apt,354,150,0,,,2,358,0,
1.49813E+18,Coastal Charm - Oceanview Stay in Pacifica Near SF,380789183,Kris,,Pacifica,37.5909536,-122.5105991,Entire home/apt,210,31,0,,,1,312,0,
1.49825E+18,Luxury Mountain Vista Estate near San Francisco,663357793,Jinsoo,,Pacifica,37.5906163,-122.4672666,Private room,386,2,0,,,2,66,0,
1.49873E+18,1 bedroom available close to SFO Airport,716226562,Osmar,,San Bruno,37.63049,-122.41144,Private room,72,1,2,9/16/25,2,1,359,2,
1.49907E+18,Cozy Bedroom and Garage Lounge - Newly Renovated!,49130669,Ibrahim,,San Bruno,37.63604,-122.45539,Private room,67,1,3,9/21/25,3,1,342,3,
1.49933E+18,Montara Beach Hideaway – Walk to Ocean & Trails,471561176,Elias,,Unincorporated Areas,37.54186,-122.51493,Entire home/apt,199,2,3,9/21/25,3,1,336,3,
1.49948E+18,"Private Room Near Stanford, Meta & CalTrain Access",453872432,Darlene,,Redwood City,37.48334,-122.19851,Private room,25,28,1,9/18/25,1,1,267,1,
1.50099E+18,Oceanfront Escape: our Perfect Pacifica Getaway,9698731,Saroj,,Pacifica,37.631,-122.47725,Private room,136,14,0,,,1,364,0,
1.50107E+18,Jane's Home (MI) | Relaxing Retreat w/ Deck & View,250217039,Emily,,Millbrae,37.59257,-122.40166,Entire home/apt,224,3,0,,,59,347,0,
1.50187E+18,Charming Studio Near Downtown Palo alto & Stanford,276523715,Karen,,East Palo Alto,37.46116,-122.13465,Entire home/apt,105,1,0,,,18,362,0,
1.50205E+18,"Blueground | Edgewood Park, pool, nr Sequoia Park",107434423,,,Redwood City,37.4889691,-122.2430102,Entire home/apt,323,30,0,,,144,365,0,
1.50248E+18,Spacious 2-Bed Queen|Pool|Free WiFi,709308486,Yamilet,,Belmont,37.52528,-122.26824,Hotel room,118,1,0,,,2,314,0,
1.50248E+18,Cozy ADA Queen Bed|Pool|Free Wifi,709308486,Yamilet,,Belmont,37.52571,-122.26687,Entire home/apt,85,1,0,,,2,312,0,
1.5025E+18,Jane's Home (WS) | 2-Area Suite:Lounge+2 Queen Bed,250217039,Emily,,East Palo Alto,37.45827,-122.12698,Private room,143,1,0,,,59,350,0,
1.50255E+18,Cozy Studio w/ Kitchen + Laundry | Self Check-in,140639451,Diana,,San Mateo,37.57958,-122.31927,Entire home/apt,133,1,0,,,1,359,0,
1.50281E+18,"Blueground | Lyon Hoag, rooftop, nr Bayfront Park",107434423,,,Burlingame,37.5788267,-122.3407319,Entire home/apt,523,30,0,,,144,260,0,
1.50293E+18,Cozy 2-bed Queen Room|Pool|Free Wifi,706644313,Yessica,,Belmont,37.52532368,-122.26663,Hotel room,92,1,0,,,1,314,0,
1.50386E+18,2b Sandhill | Stanford | Pool | BBQ | Gym | Nature,86658575,Diana,,Menlo Park,37.42580373,-122.2000626,Entire home/apt,320,1,0,,,10,314,0,
1.5041E+18,Cozy ADA Queen Bed|Pool|Free WiFi,674118442,Jan,,Belmont,37.52744887,-122.2689597,Hotel room,106,1,0,,,1,285,0,
1.50474E+18,Pink House 5B2B Hidden Gem Nearby Ocean,476752304,Cong,,Daly City,37.65496,-122.47239,Entire home/apt,294,1,0,,,13,365,0,
1.50524E+18,"Close to Stanford, Meta and the Levi’s Stadium",11584410,Wasif,,Unincorporated Areas,37.47496851,-122.1984401,Entire home/apt,693,1,0,,,1,365,0,
1.50546E+18,Historic cabin Redwood Forest near Pescadero,16338882,Judy,,Unincorporated Areas,37.22922051,-122.3276385,Entire home/apt,566,7,0,,,1,358,0,
1.50547E+18,Private Entry Suite | Easy Access to SF/SFO,18148418,Sam,,Daly City,37.69079,-122.49409,Private room,63,2,2,9/18/25,2,1,337,2,
1.50557E+18,Studio serenity!,717866415,Margie,,Menlo Park,37.4846865,-122.1778869,Entire home/apt,265,3,0,,,1,345,0,
1.5059E+18,Next to Beach | 3Bd 1Ba | Great View,486928322,Yufu,,Pacifica,37.6514941,-122.4923684,Entire home/apt,80,1,0,,,6,349,0,
1.50614E+18,"Gorgeous Basement Apartment, 5 Mins from Stanford!",21471943,Pamela,,Menlo Park,37.4512,-122.18956,Entire home/apt,1214,1,0,,,1,365,0,
1.50625E+18,Charming 4BR/2Bth Home Coastal Getaway in Pacifica,688797080,Enrique,,Pacifica,37.64649,-122.48057,Entire home/apt,547,1,0,,,13,360,0,
1.50633E+18,Comfortable Private Quiet 2Beds1Bath near Westlake,467163507,Karen,,Unincorporated Areas,37.6942744,-122.4834306,Entire home/apt,112,30,0,,,4,303,0,
1.50682E+18,Studio w/ full kitchen,50244547,Silvestre,,East Palo Alto,37.469,-122.15333,Entire home/apt,121,2,0,,,2,363,0,
1.50705E+18,"Blueground | Foster City, pool, nr Lagoon Park",107434423,,,Foster City,37.534949,-122.2718596,Entire home/apt,303,30,0,,,144,203,0,
1.50767E+18,Beautiful Designer Home Btw Palo Alto/Menlo Park,207860108,Stephanie,,Unincorporated Areas,37.47801,-122.20135,Entire home/apt,140,31,0,,,2,157,0,
1.50775E+18,Luxury Designer Home Btw Palo Alto/Menlo Park,207860108,Stephanie,,Unincorporated Areas,37.47985,-122.20159,Entire home/apt,159,31,0,,,2,149,0,
1.50814E+18,Charming 1B/1B Near Stanford&Downtown Redwood City,276523715,Karen,,Redwood City,37.48131,-122.21471,Entire home/apt,132,1,0,,,18,352,0,
1.50968E+18,Close to Silicon Valley and San Francisco,36469265,Joel,,Brisbane,37.68365465,-122.4045101,Private room,80,31,0,,,2,365,0,
1.5097E+18,Close to San Francisco and Silicon Valley,36469265,Joel,,Brisbane,37.68422,-122.4053,Private room,75,31,0,,,2,365,0,
1.51119E+18,San Francisco Dream Home! Parking | Games | SFO,677216657,Anna-Maria,,Daly City,37.70481628,-122.450825,Entire home/apt,418,1,0,,,6,2,0,
1.51158E+18,"Blueground | Ingold - Milldale, pool, nr Park",107434423,,,Burlingame,37.6001664,-122.3784602,Entire home/apt,329,30,0,,,144,365,0,
1.51176E+18,"Sleek townhouse sleeps 9, 3 ba, private garage",273625371,Masha,,Redwood City,37.46469,-122.22404,Entire home/apt,377,1,0,,,1,348,0,
1.51178E+18,Casa Cozy,719362323,Armando,,Daly City,37.6720618,-122.4869019,Private room,113,1,0,,,1,365,0,
1.51179E+18,Charming 2BR Coastal Getaway in Pacifica,523997837,Daniel,,Pacifica,37.64568,-122.4796,Entire home/apt,212,30,0,,,66,352,0,
1.51183E+18,"""Great Stay"" 4BDR Menlo Park Home with A/C",186664939,Biren,,Unincorporated Areas,37.47561,-122.20008,Entire home/apt,255,1,0,,,2,25,0,
1.51185E+18,Tranquil 2BR with Coastal and Mountain Views,523997837,Daniel,,Pacifica,37.64744,-122.48159,Entire home/apt,137,30,0,,,66,357,0,
1.51195E+18,Chic Private Studio SFO in San Francisco w Parking,683192095,Jessie,,Daly City,37.7064,-122.45236,Entire home/apt,112,3,0,,,1,365,0,
1.51198E+18,Elegant Burlingame Home in Upscale Neighborhood,270587799,Terrenz,,Burlingame,37.5854177,-122.3789023,Entire home/apt,222,3,0,,,2,37,0,
1.51228E+18,"Blueground | Foster City, pool, nr Bay Trail",107434423,,,Foster City,37.5348554,-122.2705398,Entire home/apt,325,30,0,,,144,344,0,
1.51229E+18,"Blueground | Menlo Park, view, nr Menlo Park Park",107434423,,,Menlo Park,37.4567437,-122.1835489,Entire home/apt,407,30,0,,,144,317,0,
1.5125E+18,YieldMax (GU) | Private Bedroom + Free Parking - 2,250217039,Emily,,Foster City,37.56491,-122.25738,Private room,322,30,0,,,59,227,0,
1.51258E+18,@Marbella Lane-Oceanfront Retreat w/ Stunning View,210837437,Marbella,,Pacifica,37.6380995,-122.4940582,Entire home/apt,1161,2,0,,,11,359,0,
1.5127E+18,Hidden Gem Near the Ocean for Family Vacation!,476752304,Cong,,Unincorporated Areas,37.50534524,-122.4791581,Entire home/apt,376,1,0,,,13,352,0,
1.51352E+18,Hidden Gem House Menlo Park/Atherton/Palo Alto,476752304,Cong,,Unincorporated Areas,37.47160317,-122.2030022,Entire home/apt,292,2,0,,,13,365,0,
1.51371E+18,Relaxing Stay | Courtyard Views & Free Parking,699580416,Aishat,,Pacifica,37.61017,-122.49636,Hotel room,50000,1,0,,,21,320,0,
1.51371E+18,Scenic Cove Getaway Near Gray Whale Cove Beach,699580416,Aishat,,Pacifica,37.61017,-122.49636,Hotel room,50000,1,0,,,21,300,0,
1.51371E+18,Convenient Studio Getaway w/ Outdoor Pool,699580416,Aishat,,Pacifica,37.61017,-122.49636,Hotel room,50000,1,0,,,21,319,0,
1.51371E+18,Ocean View Stay w/ Free Parking | Near Mori Point,699580416,Aishat,,Pacifica,37.61017,-122.49636,Hotel room,50000,1,0,,,21,279,0,
1.51371E+18,Peaceful Stay Near Mori Point w/ Outdoor Pool,699580416,Aishat,,Pacifica,37.61017,-122.49636,Hotel room,50000,1,0,,,21,0,0,
1.51371E+18,Skyline Escape Near Mori Point w/ Outdoor Pool,699580416,Aishat,,Pacifica,37.61017,-122.49636,Hotel room,50000,1,0,,,21,320,0,
1.51371E+18,Relaxing Stay Near Gray Whale Cove Beach,699580416,Aishat,,Pacifica,37.61017,-122.49636,Hotel room,50000,1,0,,,21,321,0,
1.51371E+18,Cove View Room | Outdoor Pool & Beach Access,699580416,Aishat,,Pacifica,37.61017,-122.49636,Hotel room,50000,1,0,,,21,300,0,
1.51371E+18,Lighthouse Hotel l King Room l Courtyard View,699580416,Aishat,,Pacifica,37.61017,-122.49636,Hotel room,50000,1,0,,,21,320,0,
1.51371E+18,Skyline View | Walk to Mori Point | Free Parking,699580416,Aishat,,Pacifica,37.61017,-122.49636,Hotel room,50000,1,0,,,21,320,0,
1.51371E+18,King Cove View l Lighthouse Hotel l Oceanfront,699580416,Aishat,,Pacifica,37.61017,-122.49636,Hotel room,50000,1,0,,,21,300,0,
1.51371E+18,Lighthouse Hotel l King Jr. l Free Parking,699580416,Aishat,,Pacifica,37.61017,-122.49636,Hotel room,50000,1,0,,,21,319,0,
1.51371E+18,Jr. Suite | Ocean View l Lighthouse Hotel,699580416,Aishat,,Pacifica,37.61017,-122.49636,Hotel room,50000,1,0,,,21,279,0,
1.51371E+18,King Room l Lighthouse Hotel l Coastal Retreat,699580416,Aishat,,Pacifica,37.61017,-122.49636,Hotel room,50000,1,0,,,21,0,0,
1.51371E+18,King Skyline l Lighthouse Hotel l Bay Views,699580416,Aishat,,Pacifica,37.61017,-122.49636,Hotel room,50000,1,0,,,21,320,0,
1.51371E+18,Lighthouse Hotel l 2 Queen l Courtyard Views,699580416,Aishat,,Pacifica,37.61017,-122.49636,Hotel room,50000,1,0,,,21,321,0,
1.51371E+18,2 Queen Skyline l Lighthouse Hotel l Bay Views,699580416,Aishat,,Pacifica,37.61017,-122.49636,Hotel room,50000,1,0,,,21,320,0,
1.51371E+18,2 Queen Cove View l Lighthouse l Oceanfront,699580416,Aishat,,Pacifica,37.61017,-122.49636,Hotel room,50000,1,0,,,21,300,0,
1.51371E+18,2 Queen Rooms | Lighthouse | Beach Access,699580416,Aishat,,Pacifica,37.61017,-122.49636,Hotel room,50000,1,0,,,21,320,0,
1.51371E+18,2 Skyline View Rooms | Free Parking & Beach Access,501999278,RoomPicks,,Pacifica,37.61017,-122.49636,Hotel room,50000,1,0,,,24,320,0,
1.51371E+18,2 Queen Rooms | Stay w/ Pool & Free Parking,699580416,Aishat,,Pacifica,37.61017,-122.49636,Hotel room,50000,1,0,,,21,320,0,
1.51371E+18,2 Courtyard View Rooms | Lighthouse | Free Parking,699580416,Aishat,,Pacifica,37.61017,-122.49636,Hotel room,50000,1,0,,,21,320,0,
1.51374E+18,"Blueground | Centennial, BBQ, nr Red Morton Park",107434423,,,Redwood City,37.49397,-122.2396248,Entire home/apt,459,30,0,,,144,365,0,
1.51392E+18,5B3B Hidden Gem near Stanford/Palo Alto/Meta,476752304,Cong,,Unincorporated Areas,37.47349,-122.21567,Entire home/apt,368,10,0,,,13,348,0,
1.51536E+18,Cozy Hillside 1BD/1BA,240049975,Raymon,,Daly City,37.69498595,-122.4644938,Entire home/apt,60,1,0,,,3,89,0,
1.5154E+18,Quaint Apartment & King Bed Near Burlingame,151838706,Alaina,,San Mateo,37.58691,-122.33354,Entire home/apt,170,31,0,,,4,349,0,
1.51541E+18,Inviting Apartment & King Bed Near Burlingame,151838706,Alaina,,Burlingame,37.58509,-122.33375,Entire home/apt,194,31,0,,,4,348,0,
1.51676E+18,Jane's Home (V2) | Upgraded Cottage w Garage +HVAC,250217039,Emily,,Redwood City,37.48129617,-122.2290393,Entire home/apt,146,2,0,,,59,233,0,
1.51684E+18,"Blueground | Edgewood Park, pool, nr Edgewood Park",107434423,,,Redwood City,37.4889691,-122.2430102,Entire home/apt,427,30,0,,,144,348,0,
1.51684E+18,"Private room in Belmont, San Mateo",376382380,Oyin,,Belmont,37.5118693,-122.3049052,Private room,65,1,0,,,1,345,0,
1.51699E+18,Room with a view in Silicon Valley,386628854,Katherine,,Redwood City,37.47475013,-122.2417294,Private room,92,1,0,,,1,365,0,
